# Blender v2.75 (sub 0) OBJ File: ''
# www.blender.org
mtllib gryzzly.mtl
o BearGrizzly_Adult_F_mesh.001
v 0.370012 1.986072 1.742389
v 0.386054 1.950740 1.718119
v 0.397122 1.952496 1.688479
v 0.371094 1.899489 1.711211
v 0.294825 1.983619 1.794381
v 0.330109 1.998361 1.769657
v 0.317505 1.955848 1.758733
v 0.359318 1.833839 1.620332
v 0.362292 1.880441 1.646343
v 0.354926 1.827715 1.687694
v 0.334422 1.951595 1.733599
v 0.257770 1.941197 1.792312
v 0.297977 1.933620 1.769813
v 0.337610 1.591162 -0.970963
v 0.311674 1.421835 -1.104395
v 0.224812 1.684199 -0.980587
v 0.436499 1.471530 -0.950899
v 0.328343 1.924740 1.727484
v 0.124257 1.582951 -1.089895
v 0.340120 1.847091 1.713145
v 0.315983 1.909752 1.737124
v 0.302359 1.935961 1.742014
v 0.046580 1.569510 -1.089309
v 0.046576 1.461770 -1.132478
v 0.046535 1.480991 -1.150621
v 0.000000 1.441501 -1.114845
v 0.061563 1.358026 -1.149390
v 0.307524 1.888827 1.769069
v 0.055364 1.359311 -1.185943
v 0.373844 2.006763 1.715614
v 0.339890 2.001486 1.675939
v 0.299732 2.011420 1.730039
v 0.229094 1.104303 -1.118188
v 0.397331 1.135773 -1.075166
v 0.414279 0.977749 -1.019893
v 0.249948 0.957481 -1.068365
v 0.291340 1.976347 1.648209
v 0.245373 1.993445 1.716388
v 0.396865 0.853212 -0.958731
v 0.252987 0.826516 -1.022424
v 0.369197 1.948005 1.648007
v 0.348727 1.908533 1.611294
v 0.418592 0.572987 -0.804013
v 0.398957 0.352931 -0.751472
v 0.320360 0.315266 -0.838529
v 0.389565 0.243494 -0.723634
v 0.344887 0.190369 -0.776423
v 0.561173 1.278398 0.206753
v 0.558920 1.340052 -0.003675
v 0.523062 1.513628 0.001778
v 0.525985 1.453754 0.210855
v 0.000000 0.915629 0.945488
v 0.084738 0.942523 0.988159
v 0.166135 1.089875 1.206579
v 0.423635 1.717503 -0.006273
v 0.000000 0.963336 1.212687
v 0.438454 1.647639 0.204011
v 0.270325 1.875113 -0.009624
v 0.000000 1.083089 1.443998
v 0.285782 1.829045 0.181371
v 0.136403 1.945511 -0.017624
v 0.145433 1.914381 0.166676
v 0.123191 0.836229 0.583770
v 0.127095 0.927055 0.751942
v 0.000000 1.974939 -0.014083
v 0.000000 1.944242 0.171360
v 0.268152 0.918572 1.212683
v 0.280962 1.132606 1.219407
v 0.000000 0.751254 0.259615
v 0.000000 0.699995 0.042216
v 0.160360 0.749884 0.054476
v 0.170189 0.816109 0.279273
v 0.153985 0.875439 1.184402
v 0.107883 0.902985 0.984190
v 0.129362 0.791915 0.988126
v 0.479355 1.438409 -0.234885
v 0.159861 0.584469 0.911937
v 0.449010 1.594959 -0.274011
v 0.284704 0.769286 0.615100
v 0.144508 0.847559 0.766726
v 0.384423 1.777514 -0.285584
v 0.160853 0.769279 0.782313
v 0.249598 1.902284 -0.294817
v 0.194784 0.571026 0.748989
v 0.122369 1.973095 -0.301890
v 0.083797 1.414698 2.179726
v 0.062982 1.415725 2.246118
v 0.000000 1.420596 2.229639
v 0.221919 1.340460 1.437772
v 0.264405 1.389565 1.584169
v 0.000000 2.009470 -0.302652
v 0.000000 0.671460 -0.256779
v 0.113564 0.696709 -0.253443
v 0.000000 1.419100 2.168447
v 0.382615 1.716518 -0.557576
v 0.231793 1.883744 -0.572093
v 0.118265 1.718813 2.077351
v 0.094886 1.693384 2.086406
v 0.119291 1.942260 -0.574943
v 0.000000 1.967882 -0.576816
v 0.384366 1.663486 -0.780588
v 0.229465 1.787750 -0.815982
v 0.129938 1.979471 1.787319
v 0.062440 2.003850 1.647469
v 0.076425 1.836771 -0.811382
v 0.000000 1.852447 -0.817998
v 0.000000 1.997466 1.646095
v 0.246734 1.890904 1.859017
v 0.188399 1.971541 1.771020
v 0.354928 1.564718 1.824913
v 0.284555 1.418903 1.826130
v 0.285766 1.415513 1.721220
v 0.363156 1.709654 1.819671
v 0.367616 1.782403 1.718611
v 0.115160 1.724103 -0.974741
v 0.106043 1.404256 2.113993
v 0.080336 1.361679 2.164538
v 0.057336 1.361139 2.233097
v 0.055166 1.342747 2.223206
v 0.029344 1.357886 2.264774
v 0.147618 1.316512 1.826429
v 0.156317 1.303999 1.733049
v 0.123075 1.689470 2.062079
v 0.137805 1.687954 2.052205
v 0.139419 1.698488 2.063077
v 0.025961 1.576723 -1.106790
v 0.000000 1.481927 -1.179405
v 0.000000 1.578674 -1.126283
v 0.156580 1.706342 2.035155
v 0.144973 1.714610 2.058735
v 0.056274 1.125150 -1.168414
v 0.000000 1.113011 -1.151464
v 0.000000 1.087374 -1.177374
v 0.058182 1.119334 -1.198187
v 0.000000 1.102329 -1.215250
v 0.000000 1.734521 -0.992937
v 0.150692 1.695189 2.042251
v 0.000000 1.335456 -1.138143
v 0.000000 1.344575 -1.207111
v 0.000000 1.185385 -1.136253
v 0.068278 1.201022 -1.152401
v 0.203163 0.107016 -0.443358
v 0.260230 0.138340 -0.479051
v 0.178408 0.115249 -0.526542
v 0.060481 1.193179 -1.192460
v 0.161064 0.115910 -0.617823
v 0.176692 0.061125 -0.654906
v 0.000000 1.170588 -1.221597
v 0.027813 1.729394 -0.987801
v 0.433421 0.030290 -0.277988
v 0.431784 0.022323 -0.281236
v 0.438579 0.012736 -0.269750
v 0.219878 0.014208 -0.710858
v 0.214341 0.056376 -0.736108
v 0.558280 1.268058 -0.515359
v 0.549547 1.277839 -0.279731
v 0.536576 1.044756 -0.315013
v 0.431144 0.042579 -0.291284
v 0.586663 1.083471 -0.513720
v 0.438730 0.020440 -0.283255
v 0.544176 1.254537 -0.685010
v 0.565159 1.102011 -0.664869
v 0.499101 1.205374 -0.878670
v 0.519005 1.060214 -0.835778
v 0.443647 0.055934 -0.306190
v 0.487391 0.834574 -0.340860
v 0.559449 0.915922 -0.528901
v 0.552470 0.934451 -0.663045
v 0.505590 0.910554 -0.811323
v 0.000000 0.932935 -1.007339
v 0.000000 1.037907 -1.072289
v 0.100761 1.058519 -1.091305
v 0.079727 0.967625 -1.002259
v 0.000000 1.222795 -1.127913
v 0.058577 1.237877 -1.147402
v 0.086515 1.112158 -1.119051
v 0.000000 1.090215 -1.111586
v 0.175713 1.333723 -1.140352
v 0.209621 1.200241 -1.128191
v 0.116348 0.936157 -1.044816
v 0.123562 0.829260 -0.988100
v 0.000000 0.749903 -0.611029
v 0.000000 0.849287 -0.932897
v 0.072095 0.880153 -0.912475
v 0.057196 0.778183 -0.590259
v 0.324205 0.000763 -0.360273
v 0.325238 0.002120 -0.299075
v 0.497990 0.739689 -0.528845
v 0.498777 0.762113 -0.659161
v 0.453913 0.748181 -0.794935
v 0.196337 0.037401 -0.255590
v 0.190662 0.024952 -0.264574
v 0.199307 0.002217 -0.249283
v 0.444284 0.670453 -0.391541
v 0.195898 0.053737 -0.274842
v 0.240673 0.693173 -0.964466
v 0.182207 0.017590 -0.297246
v 0.213819 0.021470 -0.287106
v 0.202545 0.021751 -0.261464
v 0.162252 0.688344 -0.939493
v 0.107448 0.696271 -0.839038
v 0.089007 0.636416 -0.587217
v 0.347130 0.721774 -0.294561
v 0.225295 0.735651 -0.216373
v 0.190471 0.680776 -0.326871
v 0.174161 0.573577 -0.386359
v 0.297917 0.098742 -0.799567
v 0.224360 0.211466 -0.820602
v 0.157960 0.186517 -0.624414
v 0.000000 0.682477 -0.377225
v 0.075863 0.691976 -0.380428
v 0.184612 0.266490 -0.532767
v 0.256373 0.177419 -0.499997
v 0.434418 0.570138 -0.544460
v 0.443202 0.580737 -0.668801
v 0.287271 0.164610 0.835885
v 0.401437 0.368521 0.771039
v 0.164972 0.247783 1.163074
v 0.133382 0.229693 1.086304
v 0.384389 0.530276 -0.434806
v 0.143944 0.404349 0.978587
v 0.202119 0.539426 -0.942197
v 0.123370 0.536066 -0.822053
v 0.117776 0.507853 -0.600177
v 0.356564 1.567935 1.715943
v 0.354514 1.549883 1.563571
v 0.398816 1.739327 1.543714
v 0.397408 0.409093 -0.567831
v 0.418461 0.382306 -0.666188
v 0.465217 0.949688 0.243408
v 0.375959 0.851070 0.037594
v 0.501779 0.975473 0.005294
v 0.378584 0.845612 -0.209654
v 0.284776 0.490330 -0.393766
v 0.276433 0.391048 -0.443981
v 0.356791 0.409730 -0.471189
v 0.363340 0.715654 -0.912300
v 0.253420 0.628193 -1.065197
v 0.264615 0.758161 -1.134077
v 0.194185 0.332378 -0.858655
v 0.130951 0.346074 -0.750834
v 0.243620 0.483673 -1.021239
v 0.134867 0.356667 -0.622592
v 0.261902 0.304499 -0.922498
v 0.189081 0.362802 -0.504493
v 0.168890 1.344123 -1.199024
v 0.117788 1.436736 -1.170266
v 0.416797 0.273315 -0.579059
v 0.412919 0.265820 -0.635156
v 0.379913 0.265497 -0.505087
v 0.224441 0.687268 0.282925
v 0.215680 0.603371 0.037729
v 0.163518 0.218613 -0.715953
v 0.153974 0.263699 -0.611962
v 0.000000 0.809359 0.540202
v 0.375404 0.571960 0.665055
v 0.000000 0.870295 0.727637
v 0.506838 1.231893 0.814785
v 0.466471 1.426980 0.788562
v 0.461554 1.484897 0.937379
v 0.149979 -0.000462 1.454707
v 0.221848 -0.012351 1.427755
v 0.179065 -0.004421 1.481039
v 0.490926 1.250847 0.972748
v 0.436202 1.627333 0.776490
v 0.446411 1.655411 0.931754
v 0.404729 1.542784 1.081099
v 0.412140 1.376386 1.134946
v 0.409768 1.680435 1.058262
v 0.374714 1.845046 0.905585
v 0.282703 1.999073 0.853497
v 0.264390 1.982114 1.005667
v 0.365641 1.867354 1.032326
v 0.253109 0.040135 1.587559
v 0.261467 0.022456 1.585499
v 0.145392 2.080953 0.823011
v 0.125548 2.047179 0.983102
v 0.277453 0.071781 1.490415
v 0.270389 0.061862 1.528408
v 0.001631 2.106396 0.826275
v 0.001429 2.076795 0.998956
v 0.000000 2.076836 0.997243
v 0.204897 0.069725 1.473595
v 0.234630 0.025443 1.530081
v 0.223835 0.067374 1.519144
v 0.251325 0.061864 1.546147
v 0.264390 1.917009 0.628270
v 0.275224 1.957837 0.727119
v 0.382465 1.797387 0.777798
v 0.299593 0.023457 1.534279
v 0.372205 1.760750 0.713774
v 0.336309 0.058264 1.534688
v 0.291508 0.063917 1.527110
v 0.147746 2.008833 0.591795
v 0.142554 2.054167 0.690758
v 0.312923 0.056371 1.550539
v 0.312256 0.034853 1.600032
v 0.301217 0.023445 1.593609
v 0.000721 2.086249 0.691418
v 0.000000 2.106114 0.826239
v 0.000000 2.086222 0.692067
v 0.000000 2.086087 0.691415
v 0.344683 0.065362 1.496267
v 0.241741 0.027242 1.583065
v 0.254530 -0.000819 1.609249
v 0.251513 1.965666 1.176174
v 0.333579 1.879199 1.187348
v 0.101368 2.018262 1.161694
v 0.359528 0.018813 1.528902
v 0.352996 0.055911 1.524051
v 0.427807 -0.007133 1.473004
v 0.385081 -0.013686 1.435119
v 0.447601 -0.006855 1.407102
v 0.380346 1.715269 1.180213
v 0.348903 1.422501 1.202111
v 0.380992 1.586858 1.167103
v 0.368629 1.657405 1.383302
v 0.444894 0.043573 1.489318
v 0.431068 0.039101 1.507592
v 0.327402 1.505677 1.382268
v 0.357844 1.791823 1.379236
v 0.438656 0.009634 1.523247
v 0.432096 0.023170 1.530597
v 0.205232 1.970989 1.398251
v 0.296307 1.905741 1.388053
v 0.221114 0.042853 0.996676
v 0.289978 0.034624 0.938893
v 0.089911 1.996977 1.405783
v 0.000000 1.999020 1.403111
v 0.355845 -0.003290 1.015352
v 0.373198 0.039695 0.991530
v 0.201766 0.087590 1.000094
v 0.250929 1.260132 1.273209
v 0.432722 -0.006547 1.550561
v 0.494973 1.082547 0.595899
v 0.456288 1.089877 0.559856
v 0.459138 1.297557 0.541104
v 0.493676 1.003127 1.021008
v 0.531402 1.001443 0.861252
v 0.462435 0.780951 1.030645
v 0.515146 0.770804 0.859028
v 0.300025 -0.017134 1.231031
v 0.277700 1.215663 1.194137
v 0.387137 1.222974 1.161125
v 0.455523 -0.007299 1.212973
v 0.462290 -0.007188 1.306346
v 0.378547 0.957875 1.156358
v 0.249693 0.319954 0.693508
v 0.439805 0.616911 1.021365
v 0.467374 0.589352 0.862253
v 0.264885 0.131319 0.813567
v 0.438047 0.426600 1.091855
v 0.472053 0.392815 0.962738
v 0.227310 0.000370 -0.377277
v 0.265942 0.002999 -0.304553
v 0.277388 0.634010 1.152204
v 0.260863 0.455194 1.153781
v 0.349046 0.455069 1.165093
v 0.364677 0.628606 1.133496
v 0.436966 0.566135 0.723942
v 0.312749 0.013751 -0.747651
v 0.367405 0.014895 -0.734178
v 0.316380 -0.002589 -0.554624
v 0.475482 0.762481 0.707298
v 0.259237 0.013212 -0.742808
v 0.000000 1.158303 1.699864
v 0.000000 1.060133 1.599877
v 0.159799 0.074055 -0.461506
v 0.194111 0.757417 1.143487
v 0.361192 1.393843 1.143718
v 0.453940 0.004257 1.450405
v 0.359299 1.872350 1.539744
v 0.153075 1.999342 1.652205
v 0.261122 1.953986 1.580954
v 0.180693 0.010582 1.102769
v 0.134720 0.008094 1.222565
v 0.134242 0.060579 1.190382
v 0.035515 1.593305 2.286841
v 0.040077 1.610119 2.249482
v 0.000000 1.620407 2.273358
v 0.000000 1.597672 2.314256
v 0.096672 1.484014 2.214854
v 0.108653 1.497281 2.179427
v 0.084845 1.560267 2.207772
v 0.078810 1.547533 2.236427
v 0.036077 1.688904 2.147722
v 0.032766 1.719864 2.115697
v 0.000000 1.718443 2.123646
v 0.000000 1.688768 2.164231
v 0.000000 1.666130 2.198433
v 0.039445 1.663571 2.175695
v 0.040848 1.636913 2.208286
v 0.000000 1.645899 2.236013
v 0.097449 1.604798 2.086231
v 0.107821 1.558590 2.116096
v 0.128057 1.504365 2.069720
v 0.143336 1.562801 2.047767
v 0.112133 1.647099 2.056105
v 0.089970 1.658014 2.082601
v 0.069177 1.702057 2.107164
v 0.069542 1.652728 2.125665
v 0.085767 1.614469 2.148305
v 0.114835 1.523287 2.149534
v 0.089869 1.583593 2.179371
v 0.117832 1.471583 2.101259
v 0.060365 1.579899 2.262517
v 0.067346 1.594321 2.229559
v 0.063829 1.650253 2.162934
v 0.053979 1.683615 2.138228
v 0.052382 1.715779 2.111497
v 0.068540 1.620060 2.194667
v 0.119833 1.678671 2.066459
v 0.138308 1.651324 2.047355
v 0.140269 1.679038 2.052788
v 0.164838 1.672100 2.036551
v 0.154345 1.688120 2.045493
v 0.032502 1.574879 2.342907
v 0.057550 1.560839 2.314584
v 0.077680 1.534197 2.269474
v 0.072183 1.476512 2.259274
v 0.031324 1.751606 2.106558
v 0.000000 1.750289 2.113234
v 0.081806 1.743911 2.091833
v 0.055272 1.749157 2.098765
v 0.106891 1.738876 2.088886
v 0.130262 1.737338 2.084949
v 0.147000 1.721940 2.061376
v 0.154068 1.737696 2.067508
v 0.164891 1.708204 2.025856
v 0.178060 1.730170 2.032755
v 0.107566 1.835558 2.042615
v 0.146874 1.829534 2.024858
v 0.140875 1.841189 1.997964
v 0.100893 1.847903 2.027483
v 0.170455 1.809558 2.007995
v 0.168723 1.818454 1.982652
v 0.186585 1.774207 1.997543
v 0.197265 1.776705 1.972581
v 0.191661 1.735098 1.995111
v 0.200615 1.735210 1.979492
v 0.179698 1.703407 2.008644
v 0.185150 1.723524 2.008204
v 0.195518 1.698332 1.991606
v 0.114551 1.887011 1.953490
v 0.182423 1.861056 1.943300
v 0.220035 1.817485 1.931804
v 0.057922 1.828062 2.055801
v 0.067897 1.810427 2.070689
v 0.030003 1.816442 2.069184
v 0.049707 1.888446 1.990512
v 0.000000 1.876937 1.992691
v 0.000000 1.819214 2.069319
v 0.108716 1.801116 2.068456
v 0.084415 1.789160 2.075333
v 0.142338 1.802995 2.061662
v 0.167260 1.795309 2.036898
v 0.189589 1.765578 2.018072
v 0.162786 1.610441 2.036202
v 0.182129 1.649299 2.014972
v 0.279080 1.652967 1.925667
v 0.273356 1.554883 1.931137
v 0.251058 1.744926 1.929984
v 0.302446 1.811117 1.835275
v 0.188906 1.932759 1.864911
v 0.124329 1.949394 1.870419
v 0.051453 1.952635 1.885505
v 0.000000 1.939425 1.883515
v 0.128553 1.482676 2.038227
v 0.223607 1.435521 1.920197
v 0.215949 1.739740 1.964840
v 0.221756 1.693030 1.965240
v 0.209166 1.595279 2.009954
v 0.219791 1.647487 1.985010
v 0.195887 1.548507 2.013557
v 0.173783 1.487578 2.005765
v 0.024789 1.343955 2.261518
v 0.115137 1.438478 2.079113
v 0.065820 1.345471 2.160190
v 0.080973 1.371664 2.101797
v 0.047803 1.329410 2.212693
v 0.023085 1.326009 2.241659
v 0.000000 1.345388 2.267797
v 0.000000 1.324308 2.246491
v 0.000000 1.327032 2.154963
v 0.000000 1.343475 2.092044
v 0.000000 1.316999 2.202294
v 0.000000 1.318649 2.219570
v 0.086207 1.382519 2.048851
v 0.000000 1.345085 2.048616
v 0.000000 1.329212 1.999487
v 0.099598 1.370062 1.990210
v 0.000000 1.303167 1.927283
v 0.113787 1.346664 1.921730
v 0.000000 1.270352 1.839660
v 0.017959 1.526305 2.360193
v 0.000000 1.521695 2.366576
v 0.000000 1.491945 2.355085
v 0.016366 1.502035 2.348178
v 0.000000 1.475877 2.346899
v 0.020665 1.483235 2.339757
v 0.054089 1.505947 2.315226
v 0.015656 1.462803 2.334538
v 0.039918 1.464084 2.308439
v 0.000000 1.459859 2.336087
v 0.054408 1.530546 2.345540
v 0.043453 1.544625 2.362013
v 0.042879 1.537907 2.348189
v 0.051035 1.526650 2.333589
v 0.046081 1.507520 2.314699
v 0.028491 1.494901 2.331496
v 0.023853 1.506785 2.341504
v 0.023877 1.525089 2.350102
v 0.037211 1.518250 2.336181
v 0.119283 1.431065 2.029014
v 0.145455 1.426068 1.987853
v 0.028107 1.543968 2.365945
v 0.030436 1.532857 2.348004
v 0.038370 1.559950 2.358292
v 0.056474 1.546381 2.330762
v 0.070294 1.521487 2.286798
v 0.000000 1.563513 2.364237
v 0.023392 1.559417 2.363253
v 0.000000 1.579337 2.349279
v 0.000000 1.542301 2.372534
v 0.009773 1.542743 2.369730
v 0.094808 1.435298 2.194222
v 0.111466 1.457210 2.149227
v 0.069917 1.436728 2.250721
v 0.034239 1.438411 2.303572
v 0.011400 1.440053 2.325448
v 0.027159 1.423479 2.297032
v 0.000000 1.440874 2.323047
v 0.030459 1.778059 2.091280
v 0.000000 1.782139 2.096854
v 0.059181 1.776366 2.086418
v 0.109941 1.766555 2.081935
v 0.084844 1.770013 2.083953
v 0.137069 1.762359 2.080470
v 0.162140 1.758513 2.061091
v 0.184171 1.748443 2.031591
v 0.447256 0.371929 0.835561
v 0.220208 0.378352 0.795978
v 0.174089 0.387054 0.862434
v 0.421247 0.017338 -0.668496
v 0.216107 1.977558 1.673515
v 0.488892 1.457688 -0.288777
v 0.461531 1.587775 -0.546123
v 0.461611 0.058569 -0.556951
v 0.432180 0.106619 -0.567515
v 0.415035 0.113663 -0.493611
v 0.464462 0.064317 -0.461154
v 0.433554 0.094216 -0.415861
v 0.461738 0.066313 -0.386080
v 0.462770 0.008404 -0.401993
v 0.143951 0.008809 -0.472155
v 0.166235 0.071790 -0.402455
v 0.334333 0.118340 -0.401657
v 0.389345 0.109757 -0.401366
v 0.333819 0.130596 -0.469663
v 0.269768 0.120509 -0.410781
v 0.194639 0.099628 -0.375903
v 0.437331 0.092211 -0.364393
v 0.232870 0.099303 -0.369447
v 0.264596 0.115572 -0.351020
v 0.295087 0.105878 -0.350433
v 0.382502 0.105829 -0.345895
v 0.408511 0.088721 -0.361931
v 0.323791 0.116478 -0.337736
v 0.355017 0.100893 -0.349472
v 0.350763 0.108014 -0.748156
v 0.373128 0.058693 -0.746301
v 0.180140 0.116052 -0.707464
v 0.234280 0.105198 -0.789582
v 0.260691 0.054092 -0.785769
v 0.437765 0.061418 -0.667000
v 0.411658 0.115644 -0.681004
v 0.463284 0.015540 -0.552840
v 0.430022 0.064574 -0.301837
v 0.412176 0.055456 -0.297468
v 0.426716 0.083339 -0.328625
v 0.404132 0.066522 -0.318515
v 0.455497 0.059656 -0.344242
v 0.377824 0.097344 -0.301014
v 0.350465 0.076583 -0.303678
v 0.356758 0.067227 -0.285299
v 0.396080 0.063845 -0.281237
v 0.377464 0.079183 -0.284218
v 0.376083 0.054730 -0.266911
v 0.380646 0.022322 -0.256384
v 0.374367 0.004212 -0.245325
v 0.374123 0.036540 -0.249009
v 0.322988 0.034643 -0.232505
v 0.317675 0.048934 -0.225654
v 0.318456 0.006325 -0.223241
v 0.336583 0.025153 -0.261175
v 0.318738 0.066480 -0.243791
v 0.320171 0.092390 -0.262579
v 0.299883 0.077743 -0.266305
v 0.339873 0.075272 -0.260161
v 0.319125 0.112981 -0.293019
v 0.291356 0.084489 -0.303678
v 0.260123 0.110324 -0.302547
v 0.227308 0.075858 -0.319304
v 0.260029 0.094204 -0.264396
v 0.279344 0.078835 -0.260788
v 0.237664 0.079330 -0.267281
v 0.277422 0.032394 -0.258153
v 0.261107 0.072387 -0.241223
v 0.256962 0.037699 -0.226376
v 0.261148 0.052664 -0.219095
v 0.267343 0.036061 -0.225731
v 0.265434 0.005780 -0.213994
v 0.195888 0.075635 -0.292468
v 0.173248 0.062036 -0.298432
v 0.218348 0.065600 -0.286589
v 0.192611 0.092031 -0.323046
v 0.169078 0.067404 -0.334911
v 0.422048 0.172105 -0.588220
v 0.398863 0.159376 -0.518655
v 0.329890 0.167325 -0.492735
v 0.396132 0.170715 -0.694491
v 0.329395 0.246288 -0.488293
v 0.266763 0.262158 -0.486462
v 0.355472 0.076016 0.977467
v 0.366269 0.181526 0.874024
v 0.421496 0.199138 0.953695
v 0.426245 0.097883 1.052607
v 0.439934 0.213551 1.062591
v 0.451873 0.101526 1.175257
v 0.162022 0.101933 1.099873
v 0.168253 0.201739 0.975291
v 0.213282 0.186134 0.888805
v 0.138919 0.104088 1.191679
v 0.326471 0.126588 1.298387
v 0.329909 0.255921 1.235670
v 0.231599 0.256684 1.218424
v 0.237680 0.131347 1.285865
v 0.423364 0.107340 1.259230
v 0.429036 0.235815 1.174532
v 0.555208 1.135090 -0.013818
v 0.521059 1.233917 -0.218688
v 0.452515 1.527892 -0.734653
v 0.509898 1.382775 -0.714654
v 0.472712 1.332072 -0.921465
v 0.511984 1.431444 -0.527904
v 0.531362 1.089755 0.223874
v 0.433645 1.475239 0.507931
v 0.419154 1.547712 0.615214
v 0.465326 1.363317 0.621029
v 0.280340 1.816306 0.439637
v 0.265371 1.854568 0.538155
v 0.360586 1.692543 0.591968
v 0.375735 1.646041 0.486595
v 0.154745 1.921745 0.403473
v 0.149546 1.955755 0.506256
v 0.000000 1.962562 0.402918
v 0.521058 1.161641 0.657312
v 0.515394 0.952787 0.692616
v 0.452633 0.917735 0.615655
v 0.496459 1.050155 -0.230282
v 0.409266 0.970741 0.577974
v 0.502975 1.273908 0.387584
v 0.478707 1.083635 0.425257
v 0.483036 1.447516 0.380608
v 0.418653 1.624614 0.363794
v 0.292091 1.798872 0.324076
v 0.153713 1.903302 0.297334
v 0.000000 1.941201 0.300625
v 0.167937 0.836939 0.476077
v 0.000000 0.777896 0.434239
v 0.423543 0.965392 0.458884
v 0.004134 2.149948 0.854416
v 0.004521 2.115058 1.023249
v 0.002500 2.078558 0.584186
v 0.003332 2.126231 0.693423
v 0.192642 0.559321 -0.227974
v 0.408211 0.761763 0.635601
v 0.158473 0.091299 1.393232
v 0.166827 0.084830 1.463444
v 0.207353 0.093409 1.405008
v 0.129734 0.064220 1.377363
v 0.144471 0.060641 1.458025
v 0.201148 0.056799 1.502395
v 0.177164 0.071717 1.496739
v 0.154932 0.061184 1.493434
v 0.180169 0.052025 1.516916
v 0.166020 0.021397 1.501279
v 0.188103 0.009018 1.550221
v 0.168839 0.016456 1.545843
v 0.176693 -0.008274 1.568318
v 0.181895 0.026900 1.552948
v 0.248733 0.077758 1.521508
v 0.242822 0.090838 1.482722
v 0.240589 0.101612 1.416345
v 0.283012 0.095996 1.425168
v 0.315398 0.102113 1.437602
v 0.308928 0.089476 1.493366
v 0.353335 0.090025 1.428574
v 0.315105 0.074984 1.528897
v 0.312780 -0.002281 1.623537
v 0.319299 0.019237 1.593532
v 0.378660 0.006718 1.574872
v 0.370471 0.022765 1.582053
v 0.369139 -0.010861 1.599025
v 0.360053 0.010335 1.576976
v 0.373213 0.046789 1.542340
v 0.376007 0.065176 1.521838
v 0.394934 0.050455 1.522679
v 0.373627 0.079322 1.490340
v 0.402496 0.059214 1.481302
v 0.403844 -0.000509 1.479426
v 0.377999 0.092661 1.430099
v 0.410858 0.080022 1.417703
v 0.469895 0.051809 1.406910
v 0.453107 0.052449 1.456918
v 0.437962 0.079489 1.422467
v 0.426865 0.070604 1.460463
v 0.430886 0.057364 1.493727
v 0.411548 0.048840 1.502796
v 0.445161 0.045721 1.092816
v 0.172775 0.051881 1.097798
v 0.470226 0.047204 1.200336
v 0.241410 0.114912 1.346069
v 0.158876 0.105156 1.317390
v 0.320052 0.112556 1.357830
v 0.387783 0.102143 1.357095
v 0.436845 0.091538 1.345998
v 0.121984 0.072029 1.271110
v 0.478176 0.050634 1.298456
v 0.310573 -0.013025 1.441612
v 0.223572 0.551189 0.551713
v 0.236946 0.732198 0.502727
v 0.197435 -0.001297 -0.327729
v 0.404213 0.005703 -0.375670
v 0.268385 2.015491 1.774620
v 0.370909 0.777999 1.145974
v 0.275383 0.776423 1.185530
v 0.056353 1.423524 2.215705
v 0.073771 1.413602 2.144730
v 0.076913 1.439088 2.151674
v 0.051342 1.383641 2.213409
v 0.038698 1.434889 2.264165
v 0.039404 1.378603 2.251311
v 0.000000 1.439865 2.297019
v 0.000000 1.383135 2.278569
v 0.076982 1.388517 2.147617
v 0.058849 1.401342 2.207374
v 0.052617 1.361098 2.196568
v 0.076902 1.417893 2.157818
v 0.036463 1.387431 2.245223
v 0.030229 1.348030 2.238724
v 0.000000 1.385798 2.260265
v 0.000000 1.343435 2.252056
v 0.276170 2.008120 1.788727
v 0.382830 1.893793 1.681612
v 0.362904 1.264617 -1.105165
v 0.218891 1.538924 -1.089735
v 0.126683 1.477330 -1.121650
v 0.325617 2.020548 1.755201
v 0.228644 1.963227 1.782549
v 0.308195 0.601870 -0.344203
v 0.188039 0.473007 -0.429171
v 0.137846 1.223097 1.526622
v 0.142841 1.150030 1.387557
v 0.286624 0.577761 0.631645
v 0.199576 0.624917 1.072748
v 0.183093 0.436963 1.080861
v 0.302086 0.342795 0.755336
v 0.000000 1.428347 2.276915
v 0.102438 1.432541 2.126482
v 0.000000 1.380591 2.166078
v 0.080812 1.382235 2.168863
v 0.000000 1.417968 2.099403
v 0.000000 1.354924 2.250664
v 0.009954 1.427011 2.312787
v 0.157897 0.065025 -0.539585
v 0.469749 0.012583 -0.474300
v 0.316002 0.054941 -0.791389
v 0.120665 1.713479 2.071216
v 0.104063 1.695760 2.075238
v 0.157644 0.013221 -0.542787
v 0.434608 0.001394 -0.338263
v 0.444187 0.016153 -0.313543
v 0.422801 0.017753 -0.306650
v 0.460015 0.002116 -0.364276
v 0.408834 0.009548 -0.336897
v 0.354998 0.006952 -0.324219
v 0.383434 0.003219 -0.313491
v 0.392983 0.020910 -0.286721
v 0.366129 0.022173 -0.287850
v 0.313803 0.035792 -0.233979
v 0.371066 0.023482 -0.256620
v 0.308393 0.027377 -0.266115
v 0.247747 0.030529 -0.262149
v 0.232174 0.008670 -0.338235
v 0.183194 0.178444 -0.547311
v 0.167030 0.007498 -0.354981
v 0.157865 0.009300 -0.398964
v 0.308275 0.196364 -0.816272
v 0.172316 0.114129 1.243818
v 0.345372 0.554732 -0.909448
v 0.358760 0.862873 0.262359
v 0.340141 0.877473 0.497060
v 0.323315 0.882203 0.599863
v 0.240699 1.200686 -1.214816
v 0.214365 -0.001508 1.474851
v 0.197740 0.020400 1.509266
v 0.250057 -0.004239 1.501877
v 0.349015 -0.003916 1.494915
v 0.376160 -0.004370 1.506156
v 0.000000 2.024401 1.159588
v 0.388806 0.017258 1.528343
v 0.000000 1.130029 1.564131
v 0.422468 0.014297 1.528619
v 0.407430 -0.007995 1.093780
v 0.221023 0.005141 1.025047
v 0.107428 1.259107 1.637881
v 0.000000 1.205855 1.667715
v 0.000000 1.256320 1.755303
v 0.000000 1.970014 1.796152
v 0.000000 1.445956 2.106822
v 0.187368 0.018697 -0.641095
v 0.441846 0.015430 1.491545
v 0.052129 1.980924 1.800486
v 0.000000 1.358677 2.225595
v 0.267120 0.026350 1.537196
v 0.000000 1.429852 2.309940
v 0.000000 1.358085 2.274315
v 0.294791 0.007258 -0.324058
v 0.279521 0.064492 0.926165
v 0.000000 1.991478 0.502875
v 0.283535 0.915258 -1.184507
v 0.145349 0.001562 1.407471
v 0.282067 -0.002537 1.490216
v 0.315191 -0.007957 1.512320
v 0.330553 0.019788 1.541029
v 0.418100 0.015701 1.501017
v 0.126048 0.005600 1.309962
v 0.069961 0.980551 1.417373
v 0.141497 0.969680 1.219881
v 0.269422 1.074936 -1.212164
v 0.284110 0.000926 0.993832
v -0.370012 1.986072 1.742389
v -0.397122 1.952496 1.688479
v -0.386054 1.950740 1.718119
v -0.382830 1.893793 1.681612
v -0.371094 1.899489 1.711211
v -0.294825 1.983619 1.794381
v -0.325617 2.020548 1.755201
v -0.330109 1.998361 1.769657
v -0.317505 1.955848 1.758733
v -0.359318 1.833839 1.620332
v -0.362292 1.880441 1.646343
v -0.334422 1.951595 1.733599
v -0.297977 1.933620 1.769813
v -0.257770 1.941197 1.792312
v -0.337610 1.591162 -0.970963
v -0.224812 1.684199 -0.980587
v -0.436499 1.471530 -0.950899
v -0.328343 1.924740 1.727484
v -0.124257 1.582951 -1.089895
v -0.340120 1.847091 1.713145
v -0.315983 1.909752 1.737124
v -0.302359 1.935961 1.742014
v -0.046580 1.569510 -1.089309
v -0.046535 1.480991 -1.150621
v -0.061563 1.358026 -1.149390
v -0.307524 1.888827 1.769069
v -0.055364 1.359311 -1.185943
v -0.373844 2.006763 1.715614
v -0.299732 2.011420 1.730039
v -0.339890 2.001486 1.675939
v -0.229094 1.104303 -1.118188
v -0.249948 0.957481 -1.068365
v -0.245373 1.993445 1.716388
v -0.291340 1.976347 1.648209
v -0.252987 0.826516 -1.022424
v -0.396865 0.853212 -0.958731
v -0.369197 1.948005 1.648007
v -0.348727 1.908533 1.611294
v -0.398957 0.352931 -0.751472
v -0.418592 0.572987 -0.804013
v -0.389565 0.243494 -0.723634
v -0.344887 0.190369 -0.776423
v -0.561173 1.278398 0.206753
v -0.523062 1.513628 0.001778
v -0.558920 1.340052 -0.003675
v -0.525985 1.453754 0.210855
v -0.166135 1.089875 1.206579
v -0.084738 0.942523 0.988159
v -0.423635 1.717503 -0.006273
v -0.438454 1.647639 0.204011
v -0.142841 1.150030 1.387557
v -0.270325 1.875113 -0.009624
v -0.285782 1.829045 0.181371
v -0.136403 1.945511 -0.017624
v -0.145433 1.914381 0.166676
v -0.123191 0.836229 0.583770
v -0.127095 0.927055 0.751942
v -0.268152 0.918572 1.212683
v -0.280962 1.132606 1.219407
v -0.160360 0.749884 0.054476
v -0.170189 0.816109 0.279273
v -0.129362 0.791915 0.988126
v -0.107883 0.902985 0.984190
v -0.479355 1.438409 -0.234885
v -0.183093 0.436963 1.080861
v -0.159861 0.584469 0.911937
v -0.449010 1.594959 -0.274011
v -0.284704 0.769286 0.615100
v -0.144508 0.847559 0.766726
v -0.384423 1.777514 -0.285584
v -0.160853 0.769279 0.782313
v -0.249598 1.902284 -0.294817
v -0.194784 0.571026 0.748989
v -0.122369 1.973095 -0.301890
v -0.264405 1.389565 1.584169
v -0.221919 1.340460 1.437772
v -0.107428 1.259107 1.637881
v -0.113564 0.696709 -0.253443
v -0.382615 1.716518 -0.557576
v -0.231793 1.883744 -0.572093
v -0.118265 1.718813 2.077351
v -0.094886 1.693384 2.086406
v -0.119291 1.942260 -0.574943
v -0.384366 1.663486 -0.780588
v -0.229465 1.787750 -0.815982
v -0.052129 1.980924 1.800486
v -0.062440 2.003850 1.647469
v -0.076425 1.836771 -0.811382
v -0.246734 1.890904 1.859017
v -0.188399 1.971541 1.771020
v -0.354928 1.564718 1.824913
v -0.285766 1.415513 1.721220
v -0.284555 1.418903 1.826130
v -0.367616 1.782403 1.718611
v -0.363156 1.709654 1.819671
v -0.115160 1.724103 -0.974741
v -0.106043 1.404256 2.113993
v -0.080812 1.382235 2.168863
v -0.080336 1.361679 2.164538
v -0.057336 1.361139 2.233097
v -0.055166 1.342747 2.223206
v -0.029344 1.357886 2.264774
v -0.147618 1.316512 1.826429
v -0.156317 1.303999 1.733049
v -0.139419 1.698488 2.063077
v -0.137805 1.687954 2.052205
v -0.025961 1.576723 -1.106790
v -0.144973 1.714610 2.058735
v -0.056274 1.125150 -1.168414
v -0.058182 1.119334 -1.198187
v -0.068278 1.201022 -1.152401
v -0.203163 0.107016 -0.443358
v -0.178408 0.115249 -0.526542
v -0.260230 0.138340 -0.479051
v -0.060481 1.193179 -1.192460
v -0.176692 0.061125 -0.654906
v -0.161064 0.115910 -0.617823
v -0.027813 1.729394 -0.987801
v -0.433421 0.030290 -0.277988
v -0.438579 0.012736 -0.269750
v -0.219878 0.014208 -0.710858
v -0.214341 0.056376 -0.736108
v -0.558280 1.268058 -0.515359
v -0.536576 1.044756 -0.315013
v -0.549547 1.277839 -0.279731
v -0.444187 0.016153 -0.313543
v -0.431144 0.042579 -0.291284
v -0.586663 1.083471 -0.513720
v -0.438730 0.020440 -0.283255
v -0.544176 1.254537 -0.685010
v -0.565159 1.102011 -0.664869
v -0.499101 1.205374 -0.878670
v -0.519005 1.060214 -0.835778
v -0.443647 0.055934 -0.306190
v -0.487391 0.834574 -0.340860
v -0.559449 0.915922 -0.528901
v -0.552470 0.934451 -0.663045
v -0.505590 0.910554 -0.811323
v -0.100761 1.058519 -1.091305
v -0.079727 0.967625 -1.002259
v -0.086515 1.112158 -1.119051
v -0.058577 1.237877 -1.147402
v -0.175713 1.333723 -1.140352
v -0.209621 1.200241 -1.128191
v -0.116348 0.936157 -1.044816
v -0.123562 0.829260 -0.988100
v -0.072095 0.880153 -0.912475
v -0.057196 0.778183 -0.590259
v -0.294791 0.007258 -0.324058
v -0.325238 0.002120 -0.299075
v -0.324205 0.000763 -0.360273
v -0.497990 0.739689 -0.528845
v -0.498777 0.762113 -0.659161
v -0.453913 0.748181 -0.794935
v -0.196337 0.037401 -0.255590
v -0.199307 0.002217 -0.249283
v -0.190662 0.024952 -0.264574
v -0.444284 0.670453 -0.391541
v -0.195898 0.053737 -0.274842
v -0.240673 0.693173 -0.964466
v -0.202545 0.021751 -0.261464
v -0.162252 0.688344 -0.939493
v -0.107448 0.696271 -0.839038
v -0.089007 0.636416 -0.587217
v -0.190471 0.680776 -0.326871
v -0.225295 0.735651 -0.216373
v -0.308195 0.601870 -0.344203
v -0.174161 0.573577 -0.386359
v -0.297917 0.098742 -0.799567
v -0.224360 0.211466 -0.820602
v -0.157960 0.186517 -0.624414
v -0.075863 0.691976 -0.380428
v -0.256373 0.177419 -0.499997
v -0.434418 0.570138 -0.544460
v -0.443202 0.580737 -0.668801
v -0.287271 0.164610 0.835885
v -0.401437 0.368521 0.771039
v -0.302086 0.342795 0.755336
v -0.172316 0.114129 1.243818
v -0.133382 0.229693 1.086304
v -0.164972 0.247783 1.163074
v -0.384389 0.530276 -0.434806
v -0.143944 0.404349 0.978587
v -0.202119 0.539426 -0.942197
v -0.123370 0.536066 -0.822053
v -0.117776 0.507853 -0.600177
v -0.188039 0.473007 -0.429171
v -0.398816 1.739327 1.543714
v -0.354514 1.549883 1.563571
v -0.397408 0.409093 -0.567831
v -0.418461 0.382306 -0.666188
v -0.465217 0.949688 0.243408
v -0.501779 0.975473 0.005294
v -0.375959 0.851070 0.037594
v -0.340141 0.877473 0.497060
v -0.378584 0.845612 -0.209654
v -0.276433 0.391048 -0.443981
v -0.284776 0.490330 -0.393766
v -0.356791 0.409730 -0.471189
v -0.363340 0.715654 -0.912300
v -0.264615 0.758161 -1.134077
v -0.253420 0.628193 -1.065197
v -0.194185 0.332378 -0.858655
v -0.130951 0.346074 -0.750834
v -0.243620 0.483673 -1.021239
v -0.134867 0.356667 -0.622592
v -0.261902 0.304499 -0.922498
v -0.189081 0.362802 -0.504493
v -0.117788 1.436736 -1.170266
v -0.168890 1.344123 -1.199024
v -0.416797 0.273315 -0.579059
v -0.412919 0.265820 -0.635156
v -0.379913 0.265497 -0.505087
v -0.215680 0.603371 0.037729
v -0.224441 0.687268 0.282925
v -0.163518 0.218613 -0.715953
v -0.153974 0.263699 -0.611962
v -0.375404 0.571960 0.665055
v -0.506838 1.231893 0.814785
v -0.461554 1.484897 0.937379
v -0.466471 1.426980 0.788562
v -0.179065 -0.004421 1.481039
v -0.221848 -0.012351 1.427755
v -0.490926 1.250847 0.972748
v -0.145349 0.001562 1.407471
v -0.446411 1.655411 0.931754
v -0.436202 1.627333 0.776490
v -0.404729 1.542784 1.081099
v -0.412140 1.376386 1.134946
v -0.409768 1.680435 1.058262
v -0.374714 1.845046 0.905585
v -0.264390 1.982114 1.005667
v -0.282703 1.999073 0.853497
v -0.365641 1.867354 1.032326
v -0.267120 0.026350 1.537196
v -0.261467 0.022456 1.585499
v -0.253109 0.040135 1.587559
v -0.125548 2.047179 0.983102
v -0.145392 2.080953 0.823011
v -0.270389 0.061862 1.528408
v -0.277453 0.071781 1.490415
v -0.001429 2.076795 0.998956
v -0.001631 2.106396 0.826275
v -0.204897 0.069725 1.473595
v -0.223835 0.067374 1.519144
v -0.251325 0.061864 1.546147
v -0.264390 1.917009 0.628270
v -0.382465 1.797387 0.777798
v -0.275224 1.957837 0.727119
v -0.372205 1.760750 0.713774
v -0.349015 -0.003916 1.494915
v -0.336309 0.058264 1.534688
v -0.291508 0.063917 1.527110
v -0.147746 2.008833 0.591795
v -0.142554 2.054167 0.690758
v -0.312256 0.034853 1.600032
v -0.312923 0.056371 1.550539
v -0.301217 0.023445 1.593609
v -0.000721 2.086249 0.691418
v -0.344683 0.065362 1.496267
v -0.214365 -0.001508 1.474851
v -0.254530 -0.000819 1.609249
v -0.251513 1.965666 1.176174
v -0.333579 1.879199 1.187348
v -0.101368 2.018262 1.161694
v -0.352996 0.055911 1.524051
v -0.359528 0.018813 1.528902
v -0.427807 -0.007133 1.473004
v -0.447601 -0.006855 1.407102
v -0.385081 -0.013686 1.435119
v -0.380346 1.715269 1.180213
v -0.348903 1.422501 1.202111
v -0.368629 1.657405 1.383302
v -0.380992 1.586858 1.167103
v -0.441846 0.015430 1.491545
v -0.431068 0.039101 1.507592
v -0.444894 0.043573 1.489318
v -0.327402 1.505677 1.382268
v -0.357844 1.791823 1.379236
v -0.418100 0.015701 1.501017
v -0.438656 0.009634 1.523247
v -0.432096 0.023170 1.530597
v -0.205232 1.970989 1.398251
v -0.296307 1.905741 1.388053
v -0.289978 0.034624 0.938893
v -0.221114 0.042853 0.996676
v -0.089911 1.996977 1.405783
v -0.373198 0.039695 0.991530
v -0.279521 0.064492 0.926165
v -0.201766 0.087590 1.000094
v -0.250929 1.260132 1.273209
v -0.432722 -0.006547 1.550561
v -0.494973 1.082547 0.595899
v -0.459138 1.297557 0.541104
v -0.456288 1.089877 0.559856
v -0.531402 1.001443 0.861252
v -0.493676 1.003127 1.021008
v -0.515146 0.770804 0.859028
v -0.462435 0.780951 1.030645
v -0.300025 -0.017134 1.231031
v -0.277700 1.215663 1.194137
v -0.387137 1.222974 1.161125
v -0.378547 0.957875 1.156358
v -0.249693 0.319954 0.693508
v -0.467374 0.589352 0.862253
v -0.439805 0.616911 1.021365
v -0.264885 0.131319 0.813567
v -0.472053 0.392815 0.962738
v -0.438047 0.426600 1.091855
v -0.227310 0.000370 -0.377277
v -0.265942 0.002999 -0.304553
v -0.277388 0.634010 1.152204
v -0.349046 0.455069 1.165093
v -0.260863 0.455194 1.153781
v -0.364677 0.628606 1.133496
v -0.436966 0.566135 0.723942
v -0.312749 0.013751 -0.747651
v -0.316380 -0.002589 -0.554624
v -0.475482 0.762481 0.707298
v -0.159799 0.074055 -0.461506
v -0.194111 0.757417 1.143487
v -0.361192 1.393843 1.143718
v -0.359299 1.872350 1.539744
v -0.153075 1.999342 1.652205
v -0.261122 1.953986 1.580954
v -0.180693 0.010582 1.102769
v -0.134242 0.060579 1.190382
v -0.134720 0.008094 1.222565
v -0.035515 1.593305 2.286841
v -0.040077 1.610119 2.249482
v -0.096672 1.484014 2.214854
v -0.084845 1.560267 2.207772
v -0.108653 1.497281 2.179427
v -0.078810 1.547533 2.236427
v -0.036077 1.688904 2.147722
v -0.032766 1.719864 2.115697
v -0.039445 1.663571 2.175695
v -0.040848 1.636913 2.208286
v -0.097449 1.604798 2.086231
v -0.128057 1.504365 2.069720
v -0.107821 1.558590 2.116096
v -0.143336 1.562801 2.047767
v -0.112133 1.647099 2.056105
v -0.089970 1.658014 2.082601
v -0.069177 1.702057 2.107164
v -0.069542 1.652728 2.125665
v -0.085767 1.614469 2.148305
v -0.114835 1.523287 2.149534
v -0.089869 1.583593 2.179371
v -0.117832 1.471583 2.101259
v -0.067346 1.594321 2.229559
v -0.060365 1.579899 2.262517
v -0.053979 1.683615 2.138228
v -0.063829 1.650253 2.162934
v -0.052382 1.715779 2.111497
v -0.068540 1.620060 2.194667
v -0.119833 1.678671 2.066459
v -0.140269 1.679038 2.052788
v -0.138308 1.651324 2.047355
v -0.154345 1.688120 2.045493
v -0.164838 1.672100 2.036551
v -0.057550 1.560839 2.314584
v -0.032502 1.574879 2.342907
v -0.077680 1.534197 2.269474
v -0.072183 1.476512 2.259274
v -0.031324 1.751606 2.106558
v -0.081806 1.743911 2.091833
v -0.055272 1.749157 2.098765
v -0.106891 1.738876 2.088886
v -0.130262 1.737338 2.084949
v -0.154068 1.737696 2.067508
v -0.147000 1.721940 2.061376
v -0.164891 1.708204 2.025856
v -0.178060 1.730170 2.032755
v -0.107566 1.835558 2.042615
v -0.140875 1.841189 1.997964
v -0.146874 1.829534 2.024858
v -0.100893 1.847903 2.027483
v -0.168723 1.818454 1.982652
v -0.170455 1.809558 2.007995
v -0.186585 1.774207 1.997543
v -0.197265 1.776705 1.972581
v -0.191661 1.735098 1.995111
v -0.200615 1.735210 1.979492
v -0.179698 1.703407 2.008644
v -0.185150 1.723524 2.008204
v -0.195518 1.698332 1.991606
v -0.114551 1.887011 1.953490
v -0.182423 1.861056 1.943300
v -0.220035 1.817485 1.931804
v -0.057922 1.828062 2.055801
v -0.067897 1.810427 2.070689
v -0.030003 1.816442 2.069184
v -0.049707 1.888446 1.990512
v -0.108716 1.801116 2.068456
v -0.084415 1.789160 2.075333
v -0.142338 1.802995 2.061662
v -0.167260 1.795309 2.036898
v -0.189589 1.765578 2.018072
v -0.162786 1.610441 2.036202
v -0.182129 1.649299 2.014972
v -0.279080 1.652967 1.925667
v -0.273356 1.554883 1.931137
v -0.251058 1.744926 1.929984
v -0.302446 1.811117 1.835275
v -0.124329 1.949394 1.870419
v -0.188906 1.932759 1.864911
v -0.051453 1.952635 1.885505
v -0.128553 1.482676 2.038227
v -0.223607 1.435521 1.920197
v -0.215949 1.739740 1.964840
v -0.221756 1.693030 1.965240
v -0.219791 1.647487 1.985010
v -0.209166 1.595279 2.009954
v -0.195887 1.548507 2.013557
v -0.173783 1.487578 2.005765
v -0.024789 1.343955 2.261518
v -0.115137 1.438478 2.079113
v -0.065820 1.345471 2.160190
v -0.080973 1.371664 2.101797
v -0.047803 1.329410 2.212693
v -0.023085 1.326009 2.241659
v -0.086207 1.382519 2.048851
v -0.099598 1.370062 1.990210
v -0.113787 1.346664 1.921730
v -0.017959 1.526305 2.360193
v -0.016366 1.502035 2.348178
v -0.020665 1.483235 2.339757
v -0.054089 1.505947 2.315226
v -0.015656 1.462803 2.334538
v -0.039918 1.464084 2.308439
v -0.054408 1.530546 2.345540
v -0.042879 1.537907 2.348189
v -0.043453 1.544625 2.362013
v -0.051035 1.526650 2.333589
v -0.046081 1.507520 2.314699
v -0.028491 1.494901 2.331496
v -0.023853 1.506785 2.341504
v -0.023877 1.525089 2.350102
v -0.037211 1.518250 2.336181
v -0.119283 1.431065 2.029014
v -0.145455 1.426068 1.987853
v -0.030436 1.532857 2.348004
v -0.028107 1.543968 2.365945
v -0.056474 1.546381 2.330762
v -0.038370 1.559950 2.358292
v -0.070294 1.521487 2.286798
v -0.023392 1.559417 2.363253
v -0.009773 1.542743 2.369730
v -0.111466 1.457210 2.149227
v -0.094808 1.435298 2.194222
v -0.069917 1.436728 2.250721
v -0.034239 1.438411 2.303572
v -0.011400 1.440053 2.325448
v -0.027159 1.423479 2.297032
v -0.030459 1.778059 2.091280
v -0.059181 1.776366 2.086418
v -0.084844 1.770013 2.083953
v -0.109941 1.766555 2.081935
v -0.137069 1.762359 2.080470
v -0.162140 1.758513 2.061091
v -0.184171 1.748443 2.031591
v -0.447256 0.371929 0.835561
v -0.220208 0.378352 0.795978
v -0.174089 0.387054 0.862434
v -0.421247 0.017338 -0.668496
v -0.216107 1.977558 1.673515
v -0.488892 1.457688 -0.288777
v -0.461531 1.587775 -0.546123
v -0.461611 0.058569 -0.556951
v -0.415035 0.113663 -0.493611
v -0.432180 0.106619 -0.567515
v -0.464462 0.064317 -0.461154
v -0.433554 0.094216 -0.415861
v -0.461738 0.066313 -0.386080
v -0.462770 0.008404 -0.401993
v -0.166235 0.071790 -0.402455
v -0.334333 0.118340 -0.401657
v -0.389345 0.109757 -0.401366
v -0.333819 0.130596 -0.469663
v -0.269768 0.120509 -0.410781
v -0.194639 0.099628 -0.375903
v -0.437331 0.092211 -0.364393
v -0.232870 0.099303 -0.369447
v -0.264596 0.115572 -0.351020
v -0.295087 0.105878 -0.350433
v -0.382502 0.105829 -0.345895
v -0.408511 0.088721 -0.361931
v -0.323791 0.116478 -0.337736
v -0.355017 0.100893 -0.349472
v -0.373128 0.058693 -0.746301
v -0.350763 0.108014 -0.748156
v -0.234280 0.105198 -0.789582
v -0.180140 0.116052 -0.707464
v -0.260691 0.054092 -0.785769
v -0.437765 0.061418 -0.667000
v -0.411658 0.115644 -0.681004
v -0.463284 0.015540 -0.552840
v -0.430022 0.064574 -0.301837
v -0.412176 0.055456 -0.297468
v -0.426716 0.083339 -0.328625
v -0.404132 0.066522 -0.318515
v -0.455497 0.059656 -0.344242
v -0.377824 0.097344 -0.301014
v -0.350465 0.076583 -0.303678
v -0.366129 0.022173 -0.287850
v -0.354998 0.006952 -0.324219
v -0.356758 0.067227 -0.285299
v -0.396080 0.063845 -0.281237
v -0.377464 0.079183 -0.284218
v -0.376083 0.054730 -0.266911
v -0.374367 0.004212 -0.245325
v -0.380646 0.022322 -0.256384
v -0.374123 0.036540 -0.249009
v -0.322988 0.034643 -0.232505
v -0.318456 0.006325 -0.223241
v -0.317675 0.048934 -0.225654
v -0.313803 0.035792 -0.233979
v -0.336583 0.025153 -0.261175
v -0.318738 0.066480 -0.243791
v -0.320171 0.092390 -0.262579
v -0.299883 0.077743 -0.266305
v -0.339873 0.075272 -0.260161
v -0.319125 0.112981 -0.293019
v -0.291356 0.084489 -0.303678
v -0.260123 0.110324 -0.302547
v -0.227308 0.075858 -0.319304
v -0.247747 0.030529 -0.262149
v -0.260029 0.094204 -0.264396
v -0.279344 0.078835 -0.260788
v -0.237664 0.079330 -0.267281
v -0.261107 0.072387 -0.241223
v -0.261148 0.052664 -0.219095
v -0.256962 0.037699 -0.226376
v -0.267343 0.036061 -0.225731
v -0.265434 0.005780 -0.213994
v -0.195888 0.075635 -0.292468
v -0.173248 0.062036 -0.298432
v -0.218348 0.065600 -0.286589
v -0.192611 0.092031 -0.323046
v -0.169078 0.067404 -0.334911
v -0.422048 0.172105 -0.588220
v -0.398863 0.159376 -0.518655
v -0.329890 0.167325 -0.492735
v -0.396132 0.170715 -0.694491
v -0.329395 0.246288 -0.488293
v -0.266763 0.262158 -0.486462
v -0.355472 0.076016 0.977467
v -0.421496 0.199138 0.953695
v -0.366269 0.181526 0.874024
v -0.426245 0.097883 1.052607
v -0.439934 0.213551 1.062591
v -0.451873 0.101526 1.175257
v -0.162022 0.101933 1.099873
v -0.213282 0.186134 0.888805
v -0.168253 0.201739 0.975291
v -0.138919 0.104088 1.191679
v -0.326471 0.126588 1.298387
v -0.231599 0.256684 1.218424
v -0.329909 0.255921 1.235670
v -0.237680 0.131347 1.285865
v -0.423364 0.107340 1.259230
v -0.429036 0.235815 1.174532
v -0.521059 1.233917 -0.218688
v -0.555208 1.135090 -0.013818
v -0.452515 1.527892 -0.734653
v -0.472712 1.332072 -0.921465
v -0.509898 1.382775 -0.714654
v -0.511984 1.431444 -0.527904
v -0.531362 1.089755 0.223874
v -0.433645 1.475239 0.507931
v -0.465326 1.363317 0.621029
v -0.419154 1.547712 0.615214
v -0.280340 1.816306 0.439637
v -0.360586 1.692543 0.591968
v -0.265371 1.854568 0.538155
v -0.375735 1.646041 0.486595
v -0.154745 1.921745 0.403473
v -0.149546 1.955755 0.506256
v -0.521058 1.161641 0.657312
v -0.515394 0.952787 0.692616
v -0.452633 0.917735 0.615655
v -0.496459 1.050155 -0.230282
v -0.409266 0.970741 0.577974
v -0.478707 1.083635 0.425257
v -0.502975 1.273908 0.387584
v -0.483036 1.447516 0.380608
v -0.418653 1.624614 0.363794
v -0.292091 1.798872 0.324076
v -0.153713 1.903302 0.297334
v -0.167937 0.836939 0.476077
v -0.358760 0.862873 0.262359
v -0.423543 0.965392 0.458884
v -0.004134 2.149948 0.854416
v -0.004521 2.115058 1.023249
v -0.002500 2.078558 0.584186
v -0.003332 2.126231 0.693423
v -0.192642 0.559321 -0.227974
v -0.408211 0.761763 0.635601
v -0.166827 0.084830 1.463444
v -0.158473 0.091299 1.393232
v -0.207353 0.093409 1.405008
v -0.144471 0.060641 1.458025
v -0.129734 0.064220 1.377363
v -0.201148 0.056799 1.502395
v -0.177164 0.071717 1.496739
v -0.154932 0.061184 1.493434
v -0.180169 0.052025 1.516916
v -0.188103 0.009018 1.550221
v -0.176693 -0.008274 1.568318
v -0.181895 0.026900 1.552948
v -0.248733 0.077758 1.521508
v -0.242822 0.090838 1.482722
v -0.240589 0.101612 1.416345
v -0.283012 0.095996 1.425168
v -0.308928 0.089476 1.493366
v -0.315398 0.102113 1.437602
v -0.353335 0.090025 1.428574
v -0.315105 0.074984 1.528897
v -0.312780 -0.002281 1.623537
v -0.319299 0.019237 1.593532
v -0.378660 0.006718 1.574872
v -0.369139 -0.010861 1.599025
v -0.370471 0.022765 1.582053
v -0.373213 0.046789 1.542340
v -0.376007 0.065176 1.521838
v -0.394934 0.050455 1.522679
v -0.373627 0.079322 1.490340
v -0.402496 0.059214 1.481302
v -0.377999 0.092661 1.430099
v -0.410858 0.080022 1.417703
v -0.453107 0.052449 1.456918
v -0.469895 0.051809 1.406910
v -0.426865 0.070604 1.460463
v -0.437962 0.079489 1.422467
v -0.430886 0.057364 1.493727
v -0.411548 0.048840 1.502796
v -0.445161 0.045721 1.092816
v -0.172775 0.051881 1.097798
v -0.470226 0.047204 1.200336
v -0.158876 0.105156 1.317390
v -0.241410 0.114912 1.346069
v -0.320052 0.112556 1.357830
v -0.387783 0.102143 1.357095
v -0.436845 0.091538 1.345998
v -0.478176 0.050634 1.298456
v -0.310573 -0.013025 1.441612
v -0.223572 0.551189 0.551713
v -0.236946 0.732198 0.502727
v -0.197435 -0.001297 -0.327729
v -0.404213 0.005703 -0.375670
v -0.268385 2.015491 1.774620
v -0.370909 0.777999 1.145974
v -0.275383 0.776423 1.185530
v -0.056353 1.423524 2.215705
v -0.076913 1.439088 2.151674
v -0.073771 1.413602 2.144730
v -0.051342 1.383641 2.213409
v -0.038698 1.434889 2.264165
v -0.039404 1.378603 2.251311
v -0.076982 1.388517 2.147617
v -0.052617 1.361098 2.196568
v -0.058849 1.401342 2.207374
v -0.076902 1.417893 2.157818
v -0.030229 1.348030 2.238724
v -0.036463 1.387431 2.245223
v -0.354926 1.827715 1.687694
v -0.362904 1.264617 -1.105165
v -0.218891 1.538924 -1.089735
v -0.126683 1.477330 -1.121650
v -0.046576 1.461770 -1.132478
v -0.397331 1.135773 -1.075166
v -0.276170 2.008120 1.788727
v -0.228644 1.963227 1.782549
v -0.414279 0.977749 -1.019893
v -0.137846 1.223097 1.526622
v -0.153985 0.875439 1.184402
v -0.286624 0.577761 0.631645
v -0.199576 0.624917 1.072748
v -0.141497 0.969680 1.219881
v -0.123075 1.689470 2.062079
v -0.156580 1.706342 2.035155
v -0.129938 1.979471 1.787319
v -0.356564 1.567935 1.715943
v -0.102438 1.432541 2.126482
v -0.311674 1.421835 -1.104395
v -0.009954 1.427011 2.312787
v -0.157897 0.065025 -0.539585
v -0.316002 0.054941 -0.791389
v -0.120665 1.713479 2.071216
v -0.104063 1.695760 2.075238
v -0.259237 0.013212 -0.742808
v -0.367405 0.014895 -0.734178
v -0.422801 0.017753 -0.306650
v -0.434608 0.001394 -0.338263
v -0.460015 0.002116 -0.364276
v -0.408834 0.009548 -0.336897
v -0.383434 0.003219 -0.313491
v -0.392983 0.020910 -0.286721
v -0.371066 0.023482 -0.256620
v -0.308393 0.027377 -0.266115
v -0.277422 0.032394 -0.258153
v -0.182207 0.017590 -0.297246
v -0.232174 0.008670 -0.338235
v -0.183194 0.178444 -0.547311
v -0.167030 0.007498 -0.354981
v -0.157865 0.009300 -0.398964
v -0.184612 0.266490 -0.532767
v -0.320360 0.315266 -0.838529
v -0.308275 0.196364 -0.816272
v -0.345372 0.554732 -0.909448
v -0.323315 0.882203 0.599863
v -0.240699 1.200686 -1.214816
v -0.347130 0.721774 -0.294561
v -0.149979 -0.000462 1.454707
v -0.197740 0.020400 1.509266
v -0.166020 0.021397 1.501279
v -0.168839 0.016456 1.545843
v -0.299593 0.023457 1.534279
v -0.234630 0.025443 1.530081
v -0.250057 -0.004239 1.501877
v 0.000000 2.046069 0.593916
v 0.000000 2.045967 0.593687
v -0.360053 0.010335 1.576976
v -0.376160 -0.004370 1.506156
v -0.453940 0.004257 1.450405
v -0.403844 -0.000509 1.479426
v -0.388806 0.017258 1.528343
v -0.121984 0.072029 1.271110
v -0.462290 -0.007188 1.306346
v -0.455523 -0.007299 1.212973
v -0.422468 0.014297 1.528619
v -0.355845 -0.003290 1.015352
v -0.407430 -0.007995 1.093780
v -0.221023 0.005141 1.025047
v -0.469749 0.012583 -0.474300
v -0.143951 0.008809 -0.472155
v -0.157644 0.013221 -0.542787
v -0.187368 0.018697 -0.641095
v -0.150692 1.695189 2.042251
v -0.083797 1.414698 2.179726
v -0.062982 1.415725 2.246118
v -0.431784 0.022323 -0.281236
v -0.283535 0.915258 -1.184507
v -0.241741 0.027242 1.583065
v -0.282067 -0.002537 1.490216
v -0.315191 -0.007957 1.512320
v -0.330553 0.019788 1.541029
v -0.069961 0.980551 1.417373
v -0.126048 0.005600 1.309962
v 0.000000 2.024485 1.159095
v 0.000000 2.076462 0.998777
v -0.284110 0.000926 0.993832
v -0.213819 0.021470 -0.287106
v -0.269422 1.074936 -1.212164
vt 0.643833 0.490041
vt 0.658882 0.477830
vt 0.669115 0.481541
vt 0.625169 0.493886
vt 0.626727 0.476285
vt 0.114205 0.854682
vt 0.103006 0.862282
vt 0.098646 0.847471
vt 0.639789 0.473192
vt 0.609925 0.487779
vt 0.595439 0.467203
vt 0.618552 0.464920
vt 0.668491 0.454088
vt 0.816952 0.827401
vt 0.865669 0.840048
vt 0.816282 0.864013
vt 0.645012 0.460557
vt 0.667822 0.427184
vt 0.640995 0.452972
vt 0.629896 0.464675
vt 0.872373 0.926127
vt 0.901320 0.910355
vt 0.898658 0.920920
vt 0.911023 0.903797
vt 0.920582 0.920957
vt 0.628847 0.442461
vt 0.918184 0.928306
vt 0.057964 0.894809
vt 0.076231 0.900721
vt 0.067340 0.918628
vt 0.869825 0.070766
vt 0.885165 0.104039
vt 0.857672 0.113059
vt 0.840725 0.083777
vt 0.100720 0.910297
vt 0.085842 0.931103
vt 0.834729 0.115168
vt 0.815257 0.093350
vt 0.089126 0.881429
vt 0.112352 0.878232
vt 0.909320 0.529129
vt 0.877255 0.522956
vt 0.892283 0.489901
vt 0.919383 0.491168
vt 0.532219 0.714416
vt 0.584955 0.738339
vt 0.576819 0.783401
vt 0.524049 0.761067
vt 0.363591 0.014143
vt 0.341419 0.037172
vt 0.263032 0.063678
vt 0.572224 0.841462
vt 0.273311 0.013502
vt 0.518733 0.817663
vt 0.566980 0.897366
vt 0.516942 0.881143
vt 0.564894 0.935849
vt 0.516074 0.924800
vt 0.559827 0.970954
vt 0.510393 0.962730
vt 0.525474 0.038845
vt 0.568071 0.043542
vt 0.560271 0.075454
vt 0.514711 0.072437
vt 0.297284 0.085959
vt 0.349421 0.052869
vt 0.353459 0.078046
vt 0.643242 0.777046
vt 0.645595 0.819731
vt 0.428322 0.106095
vt 0.400751 0.065662
vt 0.410165 0.046208
vt 0.640607 0.868069
vt 0.390461 0.083257
vt 0.638259 0.913017
vt 0.379186 0.129357
vt 0.637190 0.949146
vt 0.971003 0.228185
vt 0.974407 0.263282
vt 0.944782 0.266657
vt 0.635060 0.980801
vt 0.628433 0.042355
vt 0.627582 0.067676
vt 0.933766 0.237526
vt 0.710847 0.865791
vt 0.707130 0.920188
vt 0.706022 0.950352
vt 0.706742 0.980100
vt 0.766718 0.863613
vt 0.770297 0.910765
vt 0.771665 0.950151
vt 0.775044 0.969055
vt 0.815705 0.898990
vt 0.649885 0.321984
vt 0.655925 0.262948
vt 0.697311 0.267308
vt 0.637076 0.373709
vt 0.672711 0.404998
vt 0.817634 0.927417
vt 0.861669 0.908342
vt 0.486001 0.182006
vt 0.456154 0.183543
vt 0.460552 0.176517
vt 0.439094 0.180932
vt 0.057129 0.240488
vt 0.079852 0.235105
vt 0.074877 0.254075
vt 0.651969 0.197890
vt 0.689852 0.199102
vt 0.876329 0.933392
vt 0.898405 0.934500
vt 0.881126 0.939120
vt 0.125479 0.250647
vt 0.089299 0.272121
vt 0.966692 0.944308
vt 0.980272 0.944560
vt 0.978804 0.953213
vt 0.966037 0.947960
vt 0.971464 0.959645
vt 0.828083 0.955694
vt 0.105860 0.239684
vt 0.931267 0.908410
vt 0.915711 0.942321
vt 0.969137 0.924983
vt 0.955086 0.936121
vt 0.784887 0.353150
vt 0.803570 0.376814
vt 0.774372 0.374283
vt 0.954150 0.943808
vt 0.955841 0.958493
vt 0.826072 0.948906
vt 0.913811 0.319747
vt 0.914089 0.317239
vt 0.919313 0.317323
vt 0.758037 0.212747
vt 0.741444 0.205021
vt 0.759773 0.204016
vt 0.725621 0.746020
vt 0.666524 0.736056
vt 0.688675 0.677271
vt 0.737883 0.700589
vt 0.767737 0.753896
vt 0.772992 0.715537
vt 0.818882 0.757654
vt 0.907434 0.321273
vt 0.818694 0.719055
vt 0.710358 0.621823
vt 0.753974 0.660712
vt 0.785449 0.675274
vt 0.825218 0.681223
vt 0.809896 0.020996
vt 0.836649 0.018454
vt 0.849411 0.043550
vt 0.819114 0.041998
vt 0.879955 0.012576
vt 0.887809 0.027167
vt 0.861526 0.037334
vt 0.850701 0.016565
vt 0.913130 0.051777
vt 0.887834 0.063186
vt 0.823001 0.057494
vt 0.799394 0.069279
vt 0.702223 0.028918
vt 0.787187 0.022574
vt 0.790698 0.045447
vt 0.705243 0.052472
vt 0.768247 0.612801
vt 0.800487 0.630063
vt 0.838758 0.637616
vt 0.753493 0.305177
vt 0.751039 0.308037
vt 0.744780 0.303055
vt 0.736313 0.579676
vt 0.759419 0.307974
vt 0.791570 0.101966
vt 0.755196 0.291531
vt 0.758524 0.296900
vt 0.751712 0.301320
vt 0.780616 0.092778
vt 0.758628 0.078483
vt 0.707873 0.089241
vt 0.626449 0.116244
vt 0.615034 0.089569
vt 0.646323 0.090060
vt 0.670866 0.107235
vt 0.651476 0.040083
vt 0.656253 0.062051
vt 0.799278 0.394689
vt 0.788372 0.562017
vt 0.822448 0.578546
vt 0.859662 0.590259
vt 0.758902 0.535923
vt 0.274385 0.171653
vt 0.322134 0.150144
vt 0.288804 0.179846
vt 0.776407 0.117357
vt 0.754730 0.110585
vt 0.716832 0.117514
vt 0.086560 0.788897
vt 0.124335 0.780488
vt 0.132622 0.835007
vt 0.815527 0.509929
vt 0.849486 0.517432
vt 0.537302 0.620454
vt 0.598858 0.593092
vt 0.599292 0.641746
vt 0.665545 0.604644
vt 0.736689 0.506091
vt 0.760680 0.473106
vt 0.781572 0.494607
vt 0.878946 0.639151
vt 0.934279 0.629954
vt 0.939816 0.669107
vt 0.773709 0.151448
vt 0.753225 0.148540
vt 0.728850 0.148551
vt 0.935719 0.540522
vt 0.937174 0.591811
vt 0.746854 0.440029
vt 0.919039 0.847810
vt 0.907482 0.879335
vt 0.844781 0.466560
vt 0.863141 0.476361
vt 0.820609 0.447974
vt 0.543811 0.519934
vt 0.610724 0.516605
vt 0.773153 0.175495
vt 0.753296 0.174499
vt 0.732210 0.170183
vt 0.471002 0.030125
vt 0.457007 0.052175
vt 0.428526 0.017549
vt 0.349377 0.678103
vt 0.350829 0.738354
vt 0.304421 0.752847
vt 0.060631 0.537796
vt 0.069461 0.556955
vt 0.055597 0.544938
vt 0.303638 0.680209
vt 0.346851 0.799521
vt 0.300885 0.804966
vt 0.252859 0.771446
vt 0.245279 0.715298
vt 0.260099 0.813882
vt 0.304340 0.859699
vt 0.317156 0.903461
vt 0.277706 0.904669
vt 0.268710 0.866780
vt 0.325078 0.940891
vt 0.284679 0.943017
vt 0.325285 0.979167
vt 0.280911 0.975604
vt 0.156894 0.309049
vt 0.143177 0.294106
vt 0.153519 0.295271
vt 0.375195 0.890374
vt 0.347876 0.896348
vt 0.339736 0.847832
vt 0.358849 0.840640
vt 0.171604 0.284081
vt 0.164411 0.263866
vt 0.173477 0.270107
vt 0.381745 0.928405
vt 0.355413 0.936813
vt 0.174042 0.261292
vt 0.163203 0.250932
vt 0.359274 0.975564
vt 0.325283 0.978743
vt 0.359105 0.975393
vt 0.359254 0.975369
vt 0.139656 0.274474
vt 0.139585 0.278317
vt 0.130385 0.277969
vt 0.226307 0.907554
vt 0.220240 0.876706
vt 0.233704 0.947893
vt 0.194855 0.265507
vt 0.195712 0.246032
vt 0.200113 0.255260
vt 0.058785 0.605731
vt 0.068398 0.594944
vt 0.073067 0.610550
vt 0.219144 0.827103
vt 0.208334 0.734029
vt 0.221901 0.787530
vt 0.166475 0.812792
vt 0.164615 0.762436
vt 0.169694 0.854878
vt 0.173821 0.923978
vt 0.171943 0.892245
vt 0.176268 0.955224
vt 0.179834 0.977348
vt 0.178983 0.692460
vt 0.141136 0.711078
vt 0.417540 0.636964
vt 0.434394 0.639137
vt 0.431470 0.706553
vt 0.295758 0.610799
vt 0.340403 0.611813
vt 0.293534 0.550363
vt 0.340772 0.548684
vt 0.115047 0.578525
vt 0.206888 0.675610
vt 0.214955 0.653739
vt 0.241875 0.670746
vt 0.116377 0.614662
vt 0.095325 0.614662
vt 0.221156 0.592303
vt 0.246151 0.595170
vt 0.299930 0.501526
vt 0.340659 0.493338
vt 0.281622 0.438464
vt 0.315989 0.435641
vt 0.232391 0.509191
vt 0.232496 0.445612
vt 0.253605 0.444233
vt 0.260036 0.510069
vt 0.377201 0.487766
vt 0.176034 0.474398
vt 0.171512 0.487150
vt 0.115867 0.475707
vt 0.382838 0.543540
vt 0.175556 0.461552
vt 0.768924 0.354667
vt 0.349205 0.116290
vt 0.311559 0.092708
vt 0.229217 0.723199
vt 0.134842 0.874115
vt 0.117997 0.946854
vt 0.129745 0.912176
vt 0.125255 0.969817
vt 0.128763 0.985629
vt 0.274551 0.226029
vt 0.251670 0.221977
vt 0.258846 0.212328
vt 0.113764 0.734818
vt 0.417317 0.249376
vt 0.426815 0.259099
vt 0.409473 0.264113
vt 0.401213 0.251652
vt 0.461589 0.215410
vt 0.474461 0.225224
vt 0.453876 0.244372
vt 0.444597 0.235729
vt 0.452414 0.308459
vt 0.458862 0.329114
vt 0.445393 0.329895
vt 0.436349 0.309108
vt 0.427987 0.293160
vt 0.445940 0.292198
vt 0.437502 0.275566
vt 0.418199 0.278166
vt 0.497541 0.283715
vt 0.492018 0.259041
vt 0.521729 0.245108
vt 0.527863 0.274558
vt 0.507830 0.305788
vt 0.492610 0.306285
vt 0.474736 0.321287
vt 0.472183 0.296301
vt 0.470050 0.275339
vt 0.483697 0.239459
vt 0.462312 0.257648
vt 0.510059 0.226083
vt 0.430182 0.245167
vt 0.440020 0.253993
vt 0.457111 0.287492
vt 0.461034 0.306956
vt 0.467165 0.326903
vt 0.449601 0.269441
vt 0.505002 0.319668
vt 0.490614 0.322200
vt 0.517832 0.310566
vt 0.514561 0.321794
vt 0.527320 0.321079
vt 0.520453 0.326084
vt 0.406095 0.236967
vt 0.418131 0.234658
vt 0.435436 0.227648
vt 0.443933 0.206658
vt 0.460673 0.343377
vt 0.448150 0.343814
vt 0.481847 0.341285
vt 0.470773 0.342743
vt 0.491656 0.340489
vt 0.500253 0.333456
vt 0.499849 0.341529
vt 0.511146 0.337986
vt 0.510136 0.344017
vt 0.527479 0.336102
vt 0.525845 0.345820
vt 0.497918 0.379219
vt 0.513514 0.378539
vt 0.517802 0.389467
vt 0.498316 0.386825
vt 0.525309 0.375392
vt 0.531966 0.384410
vt 0.535633 0.366023
vt 0.546114 0.371524
vt 0.541206 0.352501
vt 0.548467 0.355355
vt 0.537047 0.337132
vt 0.536266 0.346206
vt 0.546667 0.339261
vt 0.516319 0.416254
vt 0.543463 0.406261
vt 0.561355 0.393391
vt 0.478856 0.378012
vt 0.480023 0.368592
vt 0.466661 0.373606
vt 0.486208 0.412199
vt 0.087740 0.961245
vt 0.466057 0.414696
vt 0.455710 0.376891
vt 0.494103 0.364188
vt 0.484882 0.360180
vt 0.505594 0.364495
vt 0.517642 0.365799
vt 0.529651 0.359674
vt 0.532237 0.297815
vt 0.540441 0.317215
vt 0.592062 0.337110
vt 0.599513 0.299784
vt 0.575871 0.368512
vt 0.610384 0.406857
vt 0.558093 0.446128
vt 0.532818 0.454190
vt 0.582203 0.432353
vt 0.569422 0.484808
vt 0.502144 0.457982
vt 0.480380 0.462945
vt 0.539059 0.240071
vt 0.609110 0.250040
vt 0.556600 0.360010
vt 0.561905 0.343035
vt 0.554891 0.299240
vt 0.559721 0.323109
vt 0.555574 0.279476
vt 0.561211 0.253110
vt 0.440811 0.175121
vt 0.510479 0.196785
vt 0.523255 0.215057
vt 0.487096 0.173820
vt 0.517964 0.181488
vt 0.464011 0.170378
vt 0.448867 0.167546
vt 0.431985 0.169770
vt 0.442133 0.160731
vt 0.490119 0.146806
vt 0.527624 0.149365
vt 0.463287 0.150848
vt 0.455681 0.153177
vt 0.542607 0.190793
vt 0.546765 0.152733
vt 0.570246 0.151196
vt 0.573159 0.193824
vt 0.604134 0.146472
vt 0.607806 0.192595
vt 0.643141 0.141876
vt 0.401685 0.220251
vt 0.395146 0.217475
vt 0.400443 0.207164
vt 0.405575 0.212708
vt 0.405290 0.200723
vt 0.411904 0.206518
vt 0.421821 0.217390
vt 0.414586 0.197503
vt 0.425864 0.199809
vt 0.409881 0.193637
vt 0.412762 0.225524
vt 0.406862 0.227023
vt 0.409135 0.224313
vt 0.413910 0.222242
vt 0.418159 0.216711
vt 0.413491 0.211840
vt 0.408582 0.214820
vt 0.405349 0.219926
vt 0.411557 0.218892
vt 0.548621 0.218543
vt 0.571694 0.225241
vt 0.402948 0.226174
vt 0.406891 0.222068
vt 0.405809 0.230639
vt 0.415467 0.229901
vt 0.430776 0.222743
vt 0.393241 0.232328
vt 0.401243 0.230302
vt 0.395169 0.239842
vt 0.393406 0.224256
vt 0.397087 0.224878
vt 0.474789 0.199866
vt 0.490821 0.214087
vt 0.451247 0.192712
vt 0.429171 0.188466
vt 0.418862 0.186947
vt 0.431175 0.181393
vt 0.415338 0.184738
vt 0.463050 0.356083
vt 0.451308 0.358412
vt 0.474174 0.354830
vt 0.492859 0.351107
vt 0.483727 0.352249
vt 0.501871 0.350163
vt 0.512568 0.351596
vt 0.525848 0.352476
vt 0.349184 0.434464
vt 0.367657 0.433739
vt 0.357196 0.166637
vt 0.343185 0.159329
vt 0.150813 0.500224
vt 0.105702 0.933384
vt 0.657347 0.783828
vt 0.714729 0.829253
vt 0.903313 0.401352
vt 0.888047 0.414583
vt 0.867564 0.390592
vt 0.892912 0.373093
vt 0.877544 0.357526
vt 0.893901 0.349235
vt 0.911528 0.356481
vt 0.752362 0.355239
vt 0.769276 0.339754
vt 0.836559 0.347100
vt 0.859976 0.349937
vt 0.833687 0.379387
vt 0.809602 0.346828
vt 0.779259 0.331262
vt 0.884707 0.339922
vt 0.792076 0.327859
vt 0.807111 0.320519
vt 0.820726 0.319773
vt 0.864236 0.325994
vt 0.874902 0.334761
vt 0.836310 0.316390
vt 0.851260 0.323162
vt 0.755786 0.193746
vt 0.771282 0.195349
vt 0.771107 0.203499
vt 0.779304 0.198435
vt 0.738234 0.194938
vt 0.921390 0.430975
vt 0.911428 0.447185
vt 0.939967 0.452210
vt 0.930387 0.464456
vt 0.915512 0.394683
vt 0.916721 0.321920
vt 0.899688 0.324435
vt 0.899478 0.318507
vt 0.902908 0.327234
vt 0.889288 0.328667
vt 0.888522 0.316021
vt 0.898582 0.337340
vt 0.870038 0.309290
vt 0.859506 0.297614
vt 0.875253 0.302413
vt 0.883081 0.301295
vt 0.870104 0.295033
vt 0.881237 0.293045
vt 0.890663 0.285920
vt 0.886510 0.286786
vt 0.890297 0.278960
vt 0.845633 0.268238
vt 0.842838 0.270621
vt 0.842247 0.259729
vt 0.853984 0.271027
vt 0.841454 0.277691
vt 0.840424 0.287401
vt 0.833690 0.283699
vt 0.846669 0.284108
vt 0.837150 0.298040
vt 0.819324 0.293104
vt 0.802130 0.300703
vt 0.781466 0.305597
vt 0.799311 0.288596
vt 0.803291 0.283808
vt 0.792372 0.288919
vt 0.803835 0.270625
vt 0.796204 0.280634
vt 0.789934 0.273426
vt 0.793751 0.273839
vt 0.794787 0.269921
vt 0.787267 0.264055
vt 0.766124 0.311487
vt 0.761684 0.315421
vt 0.767014 0.305740
vt 0.771878 0.317899
vt 0.764227 0.322990
vt 0.872736 0.437165
vt 0.855017 0.411531
vt 0.826524 0.399409
vt 0.733211 0.183084
vt 0.901957 0.465009
vt 0.809090 0.432238
vt 0.788988 0.428257
vt 0.711846 0.169668
vt 0.327774 0.339553
vt 0.348262 0.378261
vt 0.325455 0.380814
vt 0.303744 0.339425
vt 0.295325 0.377029
vt 0.273109 0.327866
vt 0.278963 0.206703
vt 0.309262 0.191033
vt 0.324998 0.199376
vt 0.296757 0.214077
vt 0.260680 0.202328
vt 0.367104 0.369970
vt 0.226398 0.329338
vt 0.242720 0.378603
vt 0.224496 0.383291
vt 0.208156 0.340637
vt 0.252908 0.320799
vt 0.265607 0.375538
vt 0.596811 0.686283
vt 0.649895 0.721810
vt 0.763380 0.826350
vt 0.766912 0.787800
vt 0.819943 0.792005
vt 0.718916 0.788478
vt 0.535700 0.663315
vt 0.434978 0.763162
vt 0.399162 0.782049
vt 0.404092 0.723922
vt 0.437790 0.870081
vt 0.405030 0.878296
vt 0.398749 0.826594
vt 0.433785 0.815803
vt 0.442093 0.915258
vt 0.409004 0.920017
vt 0.440882 0.957717
vt 0.396203 0.659646
vt 0.388035 0.598168
vt 0.415785 0.584113
vt 0.662134 0.671063
vt 0.436676 0.596109
vt 0.479973 0.705683
vt 0.477133 0.647303
vt 0.475750 0.756137
vt 0.473610 0.809479
vt 0.475014 0.868904
vt 0.476540 0.916573
vt 0.472084 0.958014
vt 0.476686 0.065531
vt 0.492095 0.033670
vt 0.474169 0.606710
vt 0.319578 0.995536
vt 0.276393 0.990186
vt 0.386555 0.979587
vt 0.358617 0.989874
vt 0.674830 0.512883
vt 0.409175 0.537883
vt 0.398764 0.486018
vt 0.169003 0.329655
vt 0.156336 0.321689
vt 0.176341 0.319269
vt 0.164864 0.338650
vt 0.153150 0.328258
vt 0.149915 0.319497
vt 0.147493 0.314638
vt 0.148734 0.323769
vt 0.143493 0.319993
vt 0.133580 0.309032
vt 0.129970 0.319719
vt 0.127272 0.316639
vt 0.124056 0.324487
vt 0.133233 0.321895
vt 0.140691 0.282043
vt 0.157312 0.290849
vt 0.150724 0.287227
vt 0.157015 0.284978
vt 0.166043 0.297332
vt 0.181998 0.310953
vt 0.190200 0.301651
vt 0.196549 0.292819
vt 0.184064 0.278113
vt 0.208504 0.288435
vt 0.179168 0.267883
vt 0.181183 0.261813
vt 0.165930 0.249433
vt 0.159430 0.241841
vt 0.167878 0.246478
vt 0.205350 0.233479
vt 0.202345 0.235987
vt 0.200646 0.226838
vt 0.208253 0.231170
vt 0.205829 0.255619
vt 0.204013 0.248035
vt 0.209818 0.251687
vt 0.207208 0.265881
vt 0.220141 0.261027
vt 0.223990 0.241959
vt 0.215017 0.284416
vt 0.226073 0.282333
vt 0.249866 0.259836
vt 0.243733 0.275412
vt 0.236998 0.265637
vt 0.232464 0.277718
vt 0.228420 0.268177
vt 0.235519 0.257635
vt 0.231273 0.258576
vt 0.227740 0.255604
vt 0.233459 0.252470
vt 0.241330 0.244315
vt 0.237416 0.244656
vt 0.241409 0.235089
vt 0.276885 0.217922
vt 0.325294 0.327686
vt 0.302110 0.321326
vt 0.277588 0.307625
vt 0.294805 0.224127
vt 0.196393 0.325517
vt 0.182093 0.339951
vt 0.212087 0.312790
vt 0.228096 0.302032
vt 0.240115 0.296050
vt 0.177464 0.353253
vt 0.258831 0.293617
vt 0.067591 0.577421
vt 0.065128 0.499604
vt 0.059341 0.477794
vt 0.060637 0.449835
vt 0.065360 0.930056
vt 0.250213 0.544398
vt 0.228097 0.546659
vt 0.135659 0.163095
vt 0.193540 0.147249
vt 0.191062 0.167332
vt 0.133282 0.133245
vt 0.097025 0.179398
vt 0.101526 0.135444
vt 0.062188 0.191090
vt 0.065654 0.141629
vt 0.180625 0.110667
vt 0.132201 0.128795
vt 0.132406 0.097344
vt 0.176840 0.130505
vt 0.096149 0.127884
vt 0.093652 0.098082
vt 0.066569 0.128570
vt 0.068819 0.096464
vt 0.281341 0.975267
vt 0.602738 0.496522
vt 0.088294 0.860825
vt 0.877166 0.796728
vt 0.055531 0.915067
vt 0.715919 0.539949
vt 0.719281 0.478372
vt 0.407795 0.140819
vt 0.203814 0.496925
vt 0.205145 0.444942
vt 0.368358 0.181427
vt 0.967798 0.198471
vt 0.937470 0.151414
vt 0.971186 0.164981
vt 0.955300 0.054513
vt 0.939267 0.035964
vt 0.921681 0.186168
vt 0.763605 0.370970
vt 0.910178 0.374808
vt 0.778320 0.206245
vt 0.053739 0.273070
vt 0.026351 0.252671
vt 0.054719 0.510123
vt 0.046716 0.514658
vt 0.044591 0.508623
vt 0.915304 0.346501
vt 0.053672 0.502680
vt 0.049337 0.487646
vt 0.047270 0.496181
vt 0.895161 0.293979
vt 0.839723 0.268463
vt 0.831610 0.269521
vt 0.784245 0.279975
vt 0.884906 0.283206
vt 0.768142 0.283748
vt 0.773321 0.389084
vt 0.928062 0.500764
vt 0.797491 0.128886
vt 0.537915 0.581583
vt 0.471469 0.569423
vt 0.444106 0.559463
vt 0.475558 0.515663
vt 0.057393 0.554033
vt 0.045670 0.548197
vt 0.928027 0.798800
vt 0.235207 0.972628
vt 0.222722 0.017178
vt 0.198503 0.051855
vt 0.200103 0.015060
vt 0.042127 0.479867
vt 0.193503 0.351525
vt 0.920933 0.205772
vt 0.512679 0.491455
vt 0.171162 0.040447
vt 0.171302 0.012568
vt 0.949262 0.122906
vt 0.822936 0.264129
vt 0.349309 0.337953
vt 0.412519 0.960880
vt 0.052182 0.562341
vt 0.055089 0.570270
vt 0.039318 0.565287
vt 0.051047 0.578316
vt 0.228722 0.246209
vt 0.054261 0.586320
vt 0.051877 0.593206
vt 0.040844 0.581640
vt 0.162229 0.357336
vt 0.150525 0.344722
vt 0.378604 0.360835
vt 0.075810 0.943232
vt 0.149813 0.672539
vt 0.101184 0.639955
vt 0.137809 0.634627
vt 0.147075 0.606158
vt 0.900050 0.290482
vt 0.245185 0.244099
vt 0.680177 0.453744
vt 0.624616 0.503424
vt 0.228306 0.058196
vt 0.089917 0.981272
vt 0.483881 0.189566
vt 0.914405 0.331292
vt 0.047368 0.470408
vt 0.649449 0.119421
vt 0.388126 0.418896
vt 0.252057 0.196189
vt 0.304961 0.138848
vt 0.685653 0.124199
vt 0.150816 0.277137
vt 0.188872 0.243948
vt 0.242209 0.253090
vt 0.246937 0.251743
vt 0.311046 0.224600
vt 0.307957 0.231021
vt 0.072310 0.537496
vt 0.410376 0.410057
vt 0.041141 0.462114
vt 0.876953 0.281275
vt 0.873786 0.274292
vt 0.847712 0.266197
vt 0.510805 0.109760
vt 0.466940 0.098882
vt 0.135390 0.302211
vt 0.679746 0.422635
vt 0.879109 0.760032
vt 0.061662 0.930716
vt 0.876911 0.715315
vt 0.280185 0.074736
vt 0.545625 0.486626
vt 0.690252 0.330963
vt 0.935964 0.078477
vt 0.931652 0.016007
vt 0.765777 0.212733
vt 0.908938 0.310929
vt 0.025925 0.458117
vt 0.025690 0.467299
vt 0.751425 0.316180
vt 0.051068 0.431278
vt 0.064153 0.428876
vt 0.765354 0.413408
vt 0.791524 0.160313
vt 0.695308 0.572745
vt 0.132559 0.325229
vt 0.385586 0.968530
vt 0.385516 0.968456
vt 0.199057 0.235374
vt 0.062055 0.612370
vt 0.245134 0.208664
vt 0.057099 0.599685
vt 0.269016 0.282747
vt 0.282085 0.295736
vt 0.166361 0.595204
vt 0.086203 0.426514
vt 0.091971 0.685662
vt 0.075788 0.652386
vt 0.057475 0.665574
vt 0.093676 0.994765
vt 0.109086 0.432493
vt 0.145426 0.443235
vt 0.046967 0.540516
vt 0.519454 0.329322
vt 0.506871 0.324343
vt 0.522804 0.334268
vt 0.482055 0.191869
vt 0.454504 0.184918
vt 0.918945 0.322719
vt 0.044862 0.440760
vt 0.138178 0.284289
vt 0.199536 0.589215
vt 0.094913 0.534353
vt 0.280953 0.975238
vt 0.235344 0.972547
vt 0.044178 0.596794
vt 0.172060 0.577171
vt 0.165779 0.561293
vt 0.934641 0.760237
vt 0.937961 0.713896
vt 0.857241 0.879622
vt 0.892735 0.596567
vt 0.447705 0.092919
vt 0.190770 0.626757
vt 0.324623 0.104843
vt 0.122811 0.683954
vt 0.497770 0.324811
vt 0.502962 0.331920
vt 0.584480 0.477592
vt 0.502147 0.206102
vt 0.677960 0.139644
vt 0.717407 0.207497
vt 0.919624 0.331307
vt 0.785125 0.181115
vt 0.717673 0.186253
vt 0.423120 0.479879
vt 0.155706 0.264791
vt 0.179096 0.251040
vt 0.297916 0.237029
vt 0.307234 0.310662
vt 0.325802 0.316690
vt 0.235424 0.242757
vt 0.490698 0.497899
vt 0.953401 0.465932
vt 0.907983 0.303990
vt 0.893425 0.284862
vt 0.855320 0.266638
vt 0.048611 0.451573
vt 0.908256 0.093050
vt 0.212080 0.242631
vt 0.450936 0.467000
vt 0.649403 0.500402
vt 0.071474 0.875781
vt 0.959717 0.030924
vt 0.926934 0.005045
vt 0.600388 0.123344
vt 0.874672 0.678919
vt 0.552554 0.120650
vt 0.811388 0.119182
vt 0.702684 0.152022
vt 0.182960 0.655980
vt 0.511846 0.335310
vt 0.967284 0.292077
vt 0.952181 0.288346
vt 0.974407 0.130244
vt 0.954120 0.111517
vt 0.969116 0.110600
vt 0.961877 0.301247
vt 0.956899 0.302462
vt 0.950498 0.289612
vt 0.085532 0.948045
vt 0.751450 0.371493
vt 0.947007 0.476948
vt 0.773008 0.216037
vt 0.920781 0.199635
vt 0.743544 0.213334
vt 0.720789 0.217324
vt 0.948767 0.442053
vt 0.959303 0.449117
vt 0.072848 0.515285
vt 0.061656 0.516208
vt 0.038645 0.501101
vt 0.030084 0.485033
vt 0.030138 0.476416
vt 0.804262 0.265621
vt 0.796012 0.267222
vt 0.750919 0.329539
vt 0.752854 0.339475
vt 0.336403 0.210275
vt 0.206130 0.389738
vt 0.090491 0.837991
vt 0.440505 0.527174
vt 0.143943 0.338803
vt 0.141377 0.328589
vt 0.150816 0.272123
vt 0.181515 0.246978
vt 0.169229 0.243365
vt 0.040889 0.557869
vt 0.043433 0.590110
vt 0.049992 0.604981
vt 0.288207 0.230568
vt 0.237452 0.220394
vt 0.080009 0.747573
vt 0.147298 0.551380
vt 0.167382 0.452021
vt 0.116273 0.511770
vt 0.093579 0.515072
vt 0.148590 0.009398
vt 0.207334 0.542661
vt 0.069673 0.703765
vt 0.513409 0.325258
vt 0.051925 0.610144
vt 0.422793 0.180582
vt 0.427846 0.174456
vt 0.419199 0.178911
vt 0.958872 0.100838
vt 0.933835 0.424438
vt 0.750586 0.297827
vt 0.034097 0.436092
vt 0.037819 0.492951
vt 0.137760 0.312760
vt 0.041038 0.574308
vt 0.216304 0.239683
vt 0.257513 0.266559
vt 0.346252 0.329588
vt 0.182684 0.629039
vt 0.116063 0.538370
vt 0.031953 0.446092
vt 0.716167 0.197939
vt 0.342183 0.315175
vn 0.704200 0.072800 0.706200
vn 0.750900 -0.153100 0.642400
vn 0.974300 0.148600 -0.169000
vn 0.545800 0.197800 0.814200
vn 0.631700 -0.533600 0.562300
vn 0.978500 0.168900 0.118100
vn 0.947300 -0.103900 -0.302800
vn 0.976500 0.102300 0.189700
vn 0.405000 -0.504300 0.762600
vn 0.335900 0.032700 0.941300
vn 0.375100 0.342400 0.861400
vn 0.765800 -0.156000 0.623800
vn 0.627900 -0.276200 0.727600
vn 0.844400 0.327000 -0.424300
vn 0.427300 0.267100 -0.863800
vn 0.620400 0.556300 -0.552800
vn 0.390900 -0.148600 0.908400
vn 0.848000 0.103300 0.519900
vn 0.761800 0.161900 0.627200
vn 0.810300 -0.251700 0.529100
vn 0.326800 0.493500 -0.806000
vn 0.585500 0.269300 -0.764600
vn 0.839800 0.225000 -0.494000
vn 0.000000 -0.943400 -0.331600
vn 0.858100 0.004000 0.513400
vn 0.830000 0.326400 0.452200
vn 0.741400 0.169800 -0.649200
vn 0.653700 0.756500 -0.018100
vn 0.184300 0.825400 -0.533600
vn -0.147100 0.951900 -0.268800
vn 0.068400 -0.212100 -0.974800
vn 0.663600 -0.087200 -0.743000
vn 0.694700 -0.267300 -0.667700
vn 0.111100 -0.348800 -0.930600
vn 0.067700 0.868700 -0.490600
vn -0.330300 0.934000 -0.135700
vn 0.701800 -0.363200 -0.612700
vn 0.107400 -0.364300 -0.925000
vn 0.641000 0.349700 -0.683200
vn 0.834800 0.427400 -0.346900
vn 0.608500 -0.255500 -0.751300
vn 0.899000 -0.180600 -0.398800
vn 0.899700 -0.124200 -0.418500
vn 0.764500 -0.148700 -0.627300
vn 0.991100 0.013800 0.132500
vn 0.990700 0.103100 -0.088400
vn 0.947800 0.315200 -0.048700
vn 0.943700 0.287300 0.163800
vn 0.000000 -0.963800 0.266600
vn -0.468600 -0.813600 0.344200
vn 0.468000 -0.436100 0.768600
vn 0.824100 0.563700 0.055100
vn 0.000000 -0.956200 0.292600
vn 0.839000 0.523700 0.147600
vn 0.590400 0.800500 0.103000
vn 0.639900 0.756900 0.132800
vn 0.344600 0.932300 0.109400
vn 0.373500 0.921000 0.110500
vn 0.000000 0.991900 0.127000
vn 0.000000 0.994600 0.103900
vn 0.000000 -0.978100 0.208300
vn 0.000000 -0.987500 0.157500
vn 0.363700 -0.915600 0.171500
vn 0.308300 -0.938500 0.155500
vn -0.674600 -0.332400 0.659000
vn -0.938100 -0.342700 0.049300
vn -0.972900 -0.210200 0.095700
vn 0.973700 0.226700 0.020900
vn 0.948500 0.312600 -0.050300
vn 0.157400 -0.261400 -0.952300
vn -0.898700 -0.257700 -0.354900
vn -0.327800 -0.944700 0.005700
vn 0.820800 0.567200 -0.067500
vn -0.919500 -0.170000 -0.354500
vn 0.591400 0.805500 -0.036000
vn -0.865900 -0.158800 -0.474300
vn 0.377700 0.925800 -0.009900
vn 0.433700 -0.901000 0.004600
vn 0.487400 -0.827600 0.278300
vn 0.000000 -0.998700 0.050400
vn 0.000000 1.000000 -0.003500
vn 0.000000 -0.999400 0.034900
vn 0.165200 -0.976300 0.139400
vn 0.000000 -0.980500 -0.196500
vn 0.808700 0.579600 -0.099600
vn 0.589300 0.785100 -0.190700
vn 0.324400 0.909100 -0.261100
vn 0.000000 0.956300 -0.292300
vn 0.774000 0.574700 -0.265800
vn 0.463500 0.780800 -0.419000
vn 0.226900 0.848000 -0.478900
vn 0.000000 0.867400 -0.497500
vn 0.405400 0.676400 -0.614900
vn 0.925000 -0.220300 0.309600
vn 0.757000 -0.586300 0.288300
vn 0.798100 -0.602200 0.019200
vn 0.918200 0.125500 0.375600
vn 0.960300 0.213400 0.179700
vn 0.191100 0.745900 -0.638000
vn 0.086800 0.477400 -0.874400
vn 0.892700 -0.433200 0.123800
vn 0.668400 0.461000 0.583600
vn 0.781700 -0.491700 0.383500
vn 0.464900 0.521900 0.715100
vn 0.515000 -0.243400 0.821900
vn 0.601600 -0.182100 0.777700
vn 0.580300 -0.330500 0.744300
vn 0.455700 -0.842700 0.286600
vn 0.512900 -0.849000 0.127200
vn 0.597100 0.481000 -0.641900
vn 0.000000 0.340400 -0.940300
vn 0.000000 0.553500 -0.832800
vn 0.760600 -0.124200 0.637300
vn 0.674900 -0.275100 0.684700
vn 0.704400 -0.471100 0.530900
vn 0.000000 -0.484700 0.874700
vn 0.000000 -0.980300 0.197700
vn 0.743300 -0.456300 -0.489100
vn 0.000000 -0.584400 -0.811500
vn 0.000000 0.713900 -0.700200
vn 0.544800 0.166600 0.821800
vn 0.000000 -0.088500 0.996100
vn 0.000000 0.160400 -0.987000
vn 0.000000 -0.124500 0.992200
vn 0.831800 -0.063800 0.551400
vn -0.464600 0.866200 0.183800
vn -0.251500 0.766600 0.590800
vn -0.832000 0.454800 0.317600
vn 0.786500 0.019300 -0.617200
vn 0.000000 -0.030900 -0.999500
vn 0.188200 0.703700 -0.685100
vn -0.070900 0.645000 0.760800
vn -0.853600 -0.452900 0.257200
vn 0.229500 -0.684200 0.692200
vn -0.528800 -0.776100 -0.343500
vn -0.930300 -0.257800 -0.260900
vn -0.765000 -0.377500 -0.521700
vn 0.983200 0.182400 -0.003500
vn 0.957200 0.120400 0.263000
vn 0.928400 -0.183700 0.322900
vn 0.997600 -0.014300 0.067400
vn 0.969000 0.173900 -0.175500
vn 0.982700 0.013100 -0.184500
vn 0.933100 0.062300 -0.354000
vn 0.165100 0.148000 0.975100
vn 0.933000 -0.055000 -0.355500
vn 0.822600 -0.332000 0.461600
vn 0.970200 -0.230600 0.074100
vn 0.968900 -0.187300 -0.161400
vn 0.900200 -0.239600 -0.363500
vn 0.000000 -0.657500 -0.753400
vn 0.000000 -0.536500 -0.843900
vn -0.066000 -0.432700 -0.899100
vn -0.290900 -0.636300 -0.714400
vn 0.000000 -0.105100 -0.994400
vn -0.089300 -0.097800 -0.991200
vn 0.055600 -0.326600 -0.943500
vn 0.000000 -0.413300 -0.910600
vn 0.138100 0.041700 -0.989500
vn 0.082600 -0.083600 -0.993100
vn -0.488400 -0.398300 -0.776400
vn -0.614600 -0.397700 -0.681200
vn 0.000000 -0.960400 -0.278700
vn 0.000000 -0.855500 -0.517800
vn -0.347900 -0.762900 -0.544800
vn -0.339600 -0.920500 -0.193100
vn 0.936600 -0.342500 0.073600
vn 0.941600 -0.302700 -0.147700
vn 0.880700 -0.267800 -0.390600
vn -0.052800 0.537500 0.841600
vn -0.905900 -0.339500 0.253000
vn 0.084500 -0.901200 0.424900
vn 0.765000 -0.427600 0.481600
vn -0.185300 0.371800 0.909600
vn 0.069200 -0.262500 -0.962400
vn -0.679900 -0.603400 0.416600
vn 0.670700 -0.561800 0.484200
vn 0.873600 -0.462400 0.151700
vn -0.636700 -0.282000 -0.717700
vn -0.931900 -0.224200 -0.284900
vn -0.969300 -0.210900 0.126600
vn 0.508200 -0.547300 0.664900
vn 0.350000 -0.878500 0.325200
vn -0.221600 -0.816200 0.533500
vn -0.651500 -0.333000 0.681600
vn 0.000000 -0.974000 -0.226700
vn 0.086100 -0.968000 -0.235500
vn -0.342400 0.161400 0.925600
vn 0.937300 -0.304800 0.168600
vn 0.975200 -0.212600 -0.061800
vn 0.907900 -0.158900 -0.387900
vn 0.721500 -0.407600 0.559600
vn -0.806100 0.282200 0.520200
vn -0.997400 0.071200 0.010900
vn -0.999200 0.012300 0.037000
vn -0.341900 -0.252300 -0.905200
vn -0.933600 -0.145900 -0.327200
vn -0.971100 -0.178600 0.158200
vn 0.965500 -0.257500 0.038500
vn 0.934200 -0.355500 -0.027700
vn 0.996200 0.065400 -0.058200
vn 0.954200 -0.068800 0.291000
vn 0.997400 -0.068900 -0.019000
vn 0.798900 -0.588300 0.125300
vn 0.657900 -0.749900 0.069500
vn 0.858900 -0.511600 -0.024200
vn 0.730100 -0.621100 0.284900
vn 0.096900 -0.448900 0.888300
vn -0.037600 -0.373800 0.926800
vn 0.661900 -0.242200 0.709400
vn 0.713300 -0.252300 -0.653900
vn 0.831200 -0.232300 -0.505100
vn 0.838100 -0.292500 -0.460400
vn -0.472100 -0.351500 -0.808400
vn -0.951300 -0.217900 -0.218100
vn -0.964100 -0.171200 0.202800
vn 0.815400 -0.205100 -0.541300
vn 0.792200 -0.234500 -0.563400
vn -0.714800 -0.277000 0.642100
vn 0.421700 0.345300 -0.838400
vn 0.127800 0.453400 -0.882100
vn 0.975200 0.058800 0.213400
vn 0.987000 -0.044400 -0.154500
vn 0.678900 -0.010500 0.734200
vn 0.807600 -0.580200 0.105000
vn 0.836600 -0.542400 0.076000
vn -0.457300 -0.292700 -0.839700
vn -0.940200 -0.219600 -0.260400
vn -0.971700 -0.127200 0.199000
vn 0.000000 -0.957800 0.287300
vn 0.139800 -0.944900 0.295800
vn 0.000000 -0.969200 0.246100
vn 0.986500 0.162300 0.022400
vn 0.980900 0.177900 -0.078400
vn 0.980500 0.123800 0.152500
vn -0.722500 -0.663500 0.194300
vn -0.084700 -0.995000 0.053300
vn -0.182900 -0.884400 0.429300
vn 0.956800 0.101700 0.272300
vn 0.956900 0.238500 -0.165800
vn 0.975200 0.212000 0.063100
vn 0.934300 0.030000 0.355200
vn 0.656100 0.159100 0.737700
vn 0.960800 0.138400 0.240400
vn 0.889000 0.455300 -0.048300
vn 0.702400 0.711400 -0.024200
vn 0.591100 0.796200 0.128900
vn 0.867900 0.490300 0.080100
vn 0.361000 0.932500 0.005500
vn 0.320600 0.921400 0.219800
vn 0.512700 0.858500 0.011200
vn 0.494800 0.838700 0.227300
vn -0.131100 0.899200 0.417300
vn -0.709500 -0.482800 0.513400
vn -0.751700 0.414400 0.513000
vn 0.749900 0.563200 -0.346900
vn 0.746000 0.607900 -0.271900
vn 0.900400 0.386200 -0.200300
vn 0.883200 0.352000 -0.309900
vn -0.013300 0.900400 0.434700
vn -0.766800 -0.431800 0.474800
vn -0.761200 0.381000 0.524700
vn 0.433500 0.797600 -0.419400
vn 0.403500 0.868200 -0.288700
vn -0.098200 0.613400 0.783600
vn -0.956100 -0.241500 0.166000
vn 0.504000 0.829800 -0.239600
vn 0.000000 0.999900 0.009100
vn 0.000000 0.986700 -0.162200
vn 0.000000 0.954900 -0.296900
vn -0.920700 -0.259800 0.291200
vn 0.894900 -0.441700 0.063400
vn 0.049200 -0.778600 0.625500
vn 0.538700 0.835100 0.111500
vn 0.856300 0.500000 0.129100
vn 0.193900 0.972100 0.132100
vn 0.133400 0.883600 0.448700
vn -0.769400 -0.482300 0.418700
vn -0.733100 0.400700 0.549500
vn 0.237900 -0.893000 0.382000
vn 0.054100 -0.995600 0.076300
vn 0.588100 -0.808200 0.031100
vn 0.979800 0.139900 0.143000
vn 0.921200 -0.265300 0.284600
vn 0.977600 -0.066200 0.199600
vn 0.997000 -0.077300 -0.001300
vn 0.919600 -0.368000 0.137500
vn 0.951100 0.304100 -0.054000
vn 0.416400 0.908900 0.020400
vn 0.757600 0.652500 0.012500
vn 0.129000 0.991100 0.033700
vn 0.000000 0.998700 0.049900
vn 0.815400 -0.429500 0.388000
vn 0.852100 -0.495900 0.167100
vn 0.820100 -0.127200 -0.557800
vn 0.916800 -0.213400 -0.337400
vn 0.993100 0.116200 -0.013800
vn 0.899800 -0.020400 0.435700
vn 0.996300 -0.003300 0.085200
vn 0.877300 -0.134000 0.460900
vn 0.981800 -0.183200 0.048500
vn -0.045200 -0.998500 -0.029600
vn 0.517600 -0.091700 0.850600
vn 0.155200 0.126000 0.979800
vn 0.614800 0.063100 0.786200
vn 0.629700 -0.770000 -0.102600
vn 0.653700 -0.756000 0.032700
vn 0.188400 -0.135300 0.972700
vn 0.635900 -0.059500 0.769500
vn 0.930300 -0.000600 0.366800
vn 0.992400 -0.121400 -0.017800
vn 0.875400 0.114500 0.469600
vn 0.997100 -0.069000 0.031200
vn -0.264900 -0.116400 0.957200
vn -0.446500 0.201700 0.871700
vn 0.312000 0.198400 0.929100
vn 0.575300 0.015700 0.817700
vn 0.834000 -0.217100 -0.507200
vn 0.045200 -0.899900 -0.433700
vn 0.435600 -0.754400 -0.490900
vn 0.010900 -0.999000 -0.042600
vn 0.858400 -0.232300 -0.457400
vn -0.254300 -0.857100 -0.447900
vn -0.882800 0.461000 0.090000
vn -0.998600 -0.051100 -0.014800
vn -0.690400 -0.350100 0.633000
vn 0.676400 -0.002100 0.736500
vn 0.800200 0.546400 -0.247100
vn 0.184000 0.982700 0.019800
vn 0.357300 0.892000 -0.276800
vn -0.017100 0.998800 0.044400
vn 0.000000 0.998200 0.059200
vn -0.655000 -0.704100 -0.274300
vn -0.717200 -0.677500 -0.163300
vn -0.965200 -0.058500 -0.254800
vn 0.801100 -0.598500 0.005200
vn 0.550300 0.754400 0.357700
vn 0.568000 0.699700 0.433200
vn 0.000000 0.861400 0.507800
vn 0.000000 0.909900 0.414800
vn 0.930400 -0.058700 0.361600
vn 0.957600 0.026500 0.286800
vn 0.918300 0.218700 0.329800
vn 0.938100 0.257000 0.232000
vn 0.368100 0.707600 0.603100
vn 0.240700 0.504300 0.829300
vn 0.000000 0.577100 0.816600
vn 0.000000 0.823800 0.566900
vn 0.000000 0.825600 0.564300
vn 0.490900 0.670700 0.556000
vn 0.533700 0.693400 0.484200
vn 0.000000 0.847700 0.530400
vn 0.875000 0.246200 0.416900
vn 0.951400 0.288100 0.108600
vn 0.974200 -0.063100 0.216400
vn 0.621800 -0.016300 0.783000
vn 0.594800 -0.073100 0.800500
vn 0.772900 -0.006600 0.634500
vn 0.664600 0.214400 0.715700
vn 0.900800 0.320900 0.292300
vn 0.904600 0.386400 0.179800
vn 0.970200 0.138600 0.198900
vn 0.912000 0.302500 0.277000
vn 0.977100 -0.151800 0.149100
vn 0.818000 0.485700 0.308200
vn 0.813600 0.441800 0.377800
vn 0.772000 0.525100 0.358000
vn 0.689000 0.487300 0.536400
vn 0.390900 0.438800 0.809100
vn 0.770300 0.511600 0.380600
vn 0.602300 -0.128800 0.787800
vn 0.584300 -0.128600 0.801200
vn 0.385400 -0.080800 0.919200
vn 0.512500 -0.040500 0.857700
vn 0.681800 0.017800 0.731300
vn 0.487700 0.213400 0.846500
vn 0.478200 0.751400 0.454700
vn 0.844500 0.442700 0.301200
vn 0.953100 0.134000 0.271500
vn 0.874400 -0.190100 0.446400
vn 0.258000 0.385500 0.885900
vn 0.000000 0.379800 0.925000
vn 0.267000 0.207300 0.941100
vn 0.286800 0.355400 0.889600
vn 0.146100 0.067700 0.986900
vn 0.645800 -0.569800 0.508200
vn 0.408900 -0.187600 0.893000
vn 0.580200 -0.478000 0.659400
vn 0.653500 -0.281600 0.702600
vn 0.730300 -0.210500 0.649900
vn 0.779100 -0.360800 0.512600
vn 0.228100 0.749400 0.621600
vn 0.536200 0.753900 0.379600
vn 0.526700 0.731900 0.432200
vn 0.275800 0.786500 0.552500
vn 0.821900 0.530400 0.207600
vn 0.753000 0.470000 0.460500
vn 0.936400 0.298100 0.184900
vn 0.764800 0.269500 0.585100
vn 0.916000 -0.002300 0.401200
vn 0.761200 0.137100 0.633800
vn 0.799000 -0.048900 0.599300
vn 0.930900 -0.228000 0.285200
vn 0.735800 0.092900 0.670800
vn 0.332000 0.772900 0.540600
vn 0.564100 0.569000 0.598400
vn 0.692900 0.359500 0.625000
vn 0.063700 0.710200 0.701000
vn 0.108700 0.521900 0.846000
vn 0.048700 0.625800 0.778500
vn 0.044300 0.823000 0.566300
vn 0.134100 0.955900 0.261200
vn 0.000000 0.813400 0.581700
vn 0.000000 0.684500 0.729000
vn 0.135100 0.472100 0.871100
vn 0.173700 0.368500 0.913200
vn 0.448800 0.507800 0.735300
vn 0.770600 0.421900 0.477600
vn 0.949300 0.181800 0.256500
vn 0.519200 0.049700 0.853200
vn 0.710400 0.096800 0.697100
vn 0.739500 0.095000 0.666300
vn 0.765500 -0.196400 0.612700
vn 0.701700 0.229500 0.674500
vn 0.746300 0.356600 0.562000
vn 0.415000 0.758200 0.502800
vn 0.201100 0.855000 0.478000
vn 0.611700 0.527000 0.590000
vn 0.141700 0.934600 0.326100
vn -0.034400 0.895400 0.444000
vn 0.000000 0.903600 0.428300
vn 0.850000 -0.270400 0.451900
vn 0.656100 -0.520700 0.546200
vn 0.679800 0.147600 0.718400
vn 0.675600 0.171900 0.716800
vn 0.638400 0.046700 0.768200
vn 0.638900 0.242000 0.730200
vn 0.625400 -0.210600 0.751300
vn 0.619600 -0.380400 0.686600
vn 0.433300 -0.531100 0.728100
vn 0.936500 -0.325100 0.131100
vn 0.959200 -0.273400 0.071500
vn 0.543900 -0.824500 -0.155800
vn 0.617500 -0.777000 -0.122200
vn 0.536800 -0.836000 0.113700
vn 0.349100 -0.845400 0.404100
vn 0.000000 -0.575900 0.817400
vn 0.000000 -0.875900 0.482300
vn 0.000000 -0.968400 -0.249500
vn 0.000000 -0.990000 -0.141200
vn 0.000000 -0.997300 -0.072400
vn 0.000000 -0.992700 0.120700
vn 0.678900 -0.727100 0.102100
vn 0.000000 -0.992600 0.121600
vn 0.000000 -0.946700 0.322200
vn 0.552800 -0.739800 0.383500
vn 0.000000 -0.934900 0.354900
vn 0.457300 -0.801800 0.384800
vn 0.000000 -0.962600 0.270800
vn 0.572500 -0.448900 0.686100
vn 0.000000 -0.358200 0.933600
vn 0.000000 -0.442700 0.896600
vn 0.635400 -0.319100 0.703100
vn 0.000000 -0.481500 0.876400
vn 0.584400 -0.265800 0.766700
vn 0.681800 -0.278400 0.676500
vn 0.427800 -0.346400 0.834800
vn 0.762300 -0.300400 0.573200
vn 0.000000 -0.439200 0.898400
vn 0.537300 -0.578300 0.613900
vn 0.620400 -0.199500 0.758400
vn 0.008000 -0.830700 0.556700
vn -0.242600 -0.732100 0.636500
vn 0.288900 -0.116700 0.950200
vn 0.712600 -0.106200 0.693400
vn 0.681400 -0.317900 0.659300
vn 0.724700 -0.372400 0.579800
vn 0.564900 -0.485400 0.667200
vn 0.856900 -0.386200 0.341400
vn 0.645200 -0.458800 0.610900
vn 0.337300 -0.217000 0.916000
vn 0.491000 -0.594900 0.636300
vn 0.558800 0.540700 0.628800
vn 0.924600 0.209500 0.318000
vn 0.925600 -0.108000 0.362800
vn 0.000000 0.567200 0.823500
vn 0.194300 0.507700 0.839300
vn 0.000000 0.792900 0.609300
vn 0.000000 -0.001600 1.000000
vn 0.245800 -0.042400 0.968400
vn 0.868100 -0.402100 0.290900
vn 0.960000 -0.242400 0.139800
vn 0.852200 -0.279600 0.442200
vn 0.685600 -0.413600 0.599000
vn 0.219600 -0.571100 0.790900
vn 0.263300 -0.882400 0.389800
vn 0.000000 -0.645500 0.763700
vn 0.198800 0.493100 0.846900
vn 0.000000 0.540300 0.841500
vn 0.171500 0.387800 0.905600
vn 0.111200 0.293100 0.949600
vn 0.155200 0.326700 0.932300
vn 0.377100 0.199500 0.904400
vn 0.737600 0.097200 0.668100
vn 0.883300 -0.065300 0.464200
vn 0.900600 -0.253400 -0.353100
vn 0.559300 -0.397200 -0.727600
vn -0.675600 -0.283200 -0.680700
vn -0.907500 -0.160500 -0.388100
vn 0.589600 -0.730200 -0.345200
vn 0.083900 0.992100 -0.092800
vn 0.944200 0.292000 0.152000
vn 0.909900 0.412200 -0.045900
vn 0.947800 0.302500 -0.100600
vn 0.931500 0.363800 0.003100
vn 0.648000 0.716600 0.258000
vn 0.910300 0.413900 0.005900
vn 0.535000 0.841000 0.080800
vn 0.923500 0.375600 0.078200
vn 0.735800 -0.677100 0.012800
vn -0.831700 -0.553700 -0.040900
vn -0.879300 0.469400 0.079700
vn 0.098300 0.980700 0.169200
vn 0.267200 0.948900 0.167900
vn 0.172900 0.837400 0.518400
vn -0.130200 0.969800 0.205900
vn -0.375800 0.916500 0.137300
vn 0.393700 0.903200 0.170800
vn -0.313900 0.927100 0.204800
vn -0.057400 0.988300 0.141500
vn -0.076900 0.976700 0.200400
vn 0.276600 0.940300 0.198300
vn 0.265500 0.930100 0.253600
vn 0.131400 0.982100 0.135200
vn 0.129300 0.961300 0.243300
vn -0.910300 -0.196100 -0.364500
vn -0.565200 -0.276000 -0.777300
vn -0.338400 -0.481900 -0.808200
vn 0.262200 -0.152400 -0.952900
vn -0.998800 -0.035100 -0.033800
vn 0.910900 0.051200 -0.409300
vn 0.888300 0.219400 -0.403500
vn 0.697900 -0.010000 -0.716100
vn 0.706500 0.029600 -0.707100
vn 0.759000 -0.635500 -0.141600
vn 0.846200 -0.523400 0.099100
vn 0.233000 0.697900 0.677200
vn -0.653000 0.195800 0.731600
vn 0.786600 0.366500 0.496900
vn 0.148000 0.883200 0.444900
vn 0.314600 0.722700 0.615400
vn 0.905800 0.317100 0.281000
vn 0.168900 0.847000 0.503900
vn 0.169100 0.769000 0.616400
vn 0.139800 0.697700 0.702500
vn 0.755700 0.346400 0.555700
vn -0.780100 0.217900 0.586500
vn -0.085400 0.266600 0.960000
vn 0.838800 -0.506700 0.199200
vn -0.135800 0.511300 0.848600
vn -0.045500 -0.921900 0.384600
vn 0.877600 -0.404400 0.257200
vn -0.088500 0.492400 0.865800
vn 0.005000 -0.971300 0.237900
vn 0.599300 -0.589700 0.541400
vn -0.125000 0.315800 0.940500
vn 0.053400 0.779800 0.623700
vn -0.841200 0.258200 0.475100
vn 0.768400 0.359700 0.529400
vn 0.043600 0.932700 0.358000
vn -0.095700 0.843200 0.528900
vn -0.049800 0.966000 0.253500
vn -0.296600 0.833300 0.466400
vn -0.001400 0.862200 0.506500
vn 0.779300 0.394200 0.487200
vn -0.845600 0.322200 0.425500
vn 0.706700 -0.541300 0.455500
vn -0.036400 0.438400 0.898000
vn -0.906200 -0.373900 0.197400
vn -0.058600 0.545200 0.836300
vn 0.919900 -0.377400 0.106600
vn 0.092000 -0.956300 0.277400
vn -0.137500 0.791700 0.595200
vn -0.864700 0.255700 0.432400
vn 0.638100 0.415900 0.647800
vn -0.205300 0.940400 0.271000
vn -0.929600 0.338500 0.145400
vn 0.995800 0.090800 0.011500
vn 0.691800 0.325600 0.644500
vn 0.148800 0.259700 0.954200
vn -0.994200 -0.067600 0.083000
vn 0.926600 0.050500 -0.372700
vn 0.151500 -0.101700 0.983200
vn -0.231600 -0.178300 0.956300
vn -0.766500 -0.129000 0.629100
vn 0.655000 -0.297500 -0.694600
vn 0.619900 -0.520800 -0.586900
vn 0.880900 -0.350000 -0.318500
vn 0.907700 -0.134400 -0.397500
vn 0.997600 -0.061700 -0.030200
vn 0.977700 0.205800 0.040500
vn -0.932800 -0.200700 -0.299100
vn -0.904800 -0.260800 -0.336700
vn -0.741900 -0.370700 -0.558700
vn -0.834100 -0.323700 -0.446700
vn -0.964400 0.258900 0.053600
vn 0.333800 -0.541800 -0.771300
vn 0.173800 0.790900 0.586700
vn 0.189500 0.384100 0.903600
vn -0.424600 0.378600 0.822400
vn -0.257700 0.789900 0.556300
vn 0.693700 0.641900 0.326500
vn 0.855600 0.233100 0.462200
vn 0.986400 -0.155600 -0.053400
vn 0.996300 -0.005200 0.085800
vn 0.917900 0.357100 -0.172900
vn 0.948200 0.265500 -0.174100
vn 0.921100 0.139700 -0.363300
vn 0.956400 0.291400 -0.019800
vn 0.956600 -0.254900 0.140900
vn 0.957600 0.264300 0.114100
vn 0.954300 0.272400 -0.123000
vn 0.971900 0.201600 -0.121700
vn 0.778700 0.622500 -0.077600
vn 0.782300 0.572700 -0.244900
vn 0.901500 0.395700 -0.175200
vn 0.897700 0.436800 0.056900
vn 0.475500 0.855900 -0.203300
vn 0.466200 0.806700 -0.363000
vn 0.000000 0.968800 -0.247700
vn 0.976800 0.091000 -0.193900
vn 0.938400 -0.153500 -0.309400
vn 0.563700 -0.290600 -0.773100
vn 0.937000 -0.319400 0.141500
vn 0.692500 -0.541000 -0.477200
vn 0.961600 0.040700 0.271200
vn 0.950100 -0.233300 0.206800
vn 0.934200 0.247500 0.256900
vn 0.860000 0.472500 0.192600
vn 0.723300 0.688400 0.052900
vn 0.443800 0.894900 -0.046300
vn 0.000000 0.996100 -0.088000
vn 0.241100 -0.964600 0.107100
vn 0.000000 -0.981100 0.193200
vn 0.837200 -0.520200 0.168500
vn 0.998400 -0.056300 -0.005100
vn 0.997300 -0.070800 -0.015400
vn 0.997300 -0.067800 0.028100
vn 0.997800 -0.065100 0.010100
vn 0.750500 -0.607000 0.261500
vn 0.443500 -0.223400 -0.868000
vn 0.464100 -0.271500 -0.843100
vn -0.421900 0.888200 0.181900
vn -0.220700 0.951800 0.212700
vn -0.221700 0.946700 0.233600
vn -0.941700 0.298400 0.155300
vn -0.936300 0.265500 0.230000
vn -0.025200 0.841000 0.540400
vn 0.713800 0.422300 0.558600
vn -0.793300 0.327600 0.513100
vn -0.084700 0.553800 0.828300
vn -0.764900 -0.458100 0.452800
vn 0.803300 -0.585900 0.106500
vn -0.948100 -0.225900 0.223800
vn -0.112100 -0.791100 0.601200
vn 0.176100 0.649200 0.739900
vn 0.119800 0.757700 0.641500
vn 0.047900 0.904000 0.424900
vn -0.006300 0.669100 0.743100
vn 0.780400 0.421900 0.461500
vn -0.025900 0.969400 0.244100
vn -0.083100 0.975800 0.202100
vn -0.100800 0.967000 0.233700
vn 0.079600 0.973700 0.213500
vn 0.006800 0.947800 0.318600
vn 0.097500 0.969300 0.225500
vn 0.081600 0.871000 0.484400
vn 0.748800 0.386700 0.538300
vn 0.118100 0.767300 0.630300
vn 0.040900 -0.703000 0.710000
vn 0.829700 -0.557100 0.034100
vn 0.807700 -0.587900 0.043500
vn 0.085100 0.710400 0.698600
vn -0.019700 -0.741100 0.671000
vn -0.955400 -0.275200 0.106900
vn 0.164900 0.846200 0.506600
vn 0.020100 0.562500 0.826600
vn 0.803600 0.346500 0.483900
vn 0.135000 0.935900 0.325300
vn 0.327900 0.821500 0.466500
vn 0.151300 -0.854500 0.497000
vn 0.175800 0.961100 0.212900
vn 0.195900 0.953000 0.230900
vn 0.837400 -0.504600 0.210100
vn 0.961000 0.238000 0.140700
vn 0.854400 0.417900 0.308700
vn 0.375600 0.902200 0.212000
vn 0.180700 0.928800 0.323300
vn 0.854900 0.257400 0.450500
vn 0.293800 0.793400 0.533100
vn -0.566200 0.353400 0.744600
vn 0.317900 0.419100 0.850400
vn 0.786300 -0.617800 -0.002400
vn 0.231500 0.717100 0.657400
vn 0.052900 -0.686500 0.725200
vn -0.901800 -0.217100 -0.373500
vn 0.662700 -0.285200 -0.692400
vn 0.909700 -0.200700 -0.363400
vn 0.993400 0.074900 -0.086200
vn -0.704700 -0.419400 -0.572200
vn -0.097800 0.966000 0.239200
vn -0.488300 0.863700 0.124200
vn 0.087600 0.974500 0.206600
vn 0.198500 0.964800 0.172200
vn 0.497800 0.859600 0.115000
vn -0.939900 0.341300 -0.004500
vn 0.973000 0.230600 0.004600
vn -0.017500 -0.996100 0.086400
vn 0.021100 -0.999800 0.006100
vn 0.022900 -0.998200 0.055800
vn -0.040000 -0.998700 0.029900
vn -0.407800 0.880700 0.240900
vn 0.614800 -0.101900 0.782100
vn 0.018200 -0.222800 0.974700
vn 0.939500 -0.141500 0.311900
vn 0.951000 -0.171300 0.257300
vn 0.947600 -0.187300 0.258700
vn 0.948300 -0.110600 0.297500
vn 0.773200 -0.144100 0.617500
vn 0.828500 -0.135500 0.543400
vn 0.000000 -0.258300 0.966000
vn 0.000000 -0.309200 0.951000
vn 0.935700 -0.154600 0.317100
vn 0.903100 -0.218500 0.369700
vn 0.896600 -0.230300 0.378200
vn 0.945200 -0.104800 0.309300
vn 0.702400 -0.232900 0.672600
vn 0.653700 -0.210300 0.726900
vn 0.000000 -0.210300 0.977600
vn 0.000000 -0.190200 0.981700
vn 0.000000 0.982900 0.184200
vn -0.103100 0.580100 0.808000
vn 0.957600 -0.281100 -0.062200
vn 0.550000 0.084100 -0.830900
vn 0.272500 0.923500 0.269900
vn 0.349300 -0.521000 0.778800
vn -0.495500 -0.507200 0.705100
vn 0.246600 -0.281600 -0.927300
vn -0.869100 -0.116200 0.480800
vn -0.854400 0.202800 0.478300
vn 0.184600 -0.414900 -0.890900
vn 0.877400 -0.300700 0.373800
vn 0.000000 0.879800 0.475200
vn 0.654400 0.419900 0.628700
vn 0.298700 0.413100 -0.860300
vn 0.128800 0.227300 -0.965200
vn 0.000000 0.398000 0.917400
vn -0.992800 0.113400 -0.037500
vn 0.793400 -0.608400 -0.019200
vn 0.302100 -0.324300 -0.896400
vn 0.485400 -0.349600 0.801400
vn 0.688200 -0.008600 0.725500
vn 0.033600 -0.971500 0.234700
vn 0.688300 -0.574400 0.443000
vn -0.558200 -0.683900 0.469700
vn 0.659800 -0.748600 0.064400
vn 0.036500 -0.950100 0.309700
vn 0.066600 -0.969700 0.235100
vn 0.092100 -0.953900 0.285400
vn 0.647900 -0.586600 0.485900
vn -0.930600 -0.349800 0.107100
vn -0.709000 -0.565300 0.421400
vn -0.672900 -0.598800 0.434300
vn -0.912900 -0.407600 -0.020000
vn -0.062400 -0.935100 0.348700
vn -0.823600 0.062300 0.563600
vn 0.444900 -0.201800 -0.872600
vn 0.664900 -0.198500 -0.720000
vn 0.583400 -0.807000 0.091600
vn 0.643200 -0.758500 0.104000
vn 0.475600 -0.738800 -0.477400
vn 0.887900 -0.425000 -0.176200
vn -0.085400 -0.888300 0.451200
vn 0.708800 -0.458800 0.535800
vn 0.615500 0.210500 -0.759500
vn 0.023300 0.986000 0.164800
vn 0.000000 -0.898200 0.439500
vn 0.725700 -0.607400 0.323000
vn 0.000000 -0.891800 0.452300
vn -0.008500 -0.948500 0.316400
vn -0.640100 0.683700 0.350500
vn 0.000000 -0.878400 0.477800
vn -0.069900 0.966300 0.247600
vn 0.614200 -0.698600 0.367100
vn 0.000000 -0.837300 0.546700
vn 0.000000 0.970600 0.240700
vn -0.037700 -0.970300 0.238800
vn -0.097800 -0.565900 -0.818600
vn 0.000000 0.913700 -0.406400
vn -0.083300 -0.898400 0.431100
vn -0.081400 -0.919700 0.384000
vn 0.742400 -0.484500 0.462700
vn -0.072200 -0.888500 0.453100
vn -0.625900 -0.537400 0.565100
vn 0.046600 -0.926500 0.373300
vn 0.112400 -0.890600 0.440700
vn 0.633500 -0.518400 0.574300
vn -0.753600 -0.657200 0.014300
vn -0.700200 -0.709900 0.076000
vn 0.856200 -0.326400 -0.400500
vn -0.165100 0.711200 0.683300
vn 0.760200 -0.552000 0.342400
vn 0.000000 -0.714800 0.699300
vn 0.885300 -0.282800 0.369000
vn 0.447000 -0.854300 -0.265100
vn -0.676200 -0.605700 0.419400
vn -0.938600 -0.177800 0.295600
vn -0.704200 0.072800 0.706200
vn -0.974300 0.148600 -0.169000
vn -0.750900 -0.153100 0.642400
vn -0.957600 -0.281100 -0.062200
vn -0.627900 -0.276200 0.727600
vn -0.335900 0.032700 0.941300
vn -0.272500 0.923500 0.269900
vn -0.545800 0.197800 0.814200
vn -0.631700 -0.533600 0.562300
vn -0.405000 -0.504300 0.762600
vn -0.765800 -0.156000 0.623800
vn -0.375100 0.342400 0.861400
vn -0.390900 -0.148600 0.908400
vn -0.848000 0.103300 0.519900
vn -0.761800 0.161900 0.627200
vn -0.810300 -0.251700 0.529100
vn -0.830000 0.326400 0.452200
vn -0.653700 0.756500 -0.018100
vn 0.147100 0.951900 -0.268800
vn -0.184300 0.825400 -0.533600
vn 0.330300 0.934000 -0.135700
vn -0.067700 0.868700 -0.490600
vn -0.111100 -0.348800 -0.930600
vn -0.107400 -0.364300 -0.925000
vn -0.701800 -0.363200 -0.612700
vn -0.641000 0.349700 -0.683200
vn -0.834800 0.427400 -0.346900
vn -0.947300 -0.103900 -0.302800
vn -0.978500 0.168900 0.118100
vn -0.991100 0.013800 0.132500
vn -0.947800 0.315200 -0.048700
vn -0.990700 0.103100 -0.088400
vn -0.943700 0.287300 0.163800
vn -0.468000 -0.436100 0.768600
vn 0.468600 -0.813600 0.344200
vn -0.824100 0.563700 0.055100
vn -0.839000 0.523700 0.147600
vn -0.760200 -0.552000 0.342400
vn -0.590400 0.800500 0.103000
vn -0.639900 0.756900 0.132800
vn -0.344600 0.932300 0.109400
vn -0.373500 0.921000 0.110500
vn -0.363700 -0.915600 0.171500
vn -0.308300 -0.938500 0.155500
vn -0.973700 0.226700 0.020900
vn -0.948500 0.312600 -0.050300
vn -0.157400 -0.261400 -0.952300
vn 0.327800 -0.944700 0.005700
vn 0.898700 -0.257700 -0.354900
vn -0.820800 0.567200 -0.067500
vn 0.919500 -0.170000 -0.354500
vn -0.591400 0.805500 -0.036000
vn 0.865900 -0.158800 -0.474300
vn -0.377700 0.925800 -0.009900
vn -0.165200 -0.976300 0.139400
vn -0.808700 0.579600 -0.099600
vn -0.589300 0.785100 -0.190700
vn -0.324400 0.909100 -0.261100
vn -0.774000 0.574700 -0.265800
vn -0.463500 0.780800 -0.419000
vn -0.226900 0.848000 -0.478900
vn 0.069900 0.966300 0.247600
vn 0.017100 0.998800 0.044400
vn -0.405400 0.676400 -0.614900
vn -0.620400 0.556300 -0.552800
vn -0.925000 -0.220300 0.309600
vn -0.798100 -0.602200 0.019200
vn -0.757000 -0.586300 0.288300
vn -0.960300 0.213400 0.179700
vn -0.918200 0.125500 0.375600
vn -0.191100 0.745900 -0.638000
vn -0.936500 -0.325100 0.131100
vn -0.892700 -0.433200 0.123800
vn -0.654400 0.419900 0.628700
vn -0.086800 0.477400 -0.874400
vn -0.668400 0.461000 0.583600
vn -0.781700 -0.491700 0.383500
vn -0.464900 0.521900 0.715100
vn -0.512900 -0.849000 0.127200
vn -0.455700 -0.842700 0.286600
vn -0.326800 0.493500 -0.806000
vn -0.597100 0.481000 -0.641900
vn -0.839800 0.225000 -0.494000
vn -0.704400 -0.471100 0.530900
vn -0.743300 -0.456300 -0.489100
vn -0.858100 0.004000 0.513400
vn -0.741400 0.169800 -0.649200
vn -0.831800 -0.063800 0.551400
vn 0.464600 0.866200 0.183800
vn 0.832000 0.454800 0.317600
vn 0.251500 0.766600 0.590800
vn -0.786500 0.019300 -0.617200
vn -0.188200 0.703700 -0.685100
vn 0.528800 -0.776100 -0.343500
vn 0.765000 -0.377500 -0.521700
vn 0.930300 -0.257800 -0.260900
vn -0.983200 0.182400 -0.003500
vn -0.928400 -0.183700 0.322900
vn -0.957200 0.120400 0.263000
vn -0.688300 -0.574400 0.443000
vn 0.070900 0.645000 0.760800
vn -0.165100 0.148000 0.975100
vn -0.997600 -0.014300 0.067400
vn -0.846200 -0.523400 0.099100
vn -0.969000 0.173900 -0.175500
vn -0.982700 0.013100 -0.184500
vn -0.933100 0.062300 -0.354000
vn -0.933000 -0.055000 -0.355500
vn -0.786600 0.366500 0.496900
vn -0.822600 -0.332000 0.461600
vn -0.970200 -0.230600 0.074100
vn -0.968900 -0.187300 -0.161400
vn -0.900200 -0.239600 -0.363500
vn 0.066000 -0.432700 -0.899100
vn 0.290900 -0.636300 -0.714400
vn -0.055600 -0.326600 -0.943500
vn 0.089300 -0.097800 -0.991200
vn -0.138100 0.041700 -0.989500
vn -0.082600 -0.083600 -0.993100
vn -0.068400 -0.212100 -0.974800
vn 0.488400 -0.398300 -0.776400
vn 0.614600 -0.397700 -0.681200
vn 0.347900 -0.762900 -0.544800
vn 0.339600 -0.920500 -0.193100
vn 0.037700 -0.970300 0.238800
vn 0.008500 -0.948500 0.316400
vn -0.022900 -0.998200 0.055800
vn -0.936600 -0.342500 0.073600
vn -0.941600 -0.302700 -0.147700
vn -0.880700 -0.267800 -0.390600
vn 0.052800 0.537500 0.841600
vn -0.084500 -0.901200 0.424900
vn 0.905900 -0.339500 0.253000
vn -0.765000 -0.427600 0.481600
vn 0.185300 0.371800 0.909600
vn -0.069200 -0.262500 -0.962400
vn 0.636700 -0.282000 -0.717700
vn 0.931900 -0.224200 -0.284900
vn 0.969300 -0.210900 0.126600
vn -0.349300 -0.521000 0.778800
vn 0.651500 -0.333000 0.681600
vn 0.221600 -0.816200 0.533500
vn -0.350000 -0.878500 0.325200
vn -0.086100 -0.968000 -0.235500
vn 0.342400 0.161400 0.925600
vn -0.937300 -0.304800 0.168600
vn -0.975200 -0.212600 -0.061800
vn -0.907900 -0.158900 -0.387900
vn -0.333800 -0.541800 -0.771300
vn -0.559300 -0.397200 -0.727600
vn -0.184600 -0.414900 -0.890900
vn 0.640100 0.683700 0.350500
vn 0.999200 0.012300 0.037000
vn 0.806100 0.282200 0.520200
vn -0.721500 -0.407600 0.559600
vn 0.997400 0.071200 0.010900
vn 0.341900 -0.252300 -0.905200
vn 0.854400 0.202800 0.478300
vn 0.933600 -0.145900 -0.327200
vn 0.971100 -0.178600 0.158200
vn 0.495500 -0.507200 0.705100
vn -0.954200 -0.068800 0.291000
vn -0.997400 -0.068900 -0.019000
vn -0.798900 -0.588300 0.125300
vn -0.858900 -0.511600 -0.024200
vn -0.657900 -0.749900 0.069500
vn -0.899000 -0.180600 -0.398800
vn -0.730100 -0.621100 0.284900
vn 0.037600 -0.373800 0.926800
vn -0.096900 -0.448900 0.888300
vn -0.661900 -0.242200 0.709400
vn -0.713300 -0.252300 -0.653900
vn -0.838100 -0.292500 -0.460400
vn -0.831200 -0.232300 -0.505100
vn 0.472100 -0.351500 -0.808400
vn 0.951300 -0.217900 -0.218100
vn 0.964100 -0.171200 0.202800
vn 0.714800 -0.277000 0.642100
vn -0.975200 0.058800 0.213400
vn -0.987000 -0.044400 -0.154500
vn -0.899700 -0.124200 -0.418500
vn -0.678900 -0.010500 0.734200
vn -0.836600 -0.542400 0.076000
vn -0.807600 -0.580200 0.105000
vn 0.457300 -0.292700 -0.839700
vn 0.940200 -0.219600 -0.260400
vn 0.971700 -0.127200 0.199000
vn -0.139800 -0.944900 0.295800
vn -0.464100 -0.271500 -0.843100
vn -0.986500 0.162300 0.022400
vn -0.980500 0.123800 0.152500
vn -0.980900 0.177900 -0.078400
vn -0.956800 0.101700 0.272300
vn -0.975200 0.212000 0.063100
vn -0.956900 0.238500 -0.165800
vn -0.934300 0.030000 0.355200
vn -0.656100 0.159100 0.737700
vn -0.960800 0.138400 0.240400
vn -0.889000 0.455300 -0.048300
vn -0.591100 0.796200 0.128900
vn -0.702400 0.711400 -0.024200
vn -0.867900 0.490300 0.080100
vn -0.742400 -0.484500 0.462700
vn -0.894900 -0.441700 0.063400
vn -0.119800 0.757700 0.641500
vn -0.320600 0.921400 0.219800
vn -0.361000 0.932500 0.005500
vn -0.494800 0.838700 0.227300
vn -0.512700 0.858500 0.011200
vn 0.006300 0.669100 0.743100
vn -0.749900 0.563200 -0.346900
vn -0.900400 0.386200 -0.200300
vn -0.746000 0.607900 -0.271900
vn -0.883200 0.352000 -0.309900
vn -0.433500 0.797600 -0.419400
vn -0.403500 0.868200 -0.288700
vn -0.504000 0.829800 -0.239600
vn -0.046600 -0.926500 0.373300
vn -0.748800 0.386700 0.538300
vn -0.133400 0.883600 0.448700
vn -0.538700 0.835100 0.111500
vn -0.856300 0.500000 0.129100
vn -0.193900 0.972100 0.132100
vn 0.733100 0.400700 0.549500
vn 0.769400 -0.482300 0.418700
vn -0.237900 -0.893000 0.382000
vn -0.588100 -0.808200 0.031100
vn -0.054100 -0.995600 0.076300
vn -0.979800 0.139900 0.143000
vn -0.921200 -0.265300 0.284600
vn -0.997000 -0.077300 -0.001300
vn -0.977600 -0.066200 0.199600
vn -0.780300 -0.464200 0.419000
vn -0.317900 0.419100 0.850400
vn -0.854900 0.257400 0.450500
vn -0.919600 -0.368000 0.137500
vn -0.951100 0.304100 -0.054000
vn 0.625900 -0.537400 0.565100
vn -0.786300 -0.617800 -0.002400
vn -0.231500 0.717100 0.657400
vn -0.416400 0.908900 0.020400
vn -0.757600 0.652500 0.012500
vn -0.129000 0.991100 0.033700
vn 0.704700 -0.419400 -0.572200
vn 0.097800 -0.565900 -0.818600
vn 0.834100 -0.323700 -0.446700
vn -0.012900 -0.564300 -0.825500
vn -0.815400 -0.429500 0.388000
vn -0.852100 -0.495900 0.167100
vn -0.820100 -0.127200 -0.557800
vn -0.993100 0.116200 -0.013800
vn -0.916800 -0.213400 -0.337400
vn -0.996300 -0.003300 0.085200
vn -0.899800 -0.020400 0.435700
vn -0.981800 -0.183200 0.048500
vn -0.877300 -0.134000 0.460900
vn 0.045200 -0.998500 -0.029600
vn -0.517600 -0.091700 0.850600
vn -0.614800 0.063100 0.786200
vn -0.155200 0.126000 0.979800
vn 0.084700 -0.995000 0.053300
vn 0.700200 -0.709900 0.076000
vn -0.635900 -0.059500 0.769500
vn -0.188400 -0.135300 0.972700
vn -0.992400 -0.121400 -0.017800
vn -0.930300 -0.000600 0.366800
vn -0.783700 -0.266400 -0.561000
vn -0.856200 -0.326400 -0.400500
vn -0.997100 -0.069000 0.031200
vn -0.875400 0.114500 0.469600
vn 0.040000 -0.998700 0.029900
vn 0.015900 -0.950800 0.309400
vn 0.264900 -0.116400 0.957200
vn -0.312000 0.198400 0.929100
vn 0.446500 0.201700 0.871700
vn -0.575300 0.015700 0.817700
vn -0.834000 -0.217100 -0.507200
vn -0.858400 -0.232300 -0.457400
vn 0.998600 -0.051100 -0.014800
vn 0.938100 -0.342700 0.049300
vn 0.972900 -0.210200 0.095700
vn 0.882800 0.461000 0.090000
vn -0.676400 -0.002100 0.736500
vn -0.780400 0.421900 0.461500
vn -0.996200 0.065400 -0.058200
vn -0.934200 -0.355500 -0.027700
vn -0.800200 0.546400 -0.247100
vn -0.184000 0.982700 0.019800
vn -0.357300 0.892000 -0.276800
vn 0.655000 -0.704100 -0.274300
vn 0.965200 -0.058500 -0.254800
vn 0.717200 -0.677500 -0.163300
vn -0.801100 -0.598500 0.005200
vn -0.550300 0.754400 0.357700
vn -0.568000 0.699700 0.433200
vn -0.930400 -0.058700 0.361600
vn -0.918300 0.218700 0.329800
vn -0.957600 0.026500 0.286800
vn -0.938100 0.257000 0.232000
vn -0.368100 0.707600 0.603100
vn -0.240700 0.504300 0.829300
vn -0.490900 0.670700 0.556000
vn -0.533700 0.693400 0.484200
vn -0.875000 0.246200 0.416900
vn -0.974200 -0.063100 0.216400
vn -0.951400 0.288100 0.108600
vn -0.621800 -0.016300 0.783000
vn -0.594800 -0.073100 0.800500
vn -0.772900 -0.006600 0.634500
vn -0.664600 0.214400 0.715700
vn -0.900800 0.320900 0.292300
vn -0.904600 0.386400 0.179800
vn -0.970200 0.138600 0.198900
vn -0.912000 0.302500 0.277000
vn -0.977100 -0.151800 0.149100
vn -0.813600 0.441800 0.377800
vn -0.818000 0.485700 0.308200
vn -0.689000 0.487300 0.536400
vn -0.772000 0.525100 0.358000
vn -0.390900 0.438800 0.809100
vn -0.770300 0.511600 0.380600
vn -0.602300 -0.128800 0.787800
vn -0.584300 -0.128600 0.801200
vn -0.512500 -0.040500 0.857700
vn -0.385400 -0.080800 0.919200
vn -0.487700 0.213400 0.846500
vn -0.681800 0.017800 0.731300
vn -0.844500 0.442700 0.301200
vn -0.478200 0.751400 0.454700
vn -0.953100 0.134000 0.271500
vn -0.874400 -0.190100 0.446400
vn -0.258000 0.385500 0.885900
vn -0.267000 0.207300 0.941100
vn -0.286800 0.355400 0.889600
vn -0.146100 0.067700 0.986900
vn -0.408900 -0.187600 0.893000
vn -0.645800 -0.569800 0.508200
vn -0.653500 -0.281600 0.702600
vn -0.580200 -0.478000 0.659400
vn -0.730300 -0.210500 0.649900
vn -0.779100 -0.360800 0.512600
vn -0.228100 0.749400 0.621600
vn -0.526700 0.731900 0.432200
vn -0.536200 0.753900 0.379600
vn -0.275800 0.786500 0.552500
vn -0.753000 0.470000 0.460500
vn -0.821900 0.530400 0.207600
vn -0.936400 0.298100 0.184900
vn -0.764800 0.269500 0.585100
vn -0.916000 -0.002300 0.401200
vn -0.761200 0.137100 0.633800
vn -0.799000 -0.048900 0.599300
vn -0.930900 -0.228000 0.285200
vn -0.735800 0.092900 0.670800
vn -0.332000 0.772900 0.540600
vn -0.564100 0.569000 0.598400
vn -0.692900 0.359500 0.625000
vn -0.063700 0.710200 0.701000
vn -0.108700 0.521900 0.846000
vn -0.048700 0.625800 0.778500
vn -0.044300 0.823000 0.566300
vn -0.135100 0.472100 0.871100
vn -0.173700 0.368500 0.913200
vn -0.448800 0.507800 0.735300
vn -0.770600 0.421900 0.477600
vn -0.949300 0.181800 0.256500
vn -0.519200 0.049700 0.853200
vn -0.710400 0.096800 0.697100
vn -0.739500 0.095000 0.666300
vn -0.765500 -0.196400 0.612700
vn -0.701700 0.229500 0.674500
vn -0.746300 0.356600 0.562000
vn -0.201100 0.855000 0.478000
vn -0.415000 0.758200 0.502800
vn -0.611700 0.527000 0.590000
vn -0.141700 0.934600 0.326100
vn 0.034400 0.895400 0.444000
vn -0.850000 -0.270400 0.451900
vn -0.656100 -0.520700 0.546200
vn -0.679800 0.147600 0.718400
vn -0.675600 0.171900 0.716800
vn -0.638900 0.242000 0.730200
vn -0.638400 0.046700 0.768200
vn -0.625400 -0.210600 0.751300
vn -0.619600 -0.380400 0.686600
vn -0.433300 -0.531100 0.728100
vn -0.959200 -0.273400 0.071500
vn -0.543900 -0.824500 -0.155800
vn -0.617500 -0.777000 -0.122200
vn -0.536800 -0.836000 0.113700
vn -0.349100 -0.845400 0.404100
vn -0.678900 -0.727100 0.102100
vn -0.552800 -0.739800 0.383500
vn -0.457300 -0.801800 0.384800
vn -0.572500 -0.448900 0.686100
vn -0.635400 -0.319100 0.703100
vn -0.584400 -0.265800 0.766700
vn -0.681800 -0.278400 0.676500
vn -0.427800 -0.346400 0.834800
vn -0.762300 -0.300400 0.573200
vn -0.537300 -0.578300 0.613900
vn -0.008000 -0.830700 0.556700
vn -0.620400 -0.199500 0.758400
vn 0.242600 -0.732100 0.636500
vn -0.288900 -0.116700 0.950200
vn -0.712600 -0.106200 0.693400
vn -0.681400 -0.317900 0.659300
vn -0.724700 -0.372400 0.579800
vn -0.564900 -0.485400 0.667200
vn -0.856900 -0.386200 0.341400
vn -0.645200 -0.458800 0.610900
vn -0.491000 -0.594900 0.636300
vn -0.337300 -0.217000 0.916000
vn -0.924600 0.209500 0.318000
vn -0.558800 0.540700 0.628800
vn -0.925600 -0.108000 0.362800
vn -0.194300 0.507700 0.839300
vn -0.245800 -0.042400 0.968400
vn -0.960000 -0.242400 0.139800
vn -0.868100 -0.402100 0.290900
vn -0.852200 -0.279600 0.442200
vn -0.685600 -0.413600 0.599000
vn -0.219600 -0.571100 0.790900
vn -0.263300 -0.882400 0.389800
vn -0.198800 0.493100 0.846900
vn -0.171500 0.387800 0.905600
vn -0.155200 0.326700 0.932300
vn -0.111200 0.293100 0.949600
vn -0.377100 0.199500 0.904400
vn -0.737600 0.097200 0.668100
vn -0.883300 -0.065300 0.464200
vn -0.900600 -0.253400 -0.353100
vn 0.675600 -0.283200 -0.680700
vn 0.907500 -0.160500 -0.388100
vn -0.083900 0.992100 -0.092800
vn -0.944200 0.292000 0.152000
vn -0.909900 0.412200 -0.045900
vn -0.947800 0.302500 -0.100600
vn -0.648000 0.716600 0.258000
vn -0.931500 0.363800 0.003100
vn -0.910300 0.413900 0.005900
vn -0.535000 0.841000 0.080800
vn -0.923500 0.375600 0.078200
vn -0.735800 -0.677100 0.012800
vn -0.098300 0.980700 0.169200
vn -0.267200 0.948900 0.167900
vn -0.172900 0.837400 0.518400
vn 0.130200 0.969800 0.205900
vn 0.879300 0.469400 0.079700
vn 0.375800 0.916500 0.137300
vn -0.393700 0.903200 0.170800
vn 0.313900 0.927100 0.204800
vn 0.057400 0.988300 0.141500
vn 0.076900 0.976700 0.200400
vn -0.276600 0.940300 0.198300
vn -0.265500 0.930100 0.253600
vn -0.131400 0.982100 0.135200
vn -0.129300 0.961300 0.243300
vn 0.565200 -0.276000 -0.777300
vn 0.910300 -0.196100 -0.364500
vn 0.338400 -0.481900 -0.808200
vn -0.262200 -0.152400 -0.952900
vn 0.998800 -0.035100 -0.033800
vn -0.910900 0.051200 -0.409300
vn -0.888300 0.219400 -0.403500
vn -0.697900 -0.010000 -0.716100
vn -0.706500 0.029600 -0.707100
vn -0.759000 -0.635500 -0.141600
vn -0.229500 -0.684200 0.692200
vn -0.233000 0.697900 0.677200
vn 0.653000 0.195800 0.731600
vn -0.148000 0.883200 0.444900
vn -0.314600 0.722700 0.615400
vn -0.905800 0.317100 0.281000
vn -0.168900 0.847000 0.503900
vn -0.169100 0.769000 0.616400
vn 0.676200 -0.605700 0.419400
vn -0.066600 -0.969700 0.235100
vn 0.780100 0.217900 0.586500
vn -0.139800 0.697700 0.702500
vn -0.755700 0.346400 0.555700
vn 0.085400 0.266600 0.960000
vn -0.838800 -0.506700 0.199200
vn 0.045500 -0.921900 0.384600
vn 0.135800 0.511300 0.848600
vn -0.877600 -0.404400 0.257200
vn -0.005000 -0.971300 0.237900
vn 0.088500 0.492400 0.865800
vn 0.930600 -0.349800 0.107100
vn -0.599300 -0.589700 0.541400
vn 0.125000 0.315800 0.940500
vn -0.053400 0.779800 0.623700
vn 0.841200 0.258200 0.475100
vn -0.768400 0.359700 0.529400
vn -0.043600 0.932700 0.358000
vn 0.095700 0.843200 0.528900
vn 0.049800 0.966000 0.253500
vn 0.296600 0.833300 0.466400
vn 0.001400 0.862200 0.506500
vn -0.779300 0.394200 0.487200
vn 0.845600 0.322200 0.425500
vn 0.036400 0.438400 0.898000
vn 0.058600 0.545200 0.836300
vn 0.906200 -0.373900 0.197400
vn -0.092000 -0.956300 0.277400
vn -0.919900 -0.377400 0.106600
vn -0.873600 -0.462400 0.151700
vn 0.137500 0.791700 0.595200
vn 0.864700 0.255700 0.432400
vn -0.638100 0.415900 0.647800
vn 0.205300 0.940400 0.271000
vn 0.929600 0.338500 0.145400
vn -0.995800 0.090800 0.011500
vn -0.691800 0.325600 0.644500
vn -0.148800 0.259700 0.954200
vn 0.994200 -0.067600 0.083000
vn -0.926600 0.050500 -0.372700
vn -0.764500 -0.148700 -0.627300
vn -0.151500 -0.101700 0.983200
vn 0.231600 -0.178300 0.956300
vn -0.655000 -0.297500 -0.694600
vn -0.880900 -0.350000 -0.318500
vn -0.619900 -0.520800 -0.586900
vn -0.907700 -0.134400 -0.397500
vn -0.997600 -0.061700 -0.030200
vn -0.977700 0.205800 0.040500
vn 0.932800 -0.200700 -0.299100
vn 0.741900 -0.370700 -0.558700
vn 0.904800 -0.260800 -0.336700
vn 0.964400 0.258900 0.053600
vn -0.173800 0.790900 0.586700
vn 0.424600 0.378600 0.822400
vn -0.189500 0.384100 0.903600
vn 0.257700 0.789900 0.556300
vn -0.693700 0.641900 0.326500
vn -0.855600 0.233100 0.462200
vn -0.996300 -0.005200 0.085800
vn -0.986400 -0.155600 -0.053400
vn -0.917900 0.357100 -0.172900
vn -0.921100 0.139700 -0.363300
vn -0.948200 0.265500 -0.174100
vn -0.844400 0.327000 -0.424300
vn -0.956400 0.291400 -0.019800
vn -0.956600 -0.254900 0.140900
vn -0.957600 0.264300 0.114100
vn -0.971900 0.201600 -0.121700
vn -0.954300 0.272400 -0.123000
vn -0.778700 0.622500 -0.077600
vn -0.901500 0.395700 -0.175200
vn -0.782300 0.572700 -0.244900
vn -0.897700 0.436800 0.056900
vn -0.475500 0.855900 -0.203300
vn -0.466200 0.806700 -0.363000
vn -0.976800 0.091000 -0.193900
vn -0.938400 -0.153500 -0.309400
vn -0.563700 -0.290600 -0.773100
vn -0.937000 -0.319400 0.141500
vn -0.692500 -0.541000 -0.477200
vn -0.950100 -0.233300 0.206800
vn -0.961600 0.040700 0.271200
vn -0.934200 0.247500 0.256900
vn -0.860000 0.472500 0.192600
vn -0.723300 0.688400 0.052900
vn -0.443800 0.894900 -0.046300
vn -0.241100 -0.964600 0.107100
vn -0.583400 -0.807000 0.091600
vn -0.643200 -0.758500 0.104000
vn -0.837200 -0.520200 0.168500
vn -0.998400 -0.056300 -0.005100
vn -0.997300 -0.070800 -0.015400
vn -0.997300 -0.067800 0.028100
vn -0.997800 -0.065100 0.010100
vn -0.750500 -0.607000 0.261500
vn -0.443500 -0.223400 -0.868000
vn 0.131100 0.899200 0.417300
vn 0.220700 0.951800 0.212700
vn 0.421900 0.888200 0.181900
vn 0.221700 0.946700 0.233600
vn 0.936300 0.265500 0.230000
vn 0.941700 0.298400 0.155300
vn 0.085400 -0.888300 0.451200
vn -0.713800 0.422300 0.558600
vn 0.025200 0.841000 0.540400
vn 0.793300 0.327600 0.513100
vn 0.084700 0.553800 0.828300
vn -0.803300 -0.585900 0.106500
vn 0.112100 -0.791100 0.601200
vn -0.176100 0.649200 0.739900
vn -0.049200 -0.778600 0.625500
vn -0.047900 0.904000 0.424900
vn 0.751700 0.414400 0.513000
vn 0.025900 0.969400 0.244100
vn 0.013300 0.900400 0.434700
vn 0.083100 0.975800 0.202100
vn 0.100800 0.967000 0.233700
vn -0.006800 0.947800 0.318600
vn -0.079600 0.973700 0.213500
vn -0.097500 0.969300 0.225500
vn -0.081600 0.871000 0.484400
vn 0.761200 0.381000 0.524700
vn 0.098200 0.613400 0.783600
vn -0.118100 0.767300 0.630300
vn 0.956100 -0.241500 0.166000
vn -0.040900 -0.703000 0.710000
vn -0.829700 -0.557100 0.034100
vn -0.807700 -0.587900 0.043500
vn 0.019700 -0.741100 0.671000
vn -0.085100 0.710400 0.698600
vn -0.164900 0.846200 0.506600
vn -0.020100 0.562500 0.826600
vn -0.803600 0.346500 0.483900
vn -0.135000 0.935900 0.325300
vn -0.327900 0.821500 0.466500
vn -0.175800 0.961100 0.212900
vn -0.195900 0.953000 0.230900
vn -0.854400 0.417900 0.308700
vn -0.180700 0.928800 0.323300
vn -0.375600 0.902200 0.212000
vn -0.961000 0.238000 0.140700
vn -0.293800 0.793400 0.533100
vn 0.566200 0.353400 0.744600
vn -0.052900 -0.686500 0.725200
vn 0.901800 -0.217100 -0.373500
vn -0.662700 -0.285200 -0.692400
vn -0.909700 -0.200700 -0.363400
vn -0.993400 0.074900 -0.086200
vn 0.488300 0.863700 0.124200
vn 0.097800 0.966000 0.239200
vn -0.087600 0.974500 0.206600
vn -0.198500 0.964800 0.172200
vn -0.497800 0.859600 0.115000
vn -0.973000 0.230600 0.004600
vn 0.017500 -0.996100 0.086400
vn -0.021100 -0.999800 0.006100
vn -0.010900 -0.999000 -0.042600
vn 0.407800 0.880700 0.240900
vn -0.614800 -0.101900 0.782100
vn -0.018200 -0.222800 0.974700
vn -0.939500 -0.141500 0.311900
vn -0.947600 -0.187300 0.258700
vn -0.951000 -0.171300 0.257300
vn -0.948300 -0.110600 0.297500
vn -0.773200 -0.144100 0.617500
vn -0.828500 -0.135500 0.543400
vn -0.935700 -0.154600 0.317100
vn -0.896600 -0.230300 0.378200
vn -0.903100 -0.218500 0.369700
vn -0.945200 -0.104800 0.309300
vn -0.653700 -0.210300 0.726900
vn -0.702400 -0.232900 0.672600
vn -0.976500 0.102300 0.189700
vn -0.663600 -0.087200 -0.743000
vn 0.103100 0.580100 0.808000
vn 0.165100 0.711200 0.683300
vn -0.694700 -0.267300 -0.667700
vn -0.725700 -0.607400 0.323000
vn -0.246600 -0.281600 -0.927300
vn 0.290600 -0.133000 0.947500
vn -0.134100 0.955900 0.261200
vn -0.965500 -0.257500 0.038500
vn -0.298700 0.413100 -0.860300
vn -0.427300 0.267100 -0.863800
vn -0.128800 0.227300 -0.965200
vn -0.877400 -0.300700 0.373800
vn -0.585500 0.269300 -0.764600
vn 0.992800 0.113400 -0.037500
vn -0.302100 -0.324300 -0.896400
vn -0.485400 -0.349600 0.801400
vn -0.580300 -0.330500 0.744300
vn -0.688200 -0.008600 0.725500
vn 0.254300 -0.857100 -0.447900
vn 0.558200 -0.683900 0.469700
vn -0.659800 -0.748600 0.064400
vn -0.036500 -0.950100 0.309700
vn -0.033600 -0.971500 0.234700
vn -0.647900 -0.586600 0.485900
vn 0.912900 -0.407600 -0.020000
vn 0.709000 -0.565300 0.421400
vn 0.672900 -0.598800 0.434300
vn -0.706700 -0.541300 0.455500
vn 0.679900 -0.603400 0.416600
vn 0.062400 -0.935100 0.348700
vn 0.823600 0.062300 0.563600
vn 0.738300 -0.659200 0.142800
vn 0.781500 -0.612600 0.118300
vn 0.766500 -0.129000 0.629100
vn -0.550000 0.084100 -0.830900
vn -0.664900 -0.198500 -0.720000
vn -0.608500 -0.255500 -0.751300
vn -0.615500 0.210500 -0.759500
vn -0.508200 -0.547300 0.664900
vn 0.948100 -0.225900 0.223800
vn -0.421700 0.345300 -0.838400
vn -1.000000 0.000000 0.000000
vn -0.005300 0.891900 -0.452100
vn 0.955400 -0.275200 0.106900
vn -0.837400 -0.504600 0.210100
vn 0.939900 0.341300 -0.004500
vn -0.151300 -0.854500 0.497000
vn -0.653700 -0.756000 0.032700
vn -0.629700 -0.770000 -0.102600
vn 0.938600 -0.177800 0.295600
vn -0.112400 -0.890600 0.440700
vn -0.331200 -0.855100 -0.398900
vn -0.447000 -0.854300 -0.265100
vn 0.869100 -0.116200 0.480800
vn 0.831700 -0.553700 -0.040900
vn -0.614200 -0.698600 0.367100
vn 0.000000 -0.646300 0.763100
vn 0.000000 -0.900800 0.434100
vn 0.000000 0.968400 0.249200
vn 0.759800 -0.624000 -0.182000
vn 0.653700 -0.731600 -0.193400
vn 0.182900 -0.884400 0.429300
vn 0.764900 -0.458100 0.452800
vn -0.708800 -0.458800 0.535800
vn -0.544800 0.166600 0.821800
vn -0.515000 -0.243400 0.821900
vn -0.760600 -0.124200 0.637300
vn -0.433700 -0.901000 0.004600
vn -0.487400 -0.827600 0.278300
vn 0.853600 -0.452900 0.257200
vn 0.066700 -0.971200 0.228700
vn -0.444900 -0.201800 -0.872600
vn -0.475600 -0.738800 -0.477400
vn -0.674900 -0.275100 0.684700
vn 0.920700 -0.259800 0.291200
vn 0.081400 -0.919700 0.384000
vn 0.072200 -0.888500 0.453100
vn 0.083300 -0.898400 0.431100
vn 0.674600 -0.332400 0.659000
vn 0.753600 -0.657200 0.014300
vn 1.000000 0.000000 0.000000
vn 0.000000 0.962500 0.271300
vn -0.717500 -0.501100 0.483800
vn 0.161900 -0.907700 -0.387200
vn 0.531200 -0.752900 -0.388400
vn -0.743200 0.021500 -0.668800
vn -0.814200 -0.173600 -0.553900
vn -0.092100 -0.953900 0.285400
vn -0.290600 -0.133000 0.947500
vn 0.780300 -0.464200 0.419000
vn -0.161900 -0.907700 -0.387200
vn 0.012900 -0.564300 -0.825500
vn 0.331200 -0.855100 -0.398900
vn 0.783700 -0.266400 -0.561000
vn -0.015900 -0.950800 0.309400
vn 0.717500 -0.501100 0.483800
vn 0.799900 -0.227600 -0.555300
vn -0.066700 -0.971200 0.228700
vn 0.000000 -0.992800 0.119600
vn 0.000000 0.999900 0.014800
vn -0.018100 -0.884100 0.466800
vn 0.000000 -0.943400 0.331500
vn -0.759800 -0.624000 -0.182000
vn -0.653700 -0.731600 -0.193400
vn -0.738300 -0.659200 0.142800
vn -0.781500 -0.612600 0.118300
vn -0.531200 -0.752900 -0.388400
vn 0.000000 0.524200 0.851600
vn 0.814200 -0.173600 -0.553900
vn 0.743200 0.021500 -0.668800
vn -0.601600 -0.182100 0.777700
vn -0.670700 -0.561800 0.484200
vn -0.792200 -0.234500 -0.563400
vn -0.815400 -0.205100 -0.541300
vn -0.127800 0.453400 -0.882100
vn 0.722500 -0.663500 0.194300
vn 0.709500 -0.482800 0.513400
vn 0.766800 -0.431800 0.474800
vn -0.633500 -0.518400 0.574300
vn -0.045200 -0.899900 -0.433700
vn -0.435600 -0.754400 -0.490900
vn 0.690400 -0.350100 0.633000
vn -0.589600 -0.730200 -0.345200
vn -0.799900 -0.227600 -0.555300
vn -0.887900 -0.425000 -0.176200
vn 0.018100 -0.884100 0.466800
vn -0.793400 -0.608400 -0.019200
vn -0.885300 -0.282800 0.369000
usemtl None
s 1
f 1/1/1 2/2/2 3/3/3
f 1/1/1 6/4/4 7/5/5
f 8/6/6 9/7/7 10/8/8
f 1/1/1 7/5/5 11/9/9
f 2/2/2 1/1/1 11/9/9
f 5/10/10 12/11/11 13/12/12
f 5/10/10 13/12/12 7/5/5
f 6/4/4 5/10/10 7/5/5
f 4/13/13 2/2/2 11/9/9
f 17/14/14 15/15/15 14/16/16
f 4/13/13 11/9/9 18/17/17
f 20/18/18 4/13/13 18/17/17
f 20/18/18 18/17/17 21/19/19
f 11/9/9 7/5/5 22/20/20
f 23/21/21 24/22/22 25/23/23
f 7/5/5 13/12/12 22/20/20
f 18/17/17 11/9/9 22/20/20
f 26/24/24 27/25/25 24/22/22
f 21/19/19 18/17/17 22/20/20
f 21/19/19 22/20/20 28/26/26
f 24/22/22 27/25/25 29/27/27
f 12/11/11 28/26/26 13/12/12
f 20/18/18 21/19/19 28/26/26
f 13/12/12 28/26/26 22/20/20
f 24/22/22 29/27/27 25/23/23
f 30/28/28 31/29/29 32/30/30
f 33/31/31 34/32/32 35/33/33
f 33/31/31 35/33/33 36/34/34
f 31/29/29 37/35/35 38/36/36
f 36/34/34 39/37/37 40/38/38
f 31/29/29 38/36/36 32/30/30
f 36/34/34 35/33/33 39/37/37
f 41/39/39 42/40/40 37/35/35
f 41/39/39 37/35/35 31/29/29
f 9/7/7 8/6/6 42/40/40
f 45/41/41 44/42/42 46/43/43
f 9/7/7 42/40/40 41/39/39
f 45/41/41 46/43/43 47/44/44
f 48/45/45 49/46/46 50/47/47
f 48/45/45 50/47/47 51/48/48
f 52/49/49 53/50/50 54/51/51
f 51/48/48 50/47/47 55/52/52
f 52/49/49 54/51/51 56/53/53
f 51/48/48 55/52/52 57/54/54
f 57/54/54 55/52/52 58/55/55
f 57/54/54 58/55/55 60/56/56
f 60/56/56 58/55/55 61/57/57
f 60/56/56 61/57/57 62/58/58
f 62/58/58 61/57/57 65/59/59
f 62/58/58 65/59/59 66/60/60
f 69/61/61 70/62/62 71/63/63
f 69/61/61 71/63/63 72/64/64
f 73/65/65 74/66/66 75/67/67
f 50/47/47 49/46/46 76/68/68
f 50/47/47 76/68/68 78/69/69
f 55/52/52 50/47/47 78/69/69
f 79/70/70 80/71/71 64/72/72
f 55/52/52 78/69/69 81/73/73
f 58/55/55 55/52/52 81/73/73
f 79/70/70 82/74/74 80/71/71
f 58/55/55 81/73/73 83/75/75
f 61/57/57 58/55/55 83/75/75
f 79/70/70 84/76/76 82/74/74
f 61/57/57 83/75/75 85/77/77
f 86/78/78 87/79/79 88/80/80
f 65/59/59 61/57/57 85/77/77
f 65/59/59 85/77/77 91/81/81
f 71/63/63 70/62/62 92/82/82
f 71/63/63 92/82/82 93/83/83
f 86/78/78 88/80/80 94/84/84
f 81/73/73 78/69/69 95/85/85
f 83/75/75 81/73/73 95/85/85
f 83/75/75 95/85/85 96/86/86
f 85/77/77 83/75/75 96/86/86
f 85/77/77 96/86/86 99/87/87
f 91/81/81 85/77/77 99/87/87
f 91/81/81 99/87/87 100/88/88
f 96/86/86 95/85/85 101/89/89
f 96/86/86 101/89/89 102/90/90
f 99/87/87 96/86/86 102/90/90
f 99/87/87 102/90/90 105/91/91
f 100/88/88 99/87/87 105/91/91
f 100/88/88 105/91/91 106/92/92
f 101/89/89 14/16/16 16/93/93
f 101/89/89 16/93/93 102/90/90
f 110/94/94 111/95/95 112/96/96
f 28/26/26 113/97/97 114/98/98
f 102/90/90 16/93/93 115/99/99
f 102/90/90 115/99/99 105/91/91
f 16/93/93 19/100/100 115/99/99
f 117/101/101 118/102/102 119/103/103
f 119/103/103 118/102/102 120/104/104
f 123/105/105 124/106/106 125/107/107
f 111/95/95 121/108/108 122/109/109
f 111/95/95 122/109/109 112/96/96
f 23/21/21 25/23/23 126/110/110
f 126/110/110 25/23/23 127/111/111
f 126/110/110 127/111/111 128/112/112
f 129/113/113 130/114/114 125/107/107
f 131/115/115 132/116/116 133/117/117
f 134/118/118 131/115/115 133/117/117
f 135/119/119 134/118/118 133/117/117
f 136/120/120 126/110/110 128/112/112
f 137/121/121 129/113/113 125/107/107
f 26/24/24 138/122/122 27/25/25
f 25/23/23 29/27/27 139/123/123
f 25/23/23 139/123/123 127/111/111
f 124/106/106 137/121/121 125/107/107
f 138/122/122 140/124/124 141/125/125
f 142/126/126 143/127/127 144/128/128
f 138/122/122 141/125/125 27/25/25
f 140/124/124 132/116/116 131/115/115
f 140/124/124 131/115/115 141/125/125
f 27/25/25 141/125/125 145/129/129
f 27/25/25 145/129/129 29/27/27
f 141/125/125 131/115/115 134/118/118
f 141/125/125 134/118/118 145/129/129
f 29/27/27 145/129/129 148/130/130
f 29/27/27 148/130/130 139/123/123
f 145/129/129 134/118/118 135/119/119
f 145/129/129 135/119/119 148/130/130
f 149/131/131 136/120/120 106/92/92
f 136/120/120 149/131/131 23/21/21
f 136/120/120 23/21/21 126/110/110
f 20/18/18 28/26/26 114/98/98
f 19/100/100 23/21/21 149/131/131
f 150/132/132 151/133/133 152/134/134
f 19/100/100 149/131/131 115/99/99
f 105/91/91 115/99/99 149/131/131
f 105/91/91 149/131/131 106/92/92
f 153/135/135 147/136/136 154/137/137
f 155/138/138 156/139/139 157/140/140
f 155/138/138 157/140/140 159/141/141
f 161/142/142 155/138/138 159/141/141
f 161/142/142 159/141/141 162/143/143
f 163/144/144 161/142/142 162/143/143
f 158/145/145 151/133/133 150/132/132
f 163/144/144 162/143/143 164/146/146
f 159/141/141 157/140/140 166/147/147
f 159/141/141 166/147/147 167/148/148
f 162/143/143 159/141/141 167/148/148
f 162/143/143 167/148/148 168/149/149
f 164/146/146 162/143/143 168/149/149
f 164/146/146 168/149/149 169/150/150
f 170/151/151 171/152/152 172/153/153
f 170/151/151 172/153/153 173/154/154
f 174/155/155 175/156/156 176/157/157
f 174/155/155 176/157/157 177/158/158
f 178/159/159 179/160/160 176/157/157
f 178/159/159 176/157/157 175/156/156
f 33/31/31 36/34/34 180/161/161
f 33/31/31 180/161/161 172/153/153
f 36/34/34 40/38/38 181/162/162
f 36/34/34 181/162/162 180/161/161
f 173/154/154 172/153/153 180/161/161
f 182/163/163 183/164/164 184/165/165
f 182/163/163 184/165/165 185/166/166
f 183/164/164 170/151/151 173/154/154
f 183/164/164 173/154/154 184/165/165
f 173/154/154 180/161/161 181/162/162
f 173/154/154 181/162/162 184/165/165
f 168/149/149 167/148/148 188/167/167
f 168/149/149 188/167/167 189/168/168
f 169/150/150 168/149/149 189/168/168
f 169/150/150 189/168/168 190/169/169
f 191/170/170 192/171/171 193/172/172
f 167/148/148 166/147/147 194/173/173
f 167/148/148 194/173/173 188/167/167
f 195/174/174 192/171/171 191/170/170
f 181/162/162 40/38/38 196/175/175
f 197/176/176 198/177/177 199/178/178
f 181/162/162 196/175/175 200/179/179
f 184/165/165 181/162/162 200/179/179
f 184/165/165 200/179/179 201/180/180
f 184/165/165 201/180/180 202/181/181
f 184/165/165 202/181/181 185/166/166
f 203/182/182 204/183/183 205/184/184
f 185/166/166 202/181/181 206/185/185
f 185/166/166 206/185/185 205/184/184
f 93/83/83 204/183/183 71/63/63
f 92/82/82 210/186/186 211/187/187
f 92/82/82 211/187/187 93/83/83
f 210/186/186 182/163/163 185/166/166
f 210/186/186 185/166/166 211/187/187
f 93/83/83 211/187/187 205/184/184
f 93/83/83 205/184/184 204/183/183
f 144/128/128 143/127/127 213/188/188
f 185/166/166 205/184/184 211/187/187
f 189/168/168 188/167/167 214/189/189
f 189/168/168 214/189/189 215/190/190
f 190/169/169 189/168/168 215/190/190
f 190/169/169 215/190/190 43/191/191
f 188/167/167 194/173/173 220/192/192
f 188/167/167 220/192/192 214/189/189
f 218/193/193 221/194/194 219/195/195
f 200/179/179 196/175/175 222/196/196
f 201/180/180 200/179/179 222/196/196
f 201/180/180 222/196/196 223/197/197
f 202/181/181 201/180/180 223/197/197
f 202/181/181 223/197/197 224/198/198
f 206/185/185 202/181/181 224/198/198
f 225/199/199 226/200/200 227/201/201
f 215/190/190 214/189/189 228/202/202
f 215/190/190 228/202/202 229/203/203
f 230/204/204 231/205/205 232/206/206
f 43/191/191 215/190/190 229/203/203
f 43/191/191 229/203/203 44/42/42
f 232/206/206 231/205/205 233/207/207
f 220/192/192 234/208/208 235/209/209
f 220/192/192 235/209/209 236/210/210
f 214/189/189 220/192/192 236/210/210
f 237/211/211 238/212/212 239/213/213
f 214/189/189 236/210/210 228/202/202
f 223/197/197 222/196/196 240/214/214
f 223/197/197 240/214/214 241/215/215
f 224/198/198 223/197/197 241/215/215
f 224/198/198 241/215/215 243/216/216
f 45/41/41 244/217/217 242/218/218
f 234/208/208 245/219/219 235/209/209
f 15/15/15 246/220/220 247/221/221
f 229/203/203 228/202/202 248/222/222
f 229/203/203 248/222/222 249/223/223
f 19/100/100 247/221/221 24/22/22
f 44/42/42 229/203/203 249/223/223
f 44/42/42 249/223/223 46/43/43
f 19/100/100 24/22/22 23/21/21
f 228/202/202 236/210/210 250/224/224
f 231/205/205 251/225/225 252/226/226
f 228/202/202 250/224/224 248/222/222
f 233/207/207 231/205/205 252/226/226
f 241/215/215 240/214/214 208/227/227
f 241/215/215 208/227/227 253/228/228
f 243/216/216 241/215/215 253/228/228
f 243/216/216 253/228/228 254/229/229
f 255/230/230 63/231/231 64/72/72
f 255/230/230 64/72/72 257/232/232
f 258/233/233 259/234/234 260/235/235
f 261/236/236 262/237/237 263/238/238
f 258/233/233 260/235/235 264/239/239
f 259/234/234 265/240/240 266/241/241
f 259/234/234 266/241/241 260/235/235
f 257/232/232 64/72/72 53/50/50
f 257/232/232 53/50/50 52/49/49
f 264/239/239 260/235/235 267/242/242
f 264/239/239 267/242/242 268/243/243
f 260/235/235 266/241/241 269/244/244
f 260/235/235 269/244/244 267/242/242
f 270/245/245 271/246/246 272/247/247
f 270/245/245 272/247/247 273/248/248
f 271/246/246 276/249/249 277/250/250
f 271/246/246 277/250/250 272/247/247
f 276/249/249 280/251/251 281/252/252
f 276/249/249 281/252/252 277/250/250
f 283/253/253 284/254/254 285/255/255
f 266/241/241 270/245/245 273/248/248
f 266/241/241 273/248/248 269/244/244
f 287/256/256 288/257/257 289/258/258
f 287/256/256 289/258/258 291/259/259
f 288/257/257 271/246/246 270/245/245
f 288/257/257 270/245/245 289/258/258
f 278/260/260 290/261/261 293/262/262
f 294/263/263 295/264/264 288/257/257
f 294/263/263 288/257/257 287/256/256
f 295/264/264 276/249/249 271/246/246
f 295/264/264 271/246/246 288/257/257
f 296/265/265 290/261/261 298/266/266
f 299/267/267 280/251/251 276/249/249
f 300/268/268 280/251/251 299/267/267
f 300/268/268 299/267/267 301/269/269
f 299/267/267 276/249/249 295/264/264
f 302/270/270 301/269/269 299/267/267
f 291/259/259 289/258/258 265/240/240
f 265/240/240 289/258/258 270/245/245
f 265/240/240 270/245/245 266/241/241
f 304/271/271 275/272/272 305/273/273
f 273/248/248 272/247/247 306/274/274
f 273/248/248 306/274/274 307/275/275
f 272/247/247 277/250/250 308/276/276
f 272/247/247 308/276/276 306/274/274
f 303/277/277 309/278/278 310/279/279
f 311/280/280 312/281/281 313/282/282
f 269/244/244 273/248/248 307/275/275
f 269/244/244 307/275/275 314/283/283
f 315/284/284 316/285/285 317/286/286
f 315/284/284 317/286/286 320/287/287
f 316/285/285 314/283/283 321/288/288
f 316/285/285 321/288/288 317/286/286
f 307/275/275 306/274/274 324/289/289
f 307/275/275 324/289/289 325/290/290
f 306/274/274 308/276/276 328/291/291
f 306/274/274 328/291/291 324/289/289
f 308/276/276 329/292/292 328/291/291
f 333/293/293 315/284/284 320/287/287
f 333/293/293 320/287/287 89/294/294
f 314/283/283 307/275/275 325/290/290
f 314/283/283 325/290/290 321/288/288
f 335/295/295 336/296/296 337/297/297
f 264/239/239 338/298/298 339/299/299
f 264/239/239 339/299/299 258/233/233
f 338/298/298 340/300/300 341/301/301
f 313/282/282 312/281/281 342/302/302
f 338/298/298 341/301/301 339/299/299
f 343/303/303 68/304/304 344/305/305
f 345/306/306 346/307/307 342/302/302
f 343/303/303 344/305/305 268/243/243
f 68/304/304 67/308/308 347/309/309
f 68/304/304 347/309/309 344/305/305
f 340/300/300 349/310/310 350/311/311
f 340/300/300 350/311/311 341/301/301
f 349/310/310 352/312/312 353/313/313
f 349/310/310 353/313/313 350/311/311
f 356/314/314 357/315/315 358/316/316
f 356/314/314 358/316/316 359/317/317
f 359/317/317 358/316/316 352/312/312
f 359/317/317 352/312/312 349/310/310
f 341/301/301 350/311/311 360/318/318
f 361/319/319 362/320/320 363/321/321
f 341/301/301 360/318/318 364/322/322
f 346/307/307 313/282/282 342/302/302
f 365/323/323 361/319/319 363/321/321
f 74/66/66 53/50/50 64/72/72
f 74/66/66 64/72/72 80/71/71
f 75/67/67 74/66/66 80/71/71
f 142/126/126 144/128/128 368/324/324
f 75/67/67 80/71/71 82/74/74
f 77/325/325 75/67/67 82/74/74
f 77/325/325 82/74/74 84/76/76
f 369/326/326 73/65/65 75/67/67
f 267/242/242 370/327/327 268/243/243
f 267/242/242 316/285/285 315/284/284
f 267/242/242 315/284/284 370/327/327
f 268/243/243 370/327/327 343/303/303
f 343/303/303 370/327/327 315/284/284
f 343/303/303 315/284/284 333/293/293
f 269/244/244 314/283/283 316/285/285
f 269/244/244 316/285/285 267/242/242
f 320/287/287 317/286/286 227/201/201
f 320/287/287 227/201/201 226/200/200
f 317/286/286 321/288/288 372/328/328
f 317/286/286 372/328/328 227/201/201
f 325/290/290 324/289/289 373/329/329
f 325/290/290 373/329/329 374/330/330
f 324/289/289 328/291/291 104/331/331
f 324/289/289 104/331/331 373/329/329
f 328/291/291 329/292/292 107/332/332
f 375/333/333 376/334/334 377/335/335
f 328/291/291 107/332/332 104/331/331
f 89/294/294 320/287/287 226/200/200
f 89/294/294 226/200/200 90/336/336
f 321/288/288 325/290/290 374/330/330
f 321/288/288 374/330/330 372/328/328
f 378/337/337 379/338/338 380/339/339
f 378/337/337 380/339/339 381/340/340
f 382/341/341 383/342/342 384/343/343
f 382/341/341 384/343/343 385/344/344
f 386/345/345 387/346/346 388/347/347
f 386/345/345 388/347/347 389/348/348
f 386/345/345 389/348/348 390/349/349
f 386/345/345 390/349/349 391/350/350
f 392/351/351 391/350/350 390/349/349
f 392/351/351 390/349/349 393/352/352
f 392/351/351 393/352/352 380/339/339
f 392/351/351 380/339/339 379/338/338
f 394/353/353 395/354/354 396/355/355
f 394/353/353 396/355/355 397/356/356
f 394/353/353 397/356/356 398/357/357
f 394/353/353 398/357/357 399/358/358
f 394/353/353 399/358/358 400/359/359
f 394/353/353 400/359/359 401/360/360
f 394/353/353 401/360/360 402/361/361
f 394/353/353 402/361/361 395/354/354
f 403/362/362 395/354/354 402/361/361
f 403/362/362 402/361/361 404/363/363
f 403/362/362 404/363/363 384/343/343
f 403/362/362 384/343/343 383/342/342
f 403/362/362 405/364/364 396/355/355
f 403/362/362 396/355/355 395/354/354
f 378/337/337 406/365/365 407/366/366
f 378/337/337 407/366/366 379/338/338
f 406/365/365 385/344/344 384/343/343
f 406/365/365 384/343/343 407/366/366
f 391/350/350 408/367/367 409/368/368
f 391/350/350 409/368/368 386/345/345
f 408/367/367 402/361/361 401/360/360
f 408/367/367 401/360/360 409/368/368
f 386/345/345 409/368/368 410/369/369
f 386/345/345 410/369/369 387/346/346
f 409/368/368 401/360/360 400/359/359
f 409/368/368 400/359/359 410/369/369
f 379/338/338 407/366/366 411/370/370
f 379/338/338 411/370/370 392/351/351
f 407/366/366 384/343/343 404/363/363
f 407/366/366 404/363/363 411/370/370
f 392/351/351 411/370/370 408/367/367
f 392/351/351 408/367/367 391/350/350
f 411/370/370 404/363/363 402/361/361
f 411/370/370 402/361/361 408/367/367
f 399/358/358 398/357/357 412/371/371
f 399/358/358 412/371/371 98/372/372
f 400/359/359 399/358/358 98/372/372
f 398/357/357 413/373/373 414/374/374
f 398/357/357 414/374/374 412/371/371
f 413/373/373 415/375/375 416/376/376
f 413/373/373 416/376/376 414/374/374
f 378/337/337 417/377/377 418/378/378
f 378/337/337 418/378/378 406/365/365
f 419/379/379 385/344/344 406/365/365
f 419/379/379 406/365/365 418/378/378
f 382/341/341 385/344/344 419/379/379
f 382/341/341 419/379/379 420/380/380
f 388/347/347 387/346/346 421/381/381
f 388/347/347 421/381/381 422/382/382
f 410/369/369 400/359/359 423/383/383
f 410/369/369 423/383/383 424/384/384
f 387/346/346 410/369/369 424/384/384
f 387/346/346 424/384/384 421/381/381
f 423/383/383 400/359/359 98/372/372
f 423/383/383 98/372/372 425/385/385
f 98/372/372 97/386/386 426/387/387
f 98/372/372 426/387/387 425/385/385
f 97/386/386 427/388/388 428/389/389
f 97/386/386 428/389/389 426/387/387
f 428/389/389 427/388/388 429/390/390
f 428/389/389 429/390/390 430/391/391
f 431/392/392 432/393/393 433/394/394
f 431/392/392 433/394/394 434/395/395
f 432/393/393 435/396/396 436/397/397
f 432/393/393 436/397/397 433/394/394
f 436/397/397 435/396/396 437/398/398
f 436/397/397 437/398/398 438/399/399
f 438/399/399 437/398/398 439/400/400
f 438/399/399 439/400/400 440/401/401
f 430/391/391 429/390/390 441/402/402
f 430/391/391 441/402/402 442/403/403
f 440/401/401 439/400/400 443/404/404
f 434/395/395 433/394/394 444/405/405
f 433/394/394 436/397/397 445/406/406
f 433/394/394 445/406/406 444/405/405
f 436/397/397 438/399/399 446/407/407
f 436/397/397 446/407/407 445/406/406
f 431/392/392 434/395/395 447/408/408
f 431/392/392 447/408/408 448/409/409
f 449/410/410 448/409/409 447/408/408
f 434/395/395 444/405/405 450/411/411
f 434/395/395 450/411/411 447/408/408
f 103/412/412 373/329/329 104/331/331
f 447/408/408 450/411/411 449/410/410
f 449/410/410 450/411/411 451/413/413
f 449/410/410 451/413/413 452/414/414
f 453/415/415 431/392/392 448/409/409
f 453/415/415 448/409/409 454/416/416
f 455/417/417 432/393/393 431/392/392
f 455/417/417 431/392/392 453/415/415
f 432/393/393 455/417/417 456/418/418
f 432/393/393 456/418/418 435/396/396
f 435/396/396 456/418/418 457/419/419
f 435/396/396 457/419/419 437/398/398
f 437/398/398 457/419/419 439/400/400
f 416/376/376 415/375/375 441/402/402
f 416/376/376 441/402/402 429/390/390
f 415/375/375 413/373/373 458/420/420
f 415/375/375 458/420/420 459/421/421
f 441/402/402 415/375/375 459/421/421
f 441/402/402 459/421/421 443/404/404
f 397/356/356 458/420/420 413/373/373
f 397/356/356 413/373/373 398/357/357
f 460/422/422 461/423/423 110/94/94
f 460/422/422 110/94/94 113/97/97
f 462/424/424 460/422/422 113/97/97
f 462/424/424 113/97/97 463/425/425
f 445/406/406 464/426/426 465/427/427
f 445/406/406 465/427/427 444/405/405
f 446/407/407 108/428/428 464/426/426
f 446/407/407 464/426/426 445/406/406
f 108/428/428 109/429/429 464/426/426
f 462/424/424 463/425/425 108/428/428
f 462/424/424 108/428/428 446/407/407
f 444/405/405 465/427/427 466/430/430
f 444/405/405 466/430/430 450/411/411
f 450/411/411 466/430/430 467/431/431
f 450/411/411 467/431/431 451/413/413
f 397/356/356 396/355/355 468/432/432
f 110/94/94 461/423/423 469/433/433
f 110/94/94 469/433/433 111/95/95
f 440/401/401 470/434/434 438/399/399
f 443/404/404 471/435/435 470/434/434
f 443/404/404 470/434/434 440/401/401
f 471/435/435 462/424/424 470/434/434
f 458/420/420 472/436/436 473/437/437
f 458/420/420 473/437/437 459/421/421
f 472/436/436 461/423/423 460/422/422
f 472/436/436 460/422/422 473/437/437
f 459/421/421 473/437/437 471/435/435
f 459/421/421 471/435/435 443/404/404
f 397/356/356 474/438/438 472/436/436
f 397/356/356 472/436/436 458/420/420
f 474/438/438 461/423/423 472/436/436
f 461/423/423 474/438/438 475/439/439
f 461/423/423 475/439/439 469/433/433
f 474/438/438 397/356/356 468/432/432
f 474/438/438 468/432/432 475/439/439
f 438/399/399 470/434/434 462/424/424
f 438/399/399 462/424/424 446/407/407
f 28/26/26 463/425/425 113/97/97
f 119/103/103 120/104/104 476/440/440
f 405/364/364 116/441/441 477/442/442
f 116/441/441 117/101/101 478/443/443
f 116/441/441 478/443/443 479/444/444
f 117/101/101 119/103/103 480/445/445
f 117/101/101 480/445/445 478/443/443
f 119/103/103 476/440/440 481/446/446
f 119/103/103 481/446/446 480/445/445
f 476/440/440 482/447/447 483/448/448
f 476/440/440 483/448/448 481/446/446
f 479/444/444 478/443/443 484/449/449
f 479/444/444 484/449/449 485/450/450
f 478/443/443 480/445/445 486/451/451
f 478/443/443 486/451/451 484/449/449
f 480/445/445 481/446/446 487/452/452
f 480/445/445 487/452/452 486/451/451
f 481/446/446 483/448/448 487/452/452
f 116/441/441 479/444/444 488/453/453
f 116/441/441 488/453/453 477/442/442
f 479/444/444 485/450/450 489/454/454
f 479/444/444 489/454/454 488/453/453
f 488/453/453 489/454/454 490/455/455
f 488/453/453 490/455/455 491/456/456
f 491/456/456 490/455/455 492/457/457
f 491/456/456 492/457/457 493/458/458
f 493/458/458 492/457/457 494/459/459
f 493/458/458 494/459/459 121/108/108
f 495/460/460 496/461/461 497/462/462
f 495/460/460 497/462/462 498/463/463
f 498/463/463 497/462/462 499/464/464
f 498/463/463 499/464/464 500/465/465
f 501/466/466 500/465/465 502/467/467
f 501/466/466 502/467/467 503/468/468
f 500/465/465 499/464/464 504/469/469
f 500/465/465 504/469/469 502/467/467
f 505/470/470 506/471/471 507/472/472
f 505/470/470 507/472/472 508/473/473
f 501/466/466 505/470/470 508/473/473
f 501/466/466 508/473/473 509/474/474
f 500/465/465 501/466/466 509/474/474
f 500/465/465 509/474/474 510/475/475
f 495/460/460 498/463/463 511/476/476
f 495/460/460 511/476/476 512/477/477
f 498/463/463 500/465/465 510/475/475
f 498/463/463 510/475/475 511/476/476
f 508/473/473 507/472/472 513/478/478
f 509/474/474 508/473/473 513/478/478
f 510/475/475 509/474/474 513/478/478
f 512/477/477 511/476/476 513/478/478
f 511/476/476 510/475/475 513/478/478
f 469/433/433 493/458/458 121/108/108
f 469/433/433 121/108/108 111/95/95
f 514/479/479 488/453/453 491/456/456
f 514/479/479 491/456/456 515/480/480
f 469/433/433 475/439/439 515/480/480
f 469/433/433 515/480/480 491/456/456
f 469/433/433 491/456/456 493/458/458
f 396/355/355 405/364/364 477/442/442
f 396/355/355 477/442/442 468/432/432
f 468/432/432 514/479/479 515/480/480
f 468/432/432 515/480/480 475/439/439
f 506/471/471 516/481/481 517/482/482
f 506/471/471 517/482/482 507/472/472
f 516/481/481 495/460/460 512/477/477
f 516/481/481 512/477/477 517/482/482
f 507/472/472 517/482/482 513/478/478
f 517/482/482 512/477/477 513/478/478
f 417/377/377 518/483/483 519/484/484
f 417/377/377 519/484/484 418/378/378
f 518/483/483 506/471/471 505/470/470
f 518/483/483 505/470/470 519/484/484
f 418/378/378 519/484/484 520/485/485
f 418/378/378 520/485/485 419/379/379
f 519/484/484 505/470/470 501/466/466
f 519/484/484 501/466/466 520/485/485
f 419/379/379 520/485/485 420/380/380
f 521/486/486 522/487/487 417/377/377
f 521/486/486 417/377/377 523/488/488
f 524/489/489 525/490/490 522/487/487
f 524/489/489 522/487/487 521/486/486
f 525/490/490 524/489/489 496/461/461
f 496/461/461 495/460/460 516/481/481
f 496/461/461 516/481/481 525/490/490
f 417/377/377 522/487/487 518/483/483
f 417/377/377 378/337/337 381/340/340
f 417/377/377 381/340/340 523/488/488
f 516/481/481 522/487/487 525/490/490
f 506/471/471 518/483/483 522/487/487
f 506/471/471 522/487/487 516/481/481
f 382/341/341 526/491/491 527/492/492
f 382/341/341 527/492/492 383/342/342
f 420/380/380 528/493/493 526/491/491
f 420/380/380 526/491/491 382/341/341
f 528/493/493 420/380/380 503/468/468
f 528/493/493 503/468/468 529/494/494
f 502/467/467 530/495/495 529/494/494
f 502/467/467 529/494/494 503/468/468
f 530/495/495 531/496/496 529/494/494
f 504/469/469 532/497/497 530/495/495
f 504/469/469 530/495/495 502/467/467
f 403/362/362 383/342/342 527/492/492
f 403/362/362 527/492/492 405/364/364
f 421/381/381 533/498/498 534/499/499
f 421/381/381 534/499/499 422/382/382
f 533/498/498 449/410/410 452/414/414
f 533/498/498 452/414/414 534/499/499
f 424/384/384 535/500/500 533/498/498
f 424/384/384 533/498/498 421/381/381
f 535/500/500 448/409/409 449/410/410
f 535/500/500 449/410/410 533/498/498
f 425/385/385 536/501/501 537/502/502
f 425/385/385 537/502/502 423/383/383
f 536/501/501 453/415/415 454/416/416
f 536/501/501 454/416/416 537/502/502
f 426/387/387 538/503/503 536/501/501
f 426/387/387 536/501/501 425/385/385
f 538/503/503 455/417/417 453/415/415
f 538/503/503 453/415/415 536/501/501
f 455/417/417 538/503/503 539/504/504
f 455/417/417 539/504/504 456/418/418
f 538/503/503 426/387/387 428/389/389
f 538/503/503 428/389/389 539/504/504
f 456/418/418 539/504/504 540/505/505
f 456/418/418 540/505/505 457/419/419
f 539/504/504 428/389/389 430/391/391
f 539/504/504 430/391/391 540/505/505
f 457/419/419 540/505/505 442/403/403
f 457/419/419 442/403/403 439/400/400
f 540/505/505 430/391/391 442/403/403
f 423/383/383 537/502/502 535/500/500
f 423/383/383 535/500/500 424/384/384
f 537/502/502 454/416/416 448/409/409
f 537/502/502 448/409/409 535/500/500
f 441/402/402 443/404/404 439/400/400
f 441/402/402 439/400/400 442/403/403
f 541/506/506 217/507/507 360/318/318
f 542/508/508 543/509/509 84/76/76
f 353/313/313 541/506/506 360/318/318
f 353/313/313 360/318/318 350/311/311
f 362/320/320 544/510/510 363/321/321
f 77/325/325 84/76/76 543/509/509
f 77/325/325 543/509/509 221/194/194
f 42/40/40 8/6/6 227/201/201
f 42/40/40 227/201/201 372/328/328
f 28/26/26 12/11/11 108/428/428
f 28/26/26 108/428/428 463/425/425
f 37/35/35 42/40/40 372/328/328
f 37/35/35 372/328/328 374/330/330
f 545/511/511 374/330/330 373/329/329
f 37/35/35 374/330/330 545/511/511
f 37/35/35 545/511/511 38/36/36
f 78/69/69 76/68/68 546/512/512
f 78/69/69 546/512/512 547/513/513
f 78/69/69 547/513/513 95/85/85
f 548/514/514 549/515/515 550/516/516
f 548/514/514 550/516/516 551/517/517
f 552/518/518 551/517/517 550/516/516
f 553/519/519 551/517/517 552/518/518
f 554/520/520 551/517/517 553/519/519
f 555/521/521 556/522/522 368/324/324
f 557/523/523 558/524/524 550/516/516
f 557/523/523 550/516/516 559/525/525
f 560/526/526 557/523/523 559/525/525
f 560/526/526 559/525/525 143/127/127
f 142/126/126 560/526/526 143/127/127
f 558/524/524 552/518/518 550/516/516
f 556/522/522 561/527/527 142/126/126
f 556/522/522 142/126/126 368/324/324
f 562/528/528 553/519/519 552/518/518
f 561/527/527 563/529/529 142/126/126
f 564/530/530 565/531/531 560/526/526
f 566/532/532 567/533/533 558/524/524
f 568/534/534 569/535/535 557/523/523
f 567/533/533 562/528/528 552/518/518
f 567/533/533 552/518/518 558/524/524
f 569/535/535 566/532/532 558/524/524
f 569/535/535 558/524/524 557/523/523
f 565/531/531 568/534/534 557/523/523
f 565/531/531 557/523/523 560/526/526
f 563/529/529 564/530/530 560/526/526
f 563/529/529 560/526/526 142/126/126
f 154/137/137 572/536/536 573/537/537
f 154/137/137 573/537/537 574/538/538
f 574/538/538 573/537/537 207/539/539
f 147/136/136 146/540/540 572/536/536
f 147/136/136 572/536/536 154/137/137
f 575/541/541 576/542/542 549/515/515
f 575/541/541 549/515/515 548/514/514
f 571/543/543 570/544/544 576/542/542
f 571/543/543 576/542/542 575/541/541
f 577/545/545 575/541/541 548/514/514
f 160/546/546 150/132/132 152/134/134
f 578/547/547 579/548/548 158/145/145
f 165/549/549 578/547/547 158/145/145
f 580/550/550 581/551/551 579/548/548
f 580/550/550 579/548/548 578/547/547
f 582/552/552 580/550/550 578/547/547
f 582/552/552 578/547/547 165/549/549
f 580/550/550 562/528/528 567/533/533
f 580/550/550 567/533/533 581/551/551
f 582/552/552 553/519/519 562/528/528
f 582/552/552 562/528/528 580/550/550
f 581/551/551 567/533/533 566/532/532
f 581/551/551 566/532/532 583/553/553
f 583/553/553 566/532/532 569/535/535
f 583/553/553 569/535/535 584/554/554
f 581/551/551 583/553/553 587/555/555
f 581/551/551 587/555/555 586/556/556
f 583/553/553 584/554/554 585/557/557
f 583/553/553 585/557/557 587/555/555
f 586/556/556 587/555/555 588/558/558
f 587/555/555 585/557/557 588/558/558
f 589/559/559 591/560/560 590/561/561
f 592/562/562 593/563/563 594/564/564
f 595/565/565 596/566/566 593/563/563
f 595/565/565 593/563/563 592/562/562
f 597/567/567 598/568/568 596/566/566
f 599/569/569 597/567/567 596/566/566
f 595/565/565 599/569/569 596/566/566
f 600/570/570 601/571/571 598/568/568
f 600/570/570 598/568/568 597/567/567
f 584/554/554 600/570/570 597/567/567
f 584/554/554 597/567/567 599/569/569
f 600/570/570 568/534/534 565/531/531
f 600/570/570 565/531/531 601/571/571
f 584/554/554 569/535/535 568/534/534
f 584/554/554 568/534/534 600/570/570
f 601/571/571 565/531/531 564/530/530
f 601/571/571 564/530/530 602/572/572
f 602/572/572 564/530/530 563/529/529
f 602/572/572 563/529/529 603/573/573
f 601/571/571 602/572/572 604/574/574
f 601/571/571 604/574/574 605/575/575
f 602/572/572 603/573/573 606/576/576
f 602/572/572 606/576/576 604/574/574
f 607/577/577 605/575/575 608/578/578
f 605/575/575 604/574/574 608/578/578
f 604/574/574 606/576/576 608/578/578
f 608/578/578 609/579/579 610/580/580
f 607/577/577 608/578/578 610/580/580
f 607/577/577 610/580/580 611/581/581
f 610/580/580 609/579/579 612/582/582
f 611/581/581 610/580/580 612/582/582
f 199/178/178 191/170/170 193/172/172
f 198/177/177 195/174/174 191/170/170
f 198/177/177 191/170/170 199/178/178
f 613/583/583 614/584/584 195/174/174
f 615/585/585 613/583/583 195/174/174
f 198/177/177 615/585/585 195/174/174
f 616/586/586 617/587/587 614/584/584
f 616/586/586 614/584/584 613/583/583
f 603/573/573 616/586/586 613/583/583
f 603/573/573 613/583/583 615/585/585
f 616/586/586 561/527/527 556/522/522
f 616/586/586 556/522/522 617/587/587
f 603/573/573 563/529/529 561/527/527
f 603/573/573 561/527/527 616/586/586
f 550/516/516 549/515/515 618/588/588
f 550/516/516 618/588/588 619/589/589
f 559/525/525 550/516/516 619/589/589
f 559/525/525 619/589/589 620/590/590
f 143/127/127 559/525/525 620/590/590
f 143/127/127 620/590/590 213/188/188
f 207/539/539 573/537/537 208/227/227
f 572/536/536 146/540/540 209/591/591
f 572/536/536 209/591/591 253/228/228
f 549/515/515 576/542/542 621/592/592
f 549/515/515 621/592/592 618/588/588
f 576/542/542 570/544/544 47/44/44
f 576/542/542 47/44/44 621/592/592
f 619/589/589 618/588/588 248/222/222
f 619/589/589 248/222/222 250/224/224
f 620/590/590 619/589/589 250/224/224
f 620/590/590 250/224/224 622/593/593
f 213/188/188 620/590/590 622/593/593
f 213/188/188 622/593/593 623/594/594
f 209/591/591 212/595/595 254/229/229
f 253/228/228 209/591/591 254/229/229
f 621/592/592 47/44/44 46/43/43
f 622/593/593 250/224/224 236/210/210
f 249/223/223 248/222/222 618/588/588
f 618/588/588 621/592/592 46/43/43
f 618/588/588 46/43/43 249/223/223
f 236/210/210 235/209/209 623/594/594
f 236/210/210 623/594/594 622/593/593
f 573/537/537 572/536/536 253/228/228
f 573/537/537 253/228/228 208/227/227
f 624/596/596 625/597/597 626/598/598
f 624/596/596 626/598/598 627/599/599
f 625/597/597 217/507/507 541/506/506
f 625/597/597 541/506/506 626/598/598
f 627/599/599 626/598/598 628/600/600
f 627/599/599 628/600/600 629/601/601
f 626/598/598 541/506/506 353/313/313
f 626/598/598 353/313/313 628/600/600
f 630/602/602 631/603/603 632/604/604
f 630/602/602 632/604/604 332/605/605
f 631/603/603 543/509/509 542/508/508
f 631/603/603 542/508/508 632/604/604
f 633/606/606 219/195/195 631/603/603
f 633/606/606 631/603/603 630/602/602
f 219/195/195 221/194/194 543/509/509
f 219/195/195 543/509/509 631/603/603
f 216/607/607 217/507/507 625/597/597
f 634/608/608 635/609/609 636/610/610
f 634/608/608 636/610/610 637/611/611
f 635/609/609 358/316/316 357/315/315
f 635/609/609 357/315/315 636/610/610
f 638/612/612 639/613/613 635/609/609
f 638/612/612 635/609/609 634/608/608
f 639/613/613 352/312/312 358/316/316
f 639/613/613 358/316/316 635/609/609
f 629/601/601 628/600/600 639/613/613
f 629/601/601 639/613/613 638/612/612
f 628/600/600 353/313/313 352/312/312
f 628/600/600 352/312/312 639/613/613
f 49/46/46 640/614/614 641/615/615
f 49/46/46 641/615/615 76/68/68
f 642/616/616 643/617/617 644/618/618
f 642/616/616 644/618/618 17/14/14
f 643/617/617 161/142/142 163/144/144
f 643/617/617 163/144/144 644/618/618
f 161/142/142 643/617/617 645/619/619
f 161/142/142 645/619/619 155/138/138
f 643/617/617 642/616/616 547/513/513
f 643/617/617 547/513/513 645/619/619
f 171/152/152 177/158/158 176/157/157
f 171/152/152 176/157/157 172/153/153
f 179/160/160 33/31/31 172/153/153
f 179/160/160 172/153/153 176/157/157
f 155/138/138 645/619/619 156/139/139
f 645/619/619 547/513/513 546/512/512
f 645/619/619 546/512/512 156/139/139
f 156/139/139 546/512/512 76/68/68
f 156/139/139 76/68/68 641/615/615
f 646/620/620 640/614/614 49/46/46
f 646/620/620 49/46/46 48/45/45
f 420/380/380 520/485/485 501/466/466
f 420/380/380 501/466/466 503/468/468
f 647/621/621 648/622/622 649/623/623
f 647/621/621 649/623/623 337/297/297
f 648/622/622 265/240/240 259/234/234
f 648/622/622 259/234/234 649/623/623
f 650/624/624 651/625/625 652/626/626
f 650/624/624 652/626/626 653/627/627
f 651/625/625 287/256/256 291/259/259
f 651/625/625 291/259/259 652/626/626
f 654/628/628 655/629/629 651/625/625
f 654/628/628 651/625/625 650/624/624
f 655/629/629 294/263/263 287/256/256
f 655/629/629 287/256/256 651/625/625
f 656/630/630 655/629/629 654/628/628
f 653/627/627 652/626/626 648/622/622
f 653/627/627 648/622/622 647/621/621
f 652/626/626 291/259/259 265/240/240
f 652/626/626 265/240/240 648/622/622
f 337/297/297 649/623/623 657/631/631
f 337/297/297 657/631/631 335/295/295
f 649/623/623 259/234/234 258/233/233
f 649/623/623 258/233/233 657/631/631
f 339/299/299 658/632/632 657/631/631
f 339/299/299 657/631/631 258/233/233
f 658/632/632 659/633/633 335/295/295
f 658/632/632 335/295/295 657/631/631
f 659/633/633 658/632/632 364/322/322
f 341/301/301 364/322/322 658/632/632
f 341/301/301 658/632/632 339/299/299
f 646/620/620 230/204/204 232/206/206
f 646/620/620 232/206/206 640/614/614
f 640/614/614 232/206/206 660/634/634
f 640/614/614 660/634/634 641/615/615
f 232/206/206 233/207/207 660/634/634
f 660/634/634 233/207/207 157/140/140
f 156/139/139 641/615/615 660/634/634
f 156/139/139 660/634/634 157/140/140
f 336/296/296 335/295/295 659/633/633
f 336/296/296 659/633/633 661/635/635
f 48/45/45 662/636/636 663/637/637
f 48/45/45 663/637/637 646/620/620
f 662/636/636 337/297/297 336/296/296
f 662/636/636 336/296/296 663/637/637
f 51/48/48 664/638/638 662/636/636
f 51/48/48 662/636/636 48/45/45
f 664/638/638 647/621/621 337/297/297
f 664/638/638 337/297/297 662/636/636
f 57/54/54 665/639/639 664/638/638
f 57/54/54 664/638/638 51/48/48
f 665/639/639 653/627/627 647/621/621
f 665/639/639 647/621/621 664/638/638
f 60/56/56 666/640/640 665/639/639
f 60/56/56 665/639/639 57/54/54
f 666/640/640 650/624/624 653/627/627
f 666/640/640 653/627/627 665/639/639
f 62/58/58 667/641/641 666/640/640
f 62/58/58 666/640/640 60/56/56
f 667/641/641 654/628/628 650/624/624
f 667/641/641 650/624/624 666/640/640
f 66/60/60 668/642/642 667/641/641
f 66/60/60 667/641/641 62/58/58
f 668/642/642 656/630/630 654/628/628
f 668/642/642 654/628/628 667/641/641
f 72/64/64 669/643/643 670/644/644
f 72/64/64 670/644/644 69/61/61
f 669/643/643 63/231/231 255/230/230
f 669/643/643 255/230/230 670/644/644
f 646/620/620 663/637/637 671/645/645
f 646/620/620 671/645/645 230/204/204
f 663/637/637 336/296/296 661/635/635
f 663/637/637 661/635/635 671/645/645
f 672/646/646 281/252/252 280/251/251
f 672/646/646 673/647/647 281/252/252
f 674/648/648 675/649/649 299/267/267
f 280/251/251 675/649/649 672/646/646
f 280/251/251 299/267/267 675/649/649
f 14/16/16 101/89/89 17/14/14
f 101/89/89 642/616/616 17/14/14
f 642/616/616 101/89/89 547/513/513
f 101/89/89 95/85/85 547/513/513
f 233/207/207 252/226/226 676/650/650
f 364/322/322 677/651/651 659/633/633
f 360/318/318 256/652/652 364/322/322
f 677/651/651 364/322/322 256/652/652
f 256/652/652 360/318/318 217/507/507
f 283/253/253 678/653/653 679/654/654
f 283/253/253 680/655/655 678/653/653
f 679/654/654 681/656/656 682/657/657
f 679/654/654 678/653/653 681/656/656
f 283/253/253 684/658/658 683/659/659
f 283/253/253 679/654/654 684/658/658
f 679/654/654 685/660/660 684/658/658
f 679/654/654 682/657/657 685/660/660
f 683/659/659 684/658/658 686/661/661
f 684/658/658 685/660/660 686/661/661
f 687/662/662 688/663/663 689/664/664
f 689/664/664 688/663/663 690/665/665
f 688/663/663 691/666/666 690/665/665
f 275/272/272 274/667/667 305/273/273
f 692/668/668 285/255/255 286/669/669
f 279/670/670 692/668/668 286/669/669
f 693/671/671 285/255/255 692/668/668
f 693/671/671 283/253/253 285/255/255
f 278/260/260 692/668/668 279/670/670
f 278/260/260 693/671/671 692/668/668
f 693/671/671 680/655/655 283/253/253
f 693/671/671 694/672/672 680/655/655
f 278/260/260 694/672/672 693/671/671
f 278/260/260 695/673/673 694/672/672
f 303/277/277 696/674/674 697/675/675
f 303/277/277 698/676/676 696/674/674
f 697/675/675 695/673/673 278/260/260
f 697/675/675 696/674/674 695/673/673
f 303/277/277 699/677/677 292/678/678
f 303/277/277 697/675/675 699/677/677
f 697/675/675 293/262/262 699/677/677
f 697/675/675 278/260/260 293/262/262
f 292/678/678 699/677/677 296/265/265
f 699/677/677 293/262/262 296/265/265
f 296/265/265 298/266/266 297/679/679
f 297/679/679 298/266/266 700/680/680
f 701/681/681 297/679/679 700/680/680
f 702/682/682 703/683/683 704/684/684
f 705/685/685 702/682/682 704/684/684
f 707/686/686 310/279/279 706/687/687
f 708/688/688 707/686/686 706/687/687
f 709/689/689 310/279/279 707/686/686
f 709/689/689 303/277/277 310/279/279
f 710/690/690 707/686/686 708/688/688
f 710/690/690 709/689/689 707/686/686
f 711/691/691 710/690/690 708/688/688
f 709/689/689 698/676/676 303/277/277
f 709/689/689 712/692/692 698/676/676
f 710/690/690 712/692/692 709/689/689
f 710/690/690 713/693/693 712/692/692
f 371/694/694 714/695/695 715/696/696
f 715/696/696 716/697/697 717/698/698
f 715/696/696 714/695/695 716/697/697
f 717/698/698 713/693/693 710/690/690
f 717/698/698 716/697/697 713/693/693
f 371/694/694 715/696/696 318/699/699
f 715/696/696 718/700/700 318/699/699
f 715/696/696 717/698/698 718/700/700
f 717/698/698 719/701/701 718/700/700
f 717/698/698 710/690/690 719/701/701
f 318/699/699 718/700/700 319/702/702
f 718/700/700 719/701/701 319/702/702
f 322/703/703 323/704/704 334/705/705
f 375/333/333 377/335/335 721/706/706
f 331/707/707 627/599/599 720/708/708
f 331/707/707 624/596/596 627/599/599
f 720/708/708 629/601/601 722/709/709
f 720/708/708 627/599/599 629/601/601
f 721/706/706 332/605/605 326/710/710
f 721/706/706 630/602/602 332/605/605
f 377/335/335 630/602/602 721/706/706
f 377/335/335 633/606/606 630/602/602
f 680/655/655 723/711/711 724/712/712
f 680/655/655 694/672/672 723/711/711
f 695/673/673 725/713/713 723/711/711
f 695/673/673 696/674/674 725/713/713
f 698/676/676 726/714/714 725/713/713
f 698/676/676 712/692/692 726/714/714
f 713/693/693 727/715/715 726/714/714
f 713/693/693 716/697/697 727/715/715
f 696/674/674 698/676/676 725/713/713
f 712/692/692 713/693/693 726/714/714
f 694/672/672 695/673/673 723/711/711
f 678/653/653 680/655/655 724/712/712
f 716/697/697 714/695/695 727/715/715
f 681/656/656 724/712/712 728/716/716
f 681/656/656 678/653/653 724/712/712
f 726/714/714 727/715/715 638/612/612
f 724/712/712 723/711/711 637/611/611
f 723/711/711 634/608/608 637/611/611
f 723/711/711 725/713/713 634/608/608
f 725/713/713 638/612/612 634/608/608
f 725/713/713 726/714/714 638/612/612
f 714/695/695 729/717/717 727/715/715
f 727/715/715 729/717/717 638/612/612
f 722/709/709 638/612/612 729/717/717
f 722/709/709 629/601/601 638/612/612
f 730/718/718 262/237/237 342/302/302
f 312/281/281 730/718/718 342/302/302
f 734/719/719 186/720/720 363/321/321
f 186/720/720 354/721/721 363/321/321
f 32/30/30 38/36/36 735/722/722
f 237/211/211 190/169/169 43/191/191
f 488/453/453 514/479/479 477/442/442
f 514/479/479 468/432/432 477/442/442
f 736/723/723 349/310/310 340/300/300
f 347/309/309 736/723/723 340/300/300
f 736/723/723 359/317/317 349/310/310
f 359/317/317 736/723/723 737/724/724
f 359/317/317 737/724/724 356/314/314
f 736/723/723 347/309/309 67/308/308
f 736/723/723 67/308/308 737/724/724
f 344/305/305 338/298/298 264/239/239
f 344/305/305 264/239/239 268/243/243
f 347/309/309 340/300/300 338/298/298
f 347/309/309 338/298/298 344/305/305
f 233/207/207 166/147/147 157/140/140
f 10/8/8 227/201/201 8/6/6
f 460/422/422 462/424/424 471/435/435
f 460/422/422 471/435/435 473/437/437
f 738/725/725 739/726/726 740/727/727
f 738/725/725 741/728/728 739/726/726
f 742/729/729 741/728/728 738/725/725
f 742/729/729 743/730/730 741/728/728
f 744/731/731 743/730/730 742/729/729
f 744/731/731 745/732/732 743/730/730
f 746/733/733 747/734/734 748/735/735
f 746/733/733 749/736/736 747/734/734
f 748/735/735 750/737/737 751/738/738
f 748/735/735 747/734/734 750/737/737
f 751/738/738 752/739/739 753/740/740
f 751/738/738 750/737/737 752/739/739
f 293/262/262 290/261/261 296/265/265
f 281/252/252 280/251/251 300/268/268
f 281/252/252 300/268/268 282/741/741
f 285/255/255 284/254/254 286/669/669
f 310/279/279 309/278/278 706/687/687
f 12/11/11 5/10/10 754/742/742
f 9/7/7 755/743/743 10/8/8
f 17/14/14 756/744/744 15/15/15
f 30/28/28 32/30/30 759/745/745
f 761/746/746 762/747/747 234/208/208
f 759/745/745 32/30/30 735/722/722
f 234/208/208 762/747/747 245/219/219
f 755/743/743 9/7/7 41/39/39
f 79/70/70 765/748/748 84/76/76
f 357/315/315 766/749/749 767/750/750
f 768/751/751 84/76/76 765/748/748
f 770/752/752 771/753/753 772/754/754
f 757/755/755 178/159/159 758/756/756
f 771/753/753 770/752/752 773/757/757
f 776/758/758 368/324/324 144/128/128
f 777/759/759 577/545/545 548/514/514
f 574/538/538 207/539/539 778/760/760
f 554/520/520 777/759/759 551/517/517
f 779/761/761 780/762/762 125/107/107
f 782/763/763 783/764/764 784/765/765
f 785/766/766 554/520/520 553/519/519
f 785/766/766 553/519/519 582/552/552
f 786/767/767 734/719/719 782/763/763
f 787/768/768 734/719/719 788/769/769
f 789/770/770 586/556/556 588/558/558
f 596/566/566 791/771/771 593/563/563
f 780/762/762 123/105/105 125/107/107
f 598/568/568 793/772/772 596/566/566
f 603/573/573 794/773/773 606/576/576
f 601/571/571 793/772/772 598/568/568
f 588/558/558 792/774/774 591/560/560
f 606/576/576 794/773/773 608/578/578
f 608/578/578 794/773/773 609/579/579
f 795/775/775 615/585/585 198/177/177
f 795/775/775 603/573/573 615/585/585
f 144/128/128 213/188/188 796/776/776
f 47/44/44 799/777/777 45/41/41
f 17/14/14 644/618/618 756/744/744
f 196/175/175 801/778/778 222/196/196
f 230/204/204 802/779/779 231/205/205
f 230/204/204 671/645/645 803/780/780
f 671/645/645 804/781/781 803/780/780
f 230/204/204 803/780/780 802/779/779
f 756/744/744 246/220/220 15/15/15
f 45/41/41 799/777/777 244/217/217
f 802/779/779 732/782/782 251/225/225
f 263/238/238 806/783/783 807/784/784
f 761/746/746 676/650/650 762/747/747
f 756/744/744 805/785/785 246/220/220
f 231/205/205 802/779/779 251/225/225
f 277/250/250 281/252/252 811/786/786
f 59/787/787 763/788/788 813/789/789
f 277/250/250 811/786/786 308/276/276
f 263/238/238 262/237/237 806/783/783
f 186/720/720 787/768/768 187/790/790
f 357/315/315 356/314/314 766/749/749
f 770/752/752 86/78/78 94/84/84
f 728/716/716 724/712/712 800/791/791
f 94/84/84 821/792/792 770/752/752
f 761/746/746 234/208/208 220/192/192
f 768/751/751 542/508/508 84/76/76
f 465/427/427 824/793/793 466/430/430
f 813/789/789 817/794/794 818/795/795
f 813/789/789 763/788/788 817/794/794
f 772/754/754 771/753/753 825/796/796
f 734/719/719 787/768/768 186/720/720
f 829/797/797 605/575/575 607/577/577
f 829/797/797 601/571/571 605/575/575
f 796/776/776 213/188/188 623/594/594
f 570/544/544 799/777/777 47/44/44
f 802/779/779 803/780/780 732/782/782
f 830/798/798 625/597/597 624/596/596
f 632/604/604 542/508/508 768/751/751
f 785/766/766 582/552/552 165/549/549
f 591/560/560 792/774/774 590/561/561
f 596/566/566 793/772/772 791/771/771
f 831/799/799 294/263/263 655/629/629
f 656/630/630 831/799/799 655/629/629
f 671/645/645 661/635/635 804/781/781
f 811/786/786 281/252/252 673/647/647
f 130/114/114 779/761/761 125/107/107
f 808/800/800 834/801/801 826/802/802
f 834/801/801 730/718/718 835/803/803
f 710/690/690 711/691/691 837/804/804
f 719/701/701 837/804/804 319/702/702
f 809/805/805 312/281/281 810/806/806
f 835/803/803 809/805/805 836/807/807
f 838/808/808 681/656/656 728/716/716
f 838/808/808 833/809/809 681/656/656
f 808/800/800 262/237/237 834/801/801
f 710/690/690 837/804/804 719/701/701
f 216/607/607 830/798/798 351/810/810
f 760/811/811 735/722/722 38/36/36
f 764/812/812 367/813/813 839/814/814
f 815/815/815 345/306/306 342/302/302
f 730/718/718 809/805/805 835/803/803
f 730/718/718 312/281/281 809/805/805
f 636/610/610 357/315/315 767/750/750
f 789/770/770 588/558/558 591/560/560
f 789/770/770 591/560/560 589/559/559
f 790/816/816 789/770/770 589/559/559
f 834/801/801 262/237/237 730/718/718
f 603/573/573 795/775/775 794/773/773
f 761/746/746 220/192/192 194/173/173
f 806/783/783 262/237/237 808/800/800
f 308/276/276 811/786/786 329/292/292
f 724/712/712 637/611/611 800/791/791
f 764/812/812 333/293/293 89/294/294
f 786/767/767 782/763/763 784/765/765
f 593/563/563 791/771/771 594/564/564
f 804/781/781 661/635/635 659/633/633
f 830/798/798 216/607/607 625/597/597
f 682/657/657 681/656/656 833/809/809
f 814/817/817 322/703/703 334/705/705
f 601/571/571 829/797/797 793/772/772
f 734/719/719 786/767/767 788/769/769
f 777/759/759 548/514/514 551/517/517
f 843/1/818 844/3/819 845/2/820
f 845/2/820 846/818/821 847/13/822
f 848/10/823 849/819/824 850/4/825
f 845/2/820 844/3/819 846/818/821
f 843/1/818 851/5/826 850/4/825
f 843/1/818 854/9/827 851/5/826
f 845/2/820 854/9/827 843/1/818
f 848/10/823 855/12/828 856/11/829
f 848/10/823 851/5/826 855/12/828
f 850/4/825 851/5/826 848/10/823
f 847/13/822 854/9/827 845/2/820
f 847/13/822 860/17/830 854/9/827
f 862/18/831 860/17/830 847/13/822
f 862/18/831 863/19/832 860/17/830
f 854/9/827 864/20/833 851/5/826
f 851/5/826 864/20/833 855/12/828
f 860/17/830 864/20/833 854/9/827
f 863/19/832 864/20/833 860/17/830
f 863/19/832 868/26/834 864/20/833
f 856/11/829 855/12/828 868/26/834
f 862/18/831 868/26/834 863/19/832
f 855/12/828 864/20/833 868/26/834
f 870/28/835 871/30/836 872/29/837
f 872/29/837 875/36/838 876/35/839
f 874/34/840 877/38/841 878/37/842
f 872/29/837 871/30/836 875/36/838
f 879/39/843 876/35/839 880/40/844
f 879/39/843 872/29/837 876/35/839
f 853/7/845 880/40/844 852/6/846
f 853/7/845 879/39/843 880/40/844
f 885/45/847 886/47/848 887/46/849
f 885/45/847 888/48/850 886/47/848
f 52/49/49 889/51/851 890/50/852
f 888/48/850 891/52/853 886/47/848
f 52/49/49 56/53/53 889/51/851
f 888/48/850 892/54/854 891/52/853
f 56/53/53 893/820/855 889/51/851
f 892/54/854 894/55/856 891/52/853
f 56/53/53 59/787/787 893/820/855
f 892/54/854 895/56/857 894/55/856
f 895/56/857 896/57/858 894/55/856
f 895/56/857 897/58/859 896/57/858
f 897/58/859 65/59/59 896/57/858
f 897/58/859 66/60/60 65/59/59
f 69/61/61 902/63/860 70/62/62
f 69/61/61 903/64/861 902/63/860
f 886/47/848 906/68/862 887/46/849
f 886/47/848 909/69/863 906/68/862
f 891/52/853 909/69/863 886/47/848
f 910/70/864 899/72/865 911/71/866
f 891/52/853 912/73/867 909/69/863
f 894/55/856 912/73/867 891/52/853
f 910/70/864 911/71/866 913/74/868
f 894/55/856 914/75/869 912/73/867
f 896/57/858 914/75/869 894/55/856
f 910/70/864 913/74/868 915/76/870
f 896/57/858 916/77/871 914/75/869
f 65/59/59 916/77/871 896/57/858
f 65/59/59 91/81/81 916/77/871
f 902/63/860 92/82/82 70/62/62
f 902/63/860 920/83/872 92/82/82
f 912/73/867 921/85/873 909/69/863
f 914/75/869 921/85/873 912/73/867
f 914/75/869 922/86/874 921/85/873
f 916/77/871 922/86/874 914/75/869
f 916/77/871 925/87/875 922/86/874
f 91/81/81 925/87/875 916/77/871
f 91/81/81 100/88/88 925/87/875
f 922/86/874 926/89/876 921/85/873
f 922/86/874 927/90/877 926/89/876
f 925/87/875 927/90/877 922/86/874
f 925/87/875 930/91/878 927/90/877
f 100/88/88 930/91/878 925/87/875
f 100/88/88 106/92/92 930/91/878
f 928/821/879 107/332/332 929/331/880
f 926/89/876 858/93/881 857/16/882
f 926/89/876 927/90/877 858/93/881
f 933/94/883 934/96/884 935/95/885
f 868/26/834 936/98/886 937/97/887
f 927/90/877 938/99/888 858/93/881
f 927/90/877 930/91/878 938/99/888
f 939/441/889 941/101/890 940/822/891
f 858/93/881 938/99/888 861/100/892
f 941/101/890 942/102/893 940/822/891
f 941/101/890 943/103/894 942/102/893
f 943/103/894 944/104/895 942/102/893
f 935/95/885 946/109/896 945/108/897
f 935/95/885 934/96/884 946/109/896
f 865/21/898 949/110/899 866/23/900
f 949/110/899 127/111/111 866/23/900
f 949/110/899 128/112/112 127/111/111
f 951/115/901 133/117/117 132/116/116
f 952/118/902 133/117/117 951/115/901
f 135/119/119 133/117/117 952/118/902
f 136/120/120 128/112/112 949/110/899
f 26/24/24 867/25/903 138/122/122
f 866/23/900 139/123/123 869/27/904
f 866/23/900 127/111/111 139/123/123
f 138/122/122 953/125/905 140/124/124
f 954/126/906 955/128/907 956/127/908
f 138/122/122 867/25/903 953/125/905
f 140/124/124 951/115/901 132/116/116
f 140/124/124 953/125/905 951/115/901
f 867/25/903 957/129/909 953/125/905
f 867/25/903 869/27/904 957/129/909
f 953/125/905 952/118/902 951/115/901
f 953/125/905 957/129/909 952/118/902
f 869/27/904 148/130/130 957/129/909
f 869/27/904 139/123/123 148/130/130
f 957/129/909 135/119/119 952/118/902
f 957/129/909 148/130/130 135/119/119
f 960/131/910 106/92/92 136/120/120
f 136/120/120 865/21/898 960/131/910
f 136/120/120 949/110/899 865/21/898
f 862/18/831 936/98/886 868/26/834
f 861/100/892 960/131/910 865/21/898
f 861/100/892 938/99/888 960/131/910
f 930/91/878 960/131/910 938/99/888
f 930/91/878 106/92/92 960/131/910
f 963/135/911 964/137/912 958/136/913
f 965/138/914 966/140/915 967/139/916
f 968/823/917 961/132/918 969/145/919
f 965/138/914 970/141/920 966/140/915
f 968/823/917 971/546/921 961/132/918
f 972/142/922 970/141/920 965/138/914
f 972/142/922 973/143/923 970/141/920
f 974/144/924 973/143/923 972/142/922
f 974/144/924 975/146/925 973/143/923
f 968/823/917 969/145/919 976/549/926
f 970/141/920 977/147/927 966/140/915
f 970/141/920 978/148/928 977/147/927
f 973/143/923 978/148/928 970/141/920
f 973/143/923 979/149/929 978/148/928
f 975/146/925 979/149/929 973/143/923
f 975/146/925 980/150/930 979/149/929
f 170/151/151 981/153/931 171/152/152
f 170/151/151 982/154/932 981/153/931
f 174/155/155 983/157/933 984/156/934
f 174/155/155 177/158/158 983/157/933
f 985/159/935 983/157/933 986/160/936
f 985/159/935 984/156/934 983/157/933
f 873/31/937 987/161/938 874/34/840
f 873/31/937 981/153/931 987/161/938
f 874/34/840 988/162/939 877/38/841
f 874/34/840 987/161/938 988/162/939
f 982/154/932 987/161/938 981/153/931
f 182/163/163 989/165/940 183/164/164
f 182/163/163 990/166/941 989/165/940
f 183/164/164 982/154/932 170/151/151
f 183/164/164 989/165/940 982/154/932
f 991/824/942 992/790/943 993/720/944
f 982/154/932 988/162/939 987/161/938
f 982/154/932 989/165/940 988/162/939
f 979/149/929 994/167/945 978/148/928
f 979/149/929 995/168/946 994/167/945
f 980/150/930 995/168/946 979/149/929
f 980/150/930 996/169/947 995/168/946
f 997/170/948 998/172/949 999/171/950
f 978/148/928 1000/173/951 977/147/927
f 978/148/928 994/167/945 1000/173/951
f 1001/174/952 997/170/948 999/171/950
f 988/162/939 1002/175/953 877/38/841
f 988/162/939 1004/179/954 1002/175/953
f 989/165/940 1004/179/954 988/162/939
f 989/165/940 1005/180/955 1004/179/954
f 989/165/940 1006/181/956 1005/180/955
f 989/165/940 990/166/941 1006/181/956
f 1009/825/957 1010/185/958 1007/184/959
f 990/166/941 1010/185/958 1006/181/956
f 990/166/941 1007/184/959 1010/185/958
f 920/83/872 902/63/860 1008/183/960
f 92/82/82 1014/187/961 210/186/186
f 92/82/82 920/83/872 1014/187/961
f 210/186/186 990/166/941 182/163/163
f 210/186/186 1014/187/961 990/166/941
f 920/83/872 1007/184/959 1014/187/961
f 920/83/872 1008/183/960 1007/184/959
f 955/128/907 1015/188/962 956/127/908
f 990/166/941 1014/187/961 1007/184/959
f 995/168/946 1016/189/963 994/167/945
f 995/168/946 1017/190/964 1016/189/963
f 996/169/947 1017/190/964 995/168/946
f 996/169/947 882/191/965 1017/190/964
f 1018/607/966 1019/507/967 1020/826/968
f 1021/827/969 1022/195/970 1023/193/971
f 994/167/945 1024/192/972 1000/173/951
f 994/167/945 1016/189/963 1024/192/972
f 1023/193/971 1022/195/970 1025/194/973
f 1004/179/954 1026/196/974 1002/175/953
f 1023/193/971 1025/194/973 907/828/975
f 1005/180/955 1026/196/974 1004/179/954
f 1005/180/955 1027/197/976 1026/196/974
f 1006/181/956 1027/197/976 1005/180/955
f 1006/181/956 1028/198/977 1027/197/976
f 1009/825/957 1029/829/978 1010/185/958
f 1010/185/958 1028/198/977 1006/181/956
f 1010/185/958 1029/829/978 1028/198/977
f 1017/190/964 1032/202/979 1016/189/963
f 1017/190/964 1033/203/980 1032/202/979
f 1034/204/981 1035/206/982 1036/205/983
f 882/191/965 1033/203/980 1017/190/964
f 882/191/965 881/42/984 1033/203/980
f 1035/206/982 1038/207/985 1036/205/983
f 1024/192/972 1039/209/986 1040/208/987
f 1024/192/972 1041/210/988 1039/209/986
f 1016/189/963 1041/210/988 1024/192/972
f 1042/211/989 1043/213/990 1044/212/991
f 1016/189/963 1032/202/979 1041/210/988
f 1027/197/976 1045/214/992 1026/196/974
f 1027/197/976 1046/215/993 1045/214/992
f 1028/198/977 1046/215/993 1027/197/976
f 1028/198/977 1048/216/994 1046/215/993
f 1040/208/987 1039/209/986 1050/219/995
f 1029/829/978 1048/216/994 1028/198/977
f 1033/203/980 1053/222/996 1032/202/979
f 1033/203/980 1054/223/997 1053/222/996
f 881/42/984 1054/223/997 1033/203/980
f 881/42/984 883/43/998 1054/223/997
f 1032/202/979 1055/224/999 1041/210/988
f 1036/205/983 1056/226/1000 1057/225/1001
f 1032/202/979 1053/222/996 1055/224/999
f 1038/207/985 1056/226/1000 1036/205/983
f 1046/215/993 1012/227/1002 1045/214/992
f 1046/215/993 1058/228/1003 1012/227/1002
f 1048/216/994 1058/228/1003 1046/215/993
f 1048/216/994 1059/229/1004 1058/228/1003
f 255/230/230 899/72/865 898/231/1005
f 255/230/230 257/232/232 899/72/865
f 1020/826/968 1019/507/967 1060/652/1006
f 1061/233/1007 1062/235/1008 1063/234/1009
f 1061/233/1007 1066/239/1010 1062/235/1008
f 1063/234/1009 1068/241/1011 1069/240/1012
f 1063/234/1009 1062/235/1008 1068/241/1011
f 257/232/232 890/50/852 899/72/865
f 257/232/232 52/49/49 890/50/852
f 1066/239/1010 1070/242/1013 1062/235/1008
f 1066/239/1010 1071/243/1014 1070/242/1013
f 1062/235/1008 1072/244/1015 1068/241/1011
f 1062/235/1008 1070/242/1013 1072/244/1015
f 1073/245/1016 1074/247/1017 1075/246/1018
f 1073/245/1016 1076/248/1019 1074/247/1017
f 1077/830/1020 1078/272/1021 1079/667/1022
f 1075/246/1018 1080/250/1023 1081/249/1024
f 1075/246/1018 1074/247/1017 1080/250/1023
f 1081/249/1024 1084/252/1025 1085/251/1026
f 1081/249/1024 1080/250/1023 1084/252/1025
f 1068/241/1011 1076/248/1019 1073/245/1016
f 1077/830/1020 1079/667/1022 1088/669/1027
f 1068/241/1011 1072/244/1015 1076/248/1019
f 1089/256/1028 1090/258/1029 1091/257/1030
f 1089/256/1028 1092/259/1031 1090/258/1029
f 1091/257/1030 1073/245/1016 1075/246/1018
f 1091/257/1030 1090/258/1029 1073/245/1016
f 1096/263/1032 1091/257/1030 1097/264/1033
f 1096/263/1032 1089/256/1028 1091/257/1030
f 1097/264/1033 1075/246/1018 1081/249/1024
f 1097/264/1033 1091/257/1030 1075/246/1018
f 1101/267/1034 1081/249/1024 1085/251/1026
f 300/268/268 1101/267/1034 1085/251/1026
f 300/268/268 301/269/269 1101/267/1034
f 1101/267/1034 1097/264/1033 1081/249/1024
f 302/270/270 1101/267/1034 301/269/269
f 1092/259/1031 1069/240/1012 1090/258/1029
f 1093/831/1035 1094/678/1036 1102/277/1037
f 1069/240/1012 1073/245/1016 1090/258/1029
f 1069/240/1012 1068/241/1011 1073/245/1016
f 1076/248/1019 1105/274/1038 1074/247/1017
f 1076/248/1019 1106/275/1039 1105/274/1038
f 1074/247/1017 1107/276/1040 1080/250/1023
f 1074/247/1017 1105/274/1038 1107/276/1040
f 1102/277/1037 1108/279/1041 1109/278/1042
f 1102/277/1037 1109/278/1042 1093/831/1035
f 1110/280/1043 1111/282/1044 1112/281/1045
f 1072/244/1015 1106/275/1039 1076/248/1019
f 1072/244/1015 1113/283/1046 1106/275/1039
f 1114/284/1047 1115/286/1048 1116/285/1049
f 1117/832/1050 1118/702/1051 1119/699/1052
f 1114/284/1047 1120/287/1053 1115/286/1048
f 1116/285/1049 1121/288/1054 1113/283/1046
f 1122/833/1055 1123/703/1056 1117/832/1050
f 1116/285/1049 1115/286/1048 1121/288/1054
f 1117/832/1050 1123/703/1056 1124/704/1057
f 1106/275/1039 1125/289/1058 1105/274/1038
f 1117/832/1050 1124/704/1057 1118/702/1051
f 1106/275/1039 1126/290/1059 1125/289/1058
f 1105/274/1038 1129/291/1060 1107/276/1040
f 1105/274/1038 1125/289/1058 1129/291/1060
f 1107/276/1040 1129/291/1060 329/292/292
f 1128/710/1061 1131/834/1062 1132/605/1063
f 1128/710/1061 1127/835/1064 1131/834/1062
f 1133/293/1065 1120/287/1053 1114/284/1047
f 1133/293/1065 918/294/1066 1120/287/1053
f 1113/283/1046 1126/290/1059 1106/275/1039
f 1113/283/1046 1121/288/1054 1126/290/1059
f 1135/295/1067 1136/297/1068 1137/296/1069
f 1066/239/1010 1138/299/1070 1139/298/1071
f 1066/239/1010 1061/233/1007 1138/299/1070
f 1139/298/1071 1140/301/1072 1141/300/1073
f 1111/282/1044 1142/302/1074 1112/281/1045
f 1139/298/1071 1138/299/1070 1140/301/1072
f 1143/303/1075 1144/305/1076 901/304/1077
f 1143/303/1075 1071/243/1014 1144/305/1076
f 1065/237/1078 1142/302/1074 1067/836/1079
f 901/304/1077 1145/309/1080 900/308/1081
f 901/304/1077 1144/305/1076 1145/309/1080
f 1141/300/1073 1147/311/1082 1148/310/1083
f 1020/826/968 1146/837/1084 1149/810/1085
f 1141/300/1073 1140/301/1072 1147/311/1082
f 1020/826/968 1149/810/1085 1018/607/966
f 1148/310/1083 1150/313/1086 1151/312/1087
f 1152/721/1088 1153/838/1089 991/824/942
f 1148/310/1083 1147/311/1082 1150/313/1086
f 1152/721/1088 991/824/942 993/720/944
f 1154/314/1090 1155/316/1091 1156/315/1092
f 1154/314/1090 1157/317/1093 1155/316/1091
f 1157/317/1093 1151/312/1087 1155/316/1091
f 1157/317/1093 1148/310/1083 1151/312/1087
f 1140/301/1072 1158/318/1094 1147/311/1082
f 1140/301/1072 1161/322/1095 1158/318/1094
f 907/828/975 1025/194/973 908/325/1096
f 905/66/1097 899/72/865 890/50/852
f 905/66/1097 911/71/866 899/72/865
f 904/67/1098 911/71/866 905/66/1097
f 954/126/906 1162/324/1099 955/128/907
f 904/67/1098 913/74/868 911/71/866
f 908/325/1096 913/74/868 904/67/1098
f 908/325/1096 915/76/870 913/74/868
f 1070/242/1013 1071/243/1014 1164/327/1100
f 1070/242/1013 1114/284/1047 1116/285/1049
f 1070/242/1013 1164/327/1100 1114/284/1047
f 1077/830/1020 1088/669/1027 1082/670/1101
f 1071/243/1014 1143/303/1075 1164/327/1100
f 1143/303/1075 1114/284/1047 1164/327/1100
f 1143/303/1075 1133/293/1065 1114/284/1047
f 1072/244/1015 1116/285/1049 1113/283/1046
f 1072/244/1015 1070/242/1013 1116/285/1049
f 1120/287/1053 1030/201/1102 1115/286/1048
f 1120/287/1053 1031/200/1103 1030/201/1102
f 1115/286/1048 1165/328/1104 1121/288/1054
f 1115/286/1048 1030/201/1102 1165/328/1104
f 1126/290/1059 1166/329/1105 1125/289/1058
f 1126/290/1059 1167/330/1106 1166/329/1105
f 1125/289/1058 929/331/880 1129/291/1060
f 1125/289/1058 1166/329/1105 929/331/880
f 1129/291/1060 107/332/332 329/292/292
f 1168/333/1107 1169/335/1108 1170/334/1109
f 1129/291/1060 929/331/880 107/332/332
f 918/294/1066 1031/200/1103 1120/287/1053
f 918/294/1066 917/336/1110 1031/200/1103
f 1121/288/1054 1167/330/1106 1126/290/1059
f 1121/288/1054 1165/328/1104 1167/330/1106
f 1171/337/1111 380/339/339 1172/338/1112
f 1171/337/1111 381/340/340 380/339/339
f 1173/341/1113 1174/343/1114 1175/342/1115
f 1173/341/1113 1176/344/1116 1174/343/1114
f 1177/345/1117 388/347/347 1178/346/1118
f 1177/345/1117 389/348/348 388/347/347
f 1177/345/1117 390/349/349 389/348/348
f 1177/345/1117 1179/350/1119 390/349/349
f 1180/351/1120 390/349/349 1179/350/1119
f 1180/351/1120 393/352/352 390/349/349
f 1180/351/1120 380/339/339 393/352/352
f 1180/351/1120 1172/338/1112 380/339/339
f 1181/353/1121 1182/355/1122 1183/354/1123
f 1181/353/1121 1184/356/1124 1182/355/1122
f 1181/353/1121 1185/357/1125 1184/356/1124
f 1181/353/1121 1186/358/1126 1185/357/1125
f 1181/353/1121 1187/359/1127 1186/358/1126
f 1181/353/1121 1188/360/1128 1187/359/1127
f 1181/353/1121 1189/361/1129 1188/360/1128
f 1181/353/1121 1183/354/1123 1189/361/1129
f 1190/362/1130 1189/361/1129 1183/354/1123
f 1190/362/1130 1191/363/1131 1189/361/1129
f 1190/362/1130 1174/343/1114 1191/363/1131
f 1190/362/1130 1175/342/1115 1174/343/1114
f 1190/362/1130 1182/355/1122 1192/364/1132
f 1190/362/1130 1183/354/1123 1182/355/1122
f 1171/337/1111 1193/366/1133 1194/365/1134
f 1171/337/1111 1172/338/1112 1193/366/1133
f 1194/365/1134 1174/343/1114 1176/344/1116
f 1194/365/1134 1193/366/1133 1174/343/1114
f 1179/350/1119 1195/368/1135 1196/367/1136
f 1179/350/1119 1177/345/1117 1195/368/1135
f 1196/367/1136 1188/360/1128 1189/361/1129
f 1196/367/1136 1195/368/1135 1188/360/1128
f 1177/345/1117 1197/369/1137 1195/368/1135
f 1177/345/1117 1178/346/1118 1197/369/1137
f 1195/368/1135 1187/359/1127 1188/360/1128
f 1195/368/1135 1197/369/1137 1187/359/1127
f 1172/338/1112 1198/370/1138 1193/366/1133
f 1172/338/1112 1180/351/1120 1198/370/1138
f 1193/366/1133 1191/363/1131 1174/343/1114
f 1193/366/1133 1198/370/1138 1191/363/1131
f 1180/351/1120 1196/367/1136 1198/370/1138
f 1180/351/1120 1179/350/1119 1196/367/1136
f 1198/370/1138 1189/361/1129 1191/363/1131
f 1198/370/1138 1196/367/1136 1189/361/1129
f 1186/358/1126 1199/371/1139 1185/357/1125
f 1186/358/1126 924/372/1140 1199/371/1139
f 1187/359/1127 924/372/1140 1186/358/1126
f 1185/357/1125 1200/374/1141 1201/373/1142
f 1185/357/1125 1199/371/1139 1200/374/1141
f 1201/373/1142 1202/376/1143 1203/375/1144
f 1201/373/1142 1200/374/1141 1202/376/1143
f 1171/337/1111 1204/378/1145 1205/377/1146
f 1171/337/1111 1194/365/1134 1204/378/1145
f 1206/379/1147 1194/365/1134 1176/344/1116
f 1206/379/1147 1204/378/1145 1194/365/1134
f 1173/341/1113 1206/379/1147 1176/344/1116
f 1173/341/1113 1207/380/1148 1206/379/1147
f 388/347/347 1208/381/1149 1178/346/1118
f 388/347/347 422/382/382 1208/381/1149
f 1197/369/1137 1209/383/1150 1187/359/1127
f 1197/369/1137 1210/384/1151 1209/383/1150
f 1178/346/1118 1210/384/1151 1197/369/1137
f 1178/346/1118 1208/381/1149 1210/384/1151
f 1209/383/1150 924/372/1140 1187/359/1127
f 1209/383/1150 1211/385/1152 924/372/1140
f 924/372/1140 1212/387/1153 923/386/1154
f 924/372/1140 1211/385/1152 1212/387/1153
f 923/386/1154 1213/389/1155 1214/388/1156
f 923/386/1154 1212/387/1153 1213/389/1155
f 1213/389/1155 1215/390/1157 1214/388/1156
f 1213/389/1155 1216/391/1158 1215/390/1157
f 1217/392/1159 1218/394/1160 1219/393/1161
f 1217/392/1159 1220/395/1162 1218/394/1160
f 1219/393/1161 1221/397/1163 1222/396/1164
f 1219/393/1161 1218/394/1160 1221/397/1163
f 1221/397/1163 1223/398/1165 1222/396/1164
f 1221/397/1163 1224/399/1166 1223/398/1165
f 1224/399/1166 1225/400/1167 1223/398/1165
f 1224/399/1166 1226/401/1168 1225/400/1167
f 1216/391/1158 1227/402/1169 1215/390/1157
f 1216/391/1158 1228/403/1170 1227/402/1169
f 1226/401/1168 1229/404/1171 1225/400/1167
f 1220/395/1162 1230/405/1172 1218/394/1160
f 1218/394/1160 1231/406/1173 1221/397/1163
f 1218/394/1160 1230/405/1172 1231/406/1173
f 1221/397/1163 1232/407/1174 1224/399/1166
f 1221/397/1163 1231/406/1173 1232/407/1174
f 1217/392/1159 1233/408/1175 1220/395/1162
f 1217/392/1159 1234/409/1176 1233/408/1175
f 1235/410/1177 1233/408/1175 1234/409/1176
f 1220/395/1162 1236/411/1178 1230/405/1172
f 1220/395/1162 1233/408/1175 1236/411/1178
f 1233/408/1175 1235/410/1177 1236/411/1178
f 1235/410/1177 451/413/413 1236/411/1178
f 1235/410/1177 452/414/414 451/413/413
f 1237/415/1179 1234/409/1176 1217/392/1159
f 1237/415/1179 1238/416/1180 1234/409/1176
f 1239/417/1181 1217/392/1159 1219/393/1161
f 1239/417/1181 1237/415/1179 1217/392/1159
f 1219/393/1161 1240/418/1182 1239/417/1181
f 1219/393/1161 1222/396/1164 1240/418/1182
f 1222/396/1164 1241/419/1183 1240/418/1182
f 1222/396/1164 1223/398/1165 1241/419/1183
f 1223/398/1165 1225/400/1167 1241/419/1183
f 1202/376/1143 1227/402/1169 1203/375/1144
f 1202/376/1143 1215/390/1157 1227/402/1169
f 1203/375/1144 1242/420/1184 1201/373/1142
f 1203/375/1144 1243/421/1185 1242/420/1184
f 1227/402/1169 1243/421/1185 1203/375/1144
f 1227/402/1169 1229/404/1171 1243/421/1185
f 1184/356/1124 1201/373/1142 1242/420/1184
f 1184/356/1124 1185/357/1125 1201/373/1142
f 1244/422/1186 933/94/883 1245/423/1187
f 1244/422/1186 937/97/887 933/94/883
f 1246/424/1188 937/97/887 1244/422/1186
f 1246/424/1188 1247/425/1189 937/97/887
f 1231/406/1173 1248/427/1190 1249/426/1191
f 1231/406/1173 1230/405/1172 1248/427/1190
f 1232/407/1174 1249/426/1191 931/428/1192
f 1232/407/1174 1231/406/1173 1249/426/1191
f 931/428/1192 1249/426/1191 932/429/1193
f 1246/424/1188 931/428/1192 1247/425/1189
f 1246/424/1188 1232/407/1174 931/428/1192
f 1230/405/1172 1250/430/1194 1248/427/1190
f 1230/405/1172 1236/411/1178 1250/430/1194
f 1236/411/1178 467/431/431 1250/430/1194
f 1236/411/1178 451/413/413 467/431/431
f 1184/356/1124 1251/432/1195 1182/355/1122
f 933/94/883 1252/433/1196 1245/423/1187
f 933/94/883 935/95/885 1252/433/1196
f 1226/401/1168 1224/399/1166 1253/434/1197
f 1229/404/1171 1253/434/1197 1254/435/1198
f 1229/404/1171 1226/401/1168 1253/434/1197
f 1254/435/1198 1253/434/1197 1246/424/1188
f 1242/420/1184 1255/437/1199 1256/436/1200
f 1242/420/1184 1243/421/1185 1255/437/1199
f 1256/436/1200 1244/422/1186 1245/423/1187
f 1256/436/1200 1255/437/1199 1244/422/1186
f 1243/421/1185 1254/435/1198 1255/437/1199
f 1243/421/1185 1229/404/1171 1254/435/1198
f 1184/356/1124 1256/436/1200 1257/438/1201
f 1184/356/1124 1242/420/1184 1256/436/1200
f 1257/438/1201 1256/436/1200 1245/423/1187
f 1245/423/1187 1258/439/1202 1257/438/1201
f 1245/423/1187 1252/433/1196 1258/439/1202
f 1257/438/1201 1251/432/1195 1184/356/1124
f 1257/438/1201 1258/439/1202 1251/432/1195
f 1224/399/1166 1246/424/1188 1253/434/1197
f 1224/399/1166 1232/407/1174 1246/424/1188
f 868/26/834 937/97/887 1247/425/1189
f 943/103/894 1259/440/1203 944/104/895
f 1192/364/1132 1260/442/1204 939/441/889
f 939/441/889 1261/443/1205 941/101/890
f 939/441/889 1262/444/1206 1261/443/1205
f 941/101/890 1263/445/1207 943/103/894
f 941/101/890 1261/443/1205 1263/445/1207
f 943/103/894 1264/446/1208 1259/440/1203
f 943/103/894 1263/445/1207 1264/446/1208
f 1259/440/1203 483/448/448 482/447/447
f 1259/440/1203 1264/446/1208 483/448/448
f 1262/444/1206 484/449/449 1261/443/1205
f 1262/444/1206 485/450/450 484/449/449
f 1261/443/1205 486/451/451 1263/445/1207
f 1261/443/1205 484/449/449 486/451/451
f 1263/445/1207 487/452/452 1264/446/1208
f 1263/445/1207 486/451/451 487/452/452
f 1264/446/1208 487/452/452 483/448/448
f 939/441/889 1265/453/1209 1262/444/1206
f 939/441/889 1260/442/1204 1265/453/1209
f 1262/444/1206 489/454/454 485/450/450
f 1262/444/1206 1265/453/1209 489/454/454
f 1265/453/1209 490/455/455 489/454/454
f 1265/453/1209 1266/456/1210 490/455/455
f 1266/456/1210 492/457/457 490/455/455
f 1266/456/1210 1267/458/1211 492/457/457
f 1267/458/1211 494/459/459 492/457/457
f 1267/458/1211 945/108/897 494/459/459
f 1268/460/1212 497/462/462 496/461/461
f 1268/460/1212 1269/463/1213 497/462/462
f 1269/463/1213 499/464/464 497/462/462
f 1269/463/1213 1270/465/1214 499/464/464
f 1271/466/1215 1272/467/1216 1270/465/1214
f 1271/466/1215 1273/468/1217 1272/467/1216
f 1270/465/1214 504/469/469 499/464/464
f 1270/465/1214 1272/467/1216 504/469/469
f 1274/470/1218 1275/472/1219 1276/471/1220
f 1274/470/1218 1277/473/1221 1275/472/1219
f 1271/466/1215 1277/473/1221 1274/470/1218
f 1271/466/1215 1278/474/1222 1277/473/1221
f 1270/465/1214 1278/474/1222 1271/466/1215
f 1270/465/1214 1279/475/1223 1278/474/1222
f 1268/460/1212 1280/476/1224 1269/463/1213
f 1268/460/1212 1281/477/1225 1280/476/1224
f 1269/463/1213 1279/475/1223 1270/465/1214
f 1269/463/1213 1280/476/1224 1279/475/1223
f 1277/473/1221 1282/478/1226 1275/472/1219
f 1278/474/1222 1282/478/1226 1277/473/1221
f 1279/475/1223 1282/478/1226 1278/474/1222
f 1281/477/1225 1282/478/1226 1280/476/1224
f 1280/476/1224 1282/478/1226 1279/475/1223
f 1252/433/1196 945/108/897 1267/458/1211
f 1252/433/1196 935/95/885 945/108/897
f 1283/479/1227 1266/456/1210 1265/453/1209
f 1283/479/1227 1284/480/1228 1266/456/1210
f 1252/433/1196 1284/480/1228 1258/439/1202
f 1252/433/1196 1266/456/1210 1284/480/1228
f 1252/433/1196 1267/458/1211 1266/456/1210
f 1182/355/1122 1260/442/1204 1192/364/1132
f 1182/355/1122 1251/432/1195 1260/442/1204
f 1251/432/1195 1284/480/1228 1283/479/1227
f 1251/432/1195 1258/439/1202 1284/480/1228
f 1276/471/1220 1285/482/1229 1286/481/1230
f 1276/471/1220 1275/472/1219 1285/482/1229
f 1286/481/1230 1281/477/1225 1268/460/1212
f 1286/481/1230 1285/482/1229 1281/477/1225
f 1275/472/1219 1282/478/1226 1285/482/1229
f 1285/482/1229 1282/478/1226 1281/477/1225
f 1205/377/1146 1287/484/1231 1288/483/1232
f 1205/377/1146 1204/378/1145 1287/484/1231
f 1288/483/1232 1274/470/1218 1276/471/1220
f 1288/483/1232 1287/484/1231 1274/470/1218
f 1204/378/1145 1289/485/1233 1287/484/1231
f 1204/378/1145 1206/379/1147 1289/485/1233
f 1287/484/1231 1271/466/1215 1274/470/1218
f 1287/484/1231 1289/485/1233 1271/466/1215
f 1206/379/1147 1207/380/1148 1289/485/1233
f 521/486/486 1205/377/1146 1290/487/1234
f 521/486/486 523/488/488 1205/377/1146
f 524/489/489 1290/487/1234 1291/490/1235
f 524/489/489 521/486/486 1290/487/1234
f 1291/490/1235 496/461/461 524/489/489
f 496/461/461 1286/481/1230 1268/460/1212
f 496/461/461 1291/490/1235 1286/481/1230
f 1205/377/1146 1288/483/1232 1290/487/1234
f 1205/377/1146 381/340/340 1171/337/1111
f 1205/377/1146 523/488/488 381/340/340
f 1286/481/1230 1291/490/1235 1290/487/1234
f 1276/471/1220 1290/487/1234 1288/483/1232
f 1276/471/1220 1286/481/1230 1290/487/1234
f 1173/341/1113 1292/492/1236 1293/491/1237
f 1173/341/1113 1175/342/1115 1292/492/1236
f 1207/380/1148 1293/491/1237 1294/493/1238
f 1207/380/1148 1173/341/1113 1293/491/1237
f 1294/493/1238 1273/468/1217 1207/380/1148
f 1294/493/1238 1295/494/1239 1273/468/1217
f 1272/467/1216 1295/494/1239 1296/495/1240
f 1272/467/1216 1273/468/1217 1295/494/1239
f 1296/495/1240 1295/494/1239 1297/496/1241
f 504/469/469 1296/495/1240 532/497/497
f 504/469/469 1272/467/1216 1296/495/1240
f 1190/362/1130 1292/492/1236 1175/342/1115
f 1190/362/1130 1192/364/1132 1292/492/1236
f 1208/381/1149 534/499/499 1298/498/1242
f 1208/381/1149 422/382/382 534/499/499
f 1298/498/1242 452/414/414 1235/410/1177
f 1298/498/1242 534/499/499 452/414/414
f 1210/384/1151 1298/498/1242 1299/500/1243
f 1210/384/1151 1208/381/1149 1298/498/1242
f 1299/500/1243 1235/410/1177 1234/409/1176
f 1299/500/1243 1298/498/1242 1235/410/1177
f 1211/385/1152 1300/502/1244 1301/501/1245
f 1211/385/1152 1209/383/1150 1300/502/1244
f 1301/501/1245 1238/416/1180 1237/415/1179
f 1301/501/1245 1300/502/1244 1238/416/1180
f 1212/387/1153 1301/501/1245 1302/503/1246
f 1212/387/1153 1211/385/1152 1301/501/1245
f 1302/503/1246 1237/415/1179 1239/417/1181
f 1302/503/1246 1301/501/1245 1237/415/1179
f 1239/417/1181 1303/504/1247 1302/503/1246
f 1239/417/1181 1240/418/1182 1303/504/1247
f 1302/503/1246 1213/389/1155 1212/387/1153
f 1302/503/1246 1303/504/1247 1213/389/1155
f 1240/418/1182 1304/505/1248 1303/504/1247
f 1240/418/1182 1241/419/1183 1304/505/1248
f 1303/504/1247 1216/391/1158 1213/389/1155
f 1303/504/1247 1304/505/1248 1216/391/1158
f 1241/419/1183 1228/403/1170 1304/505/1248
f 1241/419/1183 1225/400/1167 1228/403/1170
f 1304/505/1248 1228/403/1170 1216/391/1158
f 1209/383/1150 1299/500/1243 1300/502/1244
f 1209/383/1150 1210/384/1151 1299/500/1243
f 1300/502/1244 1234/409/1176 1238/416/1180
f 1300/502/1244 1299/500/1243 1234/409/1176
f 1227/402/1169 1225/400/1167 1229/404/1171
f 1227/402/1169 1228/403/1170 1225/400/1167
f 1305/506/1249 1158/318/1094 1019/507/967
f 1306/508/1250 915/76/870 1307/509/1251
f 1150/313/1086 1158/318/1094 1305/506/1249
f 1150/313/1086 1147/311/1082 1158/318/1094
f 908/325/1096 1307/509/1251 915/76/870
f 908/325/1096 1025/194/973 1307/509/1251
f 880/40/844 1030/201/1102 852/6/846
f 880/40/844 1165/328/1104 1030/201/1102
f 868/26/834 931/428/1192 856/11/829
f 868/26/834 1247/425/1189 931/428/1192
f 876/35/839 1165/328/1104 880/40/844
f 876/35/839 1167/330/1106 1165/328/1104
f 1309/511/1252 1166/329/1105 1167/330/1106
f 876/35/839 1309/511/1252 1167/330/1106
f 876/35/839 875/36/838 1309/511/1252
f 909/69/863 1310/512/1253 906/68/862
f 909/69/863 1311/513/1254 1310/512/1253
f 909/69/863 921/85/873 1311/513/1254
f 1312/514/1255 1313/516/1256 1314/515/1257
f 1312/514/1255 1315/517/1258 1313/516/1256
f 1316/518/1259 1313/516/1256 1315/517/1258
f 1317/519/1260 1316/518/1259 1315/517/1258
f 1318/520/1261 1317/519/1260 1315/517/1258
f 1320/523/1262 1313/516/1256 1321/524/1263
f 1320/523/1262 1322/525/1264 1313/516/1256
f 1323/526/1265 1322/525/1264 1320/523/1262
f 1323/526/1265 956/127/908 1322/525/1264
f 954/126/906 956/127/908 1323/526/1265
f 1321/524/1263 1313/516/1256 1316/518/1259
f 1319/522/1266 954/126/906 1324/527/1267
f 1319/522/1266 1162/324/1099 954/126/906
f 1325/528/1268 1316/518/1259 1317/519/1260
f 1324/527/1267 954/126/906 1326/529/1269
f 1327/530/1270 1323/526/1265 1328/531/1271
f 1329/532/1272 1321/524/1263 1330/533/1273
f 1331/534/1274 1320/523/1262 1332/535/1275
f 1330/533/1273 1316/518/1259 1325/528/1268
f 1330/533/1273 1321/524/1263 1316/518/1259
f 1332/535/1275 1321/524/1263 1329/532/1272
f 1332/535/1275 1320/523/1262 1321/524/1263
f 1328/531/1271 1320/523/1262 1331/534/1274
f 1328/531/1271 1323/526/1265 1320/523/1262
f 1326/529/1269 1323/526/1265 1327/530/1270
f 1326/529/1269 954/126/906 1323/526/1265
f 964/137/912 1335/537/1276 1336/536/1277
f 964/137/912 1337/538/1278 1335/537/1276
f 1337/538/1278 1011/539/1279 1335/537/1276
f 958/136/913 1336/536/1277 959/540/1280
f 958/136/913 964/137/912 1336/536/1277
f 1338/541/1281 1314/515/1257 1339/542/1282
f 1338/541/1281 1312/514/1255 1314/515/1257
f 1333/543/1283 1339/542/1282 1334/544/1284
f 1333/543/1283 1338/541/1281 1339/542/1282
f 1340/545/1285 1312/514/1255 1338/541/1281
f 971/546/921 962/134/1286 961/132/918
f 1341/547/1287 969/145/919 1342/548/1288
f 976/549/926 969/145/919 1341/547/1287
f 1343/550/1289 1342/548/1288 1344/551/1290
f 1343/550/1289 1341/547/1287 1342/548/1288
f 1345/552/1291 1341/547/1287 1343/550/1289
f 1345/552/1291 976/549/926 1341/547/1287
f 1343/550/1289 1330/533/1273 1325/528/1268
f 1343/550/1289 1344/551/1290 1330/533/1273
f 1345/552/1291 1325/528/1268 1317/519/1260
f 1345/552/1291 1343/550/1289 1325/528/1268
f 1344/551/1290 1329/532/1272 1330/533/1273
f 1344/551/1290 1346/553/1292 1329/532/1272
f 1346/553/1292 1332/535/1275 1329/532/1272
f 1346/553/1292 1347/554/1293 1332/535/1275
f 1347/554/1293 1348/839/1294 1349/840/1295
f 1347/554/1293 1350/557/1296 1348/839/1294
f 1344/551/1290 1352/555/1297 1346/553/1292
f 1344/551/1290 1351/556/1298 1352/555/1297
f 1346/553/1292 1350/557/1296 1347/554/1293
f 1346/553/1292 1352/555/1297 1350/557/1296
f 1350/557/1296 1353/558/1299 1348/839/1294
f 1351/556/1298 1353/558/1299 1352/555/1297
f 1352/555/1297 1353/558/1299 1350/557/1296
f 1355/559/1300 1354/561/1301 1356/560/1302
f 1357/562/1303 1358/564/1304 1359/563/1305
f 1360/841/1306 1358/564/1304 1357/562/1303
f 1361/565/1307 1359/563/1305 1362/566/1308
f 1361/565/1307 1357/562/1303 1359/563/1305
f 1363/567/1309 1362/566/1308 1364/568/1310
f 1365/569/1311 1362/566/1308 1363/567/1309
f 1361/565/1307 1362/566/1308 1365/569/1311
f 1366/570/1312 1364/568/1310 1367/571/1313
f 1366/570/1312 1363/567/1309 1364/568/1310
f 1347/554/1293 1363/567/1309 1366/570/1312
f 1347/554/1293 1365/569/1311 1363/567/1309
f 1349/840/1295 1365/569/1311 1347/554/1293
f 1349/840/1295 1361/565/1307 1365/569/1311
f 1366/570/1312 1328/531/1271 1331/534/1274
f 1366/570/1312 1367/571/1313 1328/531/1271
f 1347/554/1293 1331/534/1274 1332/535/1275
f 1347/554/1293 1366/570/1312 1331/534/1274
f 1367/571/1313 1327/530/1270 1328/531/1271
f 1367/571/1313 1368/572/1314 1327/530/1270
f 1368/572/1314 1326/529/1269 1327/530/1270
f 1368/572/1314 1369/573/1315 1326/529/1269
f 1367/571/1313 1371/574/1316 1368/572/1314
f 1367/571/1313 1372/575/1317 1371/574/1316
f 1368/572/1314 1373/576/1318 1369/573/1315
f 1368/572/1314 1371/574/1316 1373/576/1318
f 1372/575/1317 1374/578/1319 1371/574/1316
f 1371/574/1316 1374/578/1319 1373/576/1318
f 1374/578/1319 1375/580/1320 1376/579/1321
f 1375/580/1320 1378/582/1322 1376/579/1321
f 1377/581/1323 1378/582/1322 1375/580/1320
f 1003/178/1324 998/172/949 997/170/948
f 1379/583/1325 1001/174/952 1380/584/1326
f 1381/585/1327 1001/174/952 1379/583/1325
f 1382/586/1328 1380/584/1326 1383/587/1329
f 1382/586/1328 1379/583/1325 1380/584/1326
f 1369/573/1315 1379/583/1325 1382/586/1328
f 1369/573/1315 1381/585/1327 1379/583/1325
f 1382/586/1328 1319/522/1266 1324/527/1267
f 1382/586/1328 1383/587/1329 1319/522/1266
f 1369/573/1315 1324/527/1267 1326/529/1269
f 1369/573/1315 1382/586/1328 1324/527/1267
f 1313/516/1256 1384/588/1330 1314/515/1257
f 1313/516/1256 1385/589/1331 1384/588/1330
f 1322/525/1264 1385/589/1331 1313/516/1256
f 1322/525/1264 1386/590/1332 1385/589/1331
f 956/127/908 1386/590/1332 1322/525/1264
f 956/127/908 1015/188/962 1386/590/1332
f 1011/539/1279 1012/227/1002 1335/537/1276
f 1336/536/1277 1013/591/1333 959/540/1280
f 1336/536/1277 1058/228/1003 1013/591/1333
f 1314/515/1257 1387/592/1334 1339/542/1282
f 1314/515/1257 1384/588/1330 1387/592/1334
f 1339/542/1282 884/44/1335 1334/544/1284
f 1339/542/1282 1387/592/1334 884/44/1335
f 1385/589/1331 1053/222/996 1384/588/1330
f 1385/589/1331 1055/224/999 1053/222/996
f 1386/590/1332 1055/224/999 1385/589/1331
f 1386/590/1332 1388/593/1336 1055/224/999
f 1015/188/962 1388/593/1336 1386/590/1332
f 1015/188/962 1389/594/1337 1388/593/1336
f 1058/228/1003 1059/229/1004 1013/591/1333
f 1387/592/1334 883/43/998 884/44/1335
f 1388/593/1336 1041/210/988 1055/224/999
f 1054/223/997 1384/588/1330 1053/222/996
f 1384/588/1330 883/43/998 1387/592/1334
f 1384/588/1330 1054/223/997 883/43/998
f 1041/210/988 1389/594/1337 1039/209/986
f 1041/210/988 1388/593/1336 1389/594/1337
f 1335/537/1276 1058/228/1003 1336/536/1277
f 1335/537/1276 1012/227/1002 1058/228/1003
f 1390/596/1338 1391/598/1339 1392/597/1340
f 1390/596/1338 1393/599/1341 1391/598/1339
f 1392/597/1340 1305/506/1249 1019/507/967
f 1392/597/1340 1391/598/1339 1305/506/1249
f 1393/599/1341 1394/600/1342 1391/598/1339
f 1393/599/1341 1395/601/1343 1394/600/1342
f 1391/598/1339 1150/313/1086 1305/506/1249
f 1391/598/1339 1394/600/1342 1150/313/1086
f 1396/602/1344 1397/604/1345 1398/603/1346
f 1396/602/1344 1132/605/1063 1397/604/1345
f 1398/603/1346 1306/508/1250 1307/509/1251
f 1398/603/1346 1397/604/1345 1306/508/1250
f 1399/606/1347 1398/603/1346 1022/195/970
f 1399/606/1347 1396/602/1344 1398/603/1346
f 1022/195/970 1307/509/1251 1025/194/973
f 1022/195/970 1398/603/1346 1307/509/1251
f 1018/607/966 1392/597/1340 1019/507/967
f 1400/608/1348 1401/610/1349 1402/609/1350
f 1400/608/1348 1403/611/1351 1401/610/1349
f 1402/609/1350 1156/315/1092 1155/316/1091
f 1402/609/1350 1401/610/1349 1156/315/1092
f 1404/612/1352 1402/609/1350 1405/613/1353
f 1404/612/1352 1400/608/1348 1402/609/1350
f 1405/613/1353 1155/316/1091 1151/312/1087
f 1405/613/1353 1402/609/1350 1155/316/1091
f 1021/827/969 1399/606/1347 1022/195/970
f 1395/601/1343 1405/613/1353 1394/600/1342
f 1395/601/1343 1404/612/1352 1405/613/1353
f 1394/600/1342 1151/312/1087 1150/313/1086
f 1394/600/1342 1405/613/1353 1151/312/1087
f 887/46/849 1406/615/1354 1407/614/1355
f 887/46/849 906/68/862 1406/615/1354
f 1408/616/1356 1409/618/1357 1410/617/1358
f 1408/616/1356 859/14/1359 1409/618/1357
f 1410/617/1358 974/144/924 972/142/922
f 1410/617/1358 1409/618/1357 974/144/924
f 972/142/922 1411/619/1360 1410/617/1358
f 972/142/922 965/138/914 1411/619/1360
f 1410/617/1358 1311/513/1254 1408/616/1356
f 1410/617/1358 1411/619/1360 1311/513/1254
f 171/152/152 983/157/933 177/158/158
f 171/152/152 981/153/931 983/157/933
f 986/160/936 981/153/931 873/31/937
f 986/160/936 983/157/933 981/153/931
f 965/138/914 967/139/916 1411/619/1360
f 1411/619/1360 1310/512/1253 1311/513/1254
f 1411/619/1360 967/139/916 1310/512/1253
f 967/139/916 906/68/862 1310/512/1253
f 967/139/916 1406/615/1354 906/68/862
f 1412/620/1361 887/46/849 1407/614/1355
f 1412/620/1361 885/45/847 887/46/849
f 1207/380/1148 1271/466/1215 1289/485/1233
f 1207/380/1148 1273/468/1217 1271/466/1215
f 1413/621/1362 1414/623/1363 1415/622/1364
f 1413/621/1362 1136/297/1068 1414/623/1363
f 1415/622/1364 1063/234/1009 1069/240/1012
f 1415/622/1364 1414/623/1363 1063/234/1009
f 1416/624/1365 1417/626/1366 1418/625/1367
f 1416/624/1365 1419/627/1368 1417/626/1366
f 1418/625/1367 1092/259/1031 1089/256/1028
f 1418/625/1367 1417/626/1366 1092/259/1031
f 1420/628/1369 1418/625/1367 1421/629/1370
f 1420/628/1369 1416/624/1365 1418/625/1367
f 1421/629/1370 1089/256/1028 1096/263/1032
f 1421/629/1370 1418/625/1367 1089/256/1028
f 656/630/630 1420/628/1369 1421/629/1370
f 1419/627/1368 1415/622/1364 1417/626/1366
f 1419/627/1368 1413/621/1362 1415/622/1364
f 1417/626/1366 1069/240/1012 1092/259/1031
f 1417/626/1366 1415/622/1364 1069/240/1012
f 1136/297/1068 1422/631/1371 1414/623/1363
f 1136/297/1068 1135/295/1067 1422/631/1371
f 1414/623/1363 1061/233/1007 1063/234/1009
f 1414/623/1363 1422/631/1371 1061/233/1007
f 1138/299/1070 1422/631/1371 1423/632/1372
f 1138/299/1070 1061/233/1007 1422/631/1371
f 1423/632/1372 1135/295/1067 1424/633/1373
f 1423/632/1372 1422/631/1371 1135/295/1067
f 1424/633/1373 1161/322/1095 1423/632/1372
f 1140/301/1072 1423/632/1372 1161/322/1095
f 1140/301/1072 1138/299/1070 1423/632/1372
f 1412/620/1361 1035/206/982 1034/204/981
f 1412/620/1361 1407/614/1355 1035/206/982
f 1407/614/1355 1425/634/1374 1035/206/982
f 1407/614/1355 1406/615/1354 1425/634/1374
f 1035/206/982 1425/634/1374 1038/207/985
f 1425/634/1374 966/140/915 1038/207/985
f 967/139/916 1425/634/1374 1406/615/1354
f 967/139/916 966/140/915 1425/634/1374
f 1137/296/1069 1424/633/1373 1135/295/1067
f 1137/296/1069 1426/635/1375 1424/633/1373
f 885/45/847 1427/637/1376 1428/636/1377
f 885/45/847 1412/620/1361 1427/637/1376
f 1428/636/1377 1137/296/1069 1136/297/1068
f 1428/636/1377 1427/637/1376 1137/296/1069
f 888/48/850 1428/636/1377 1429/638/1378
f 888/48/850 885/45/847 1428/636/1377
f 1429/638/1378 1136/297/1068 1413/621/1362
f 1429/638/1378 1428/636/1377 1136/297/1068
f 892/54/854 1429/638/1378 1430/639/1379
f 892/54/854 888/48/850 1429/638/1378
f 1430/639/1379 1413/621/1362 1419/627/1368
f 1430/639/1379 1429/638/1378 1413/621/1362
f 895/56/857 1430/639/1379 1431/640/1380
f 895/56/857 892/54/854 1430/639/1379
f 1431/640/1380 1419/627/1368 1416/624/1365
f 1431/640/1380 1430/639/1379 1419/627/1368
f 897/58/859 1431/640/1380 1432/641/1381
f 897/58/859 895/56/857 1431/640/1380
f 1432/641/1381 1416/624/1365 1420/628/1369
f 1432/641/1381 1431/640/1380 1416/624/1365
f 66/60/60 1432/641/1381 668/642/642
f 66/60/60 897/58/859 1432/641/1381
f 668/642/642 1420/628/1369 656/630/630
f 668/642/642 1432/641/1381 1420/628/1369
f 903/64/861 670/644/644 1433/643/1382
f 903/64/861 69/61/61 670/644/644
f 1433/643/1382 255/230/230 898/231/1005
f 1433/643/1382 670/644/644 255/230/230
f 1434/842/1383 1433/643/1382 1037/843/1384
f 1434/842/1383 903/64/861 1433/643/1382
f 1037/843/1384 1433/643/1382 898/231/1005
f 1412/620/1361 1435/645/1385 1427/637/1376
f 1412/620/1361 1034/204/981 1435/645/1385
f 1427/637/1376 1426/635/1375 1137/296/1069
f 1427/637/1376 1435/645/1385 1426/635/1375
f 1436/646/1386 1085/251/1026 1084/252/1025
f 1436/646/1386 1084/252/1025 1437/647/1387
f 1438/648/1388 1101/267/1034 1439/649/1389
f 1085/251/1026 1436/646/1386 1439/649/1389
f 1085/251/1026 1439/649/1389 1101/267/1034
f 857/16/882 859/14/1359 926/89/876
f 926/89/876 859/14/1359 1408/616/1356
f 1408/616/1356 1311/513/1254 926/89/876
f 926/89/876 1311/513/1254 921/85/873
f 1038/207/985 1440/650/1390 1056/226/1000
f 1161/322/1095 1424/633/1373 1441/651/1391
f 1158/318/1094 1161/322/1095 1060/652/1006
f 1441/651/1391 1060/652/1006 1161/322/1095
f 1060/652/1006 1019/507/967 1158/318/1094
f 1086/253/1392 1442/654/1393 1443/653/1394
f 1086/253/1392 1443/653/1394 1444/655/1395
f 1442/654/1393 1445/657/1396 1446/656/1397
f 1442/654/1393 1446/656/1397 1443/653/1394
f 1103/844/1398 1447/659/1399 1086/253/1392
f 1086/253/1392 1447/659/1399 1448/658/1400
f 1086/253/1392 1448/658/1400 1442/654/1393
f 1442/654/1393 1448/658/1400 1449/660/1401
f 1442/654/1393 1449/660/1401 1445/657/1396
f 1447/659/1399 1450/661/1402 1448/658/1400
f 1448/658/1400 1450/661/1402 1449/660/1401
f 1451/663/1403 1452/665/1404 1453/666/1405
f 1078/272/1021 1104/273/1406 1079/667/1022
f 1454/668/1407 1088/669/1027 1087/255/1408
f 1082/670/1101 1088/669/1027 1454/668/1407
f 1455/671/1409 1454/668/1407 1087/255/1408
f 1455/671/1409 1087/255/1408 1086/253/1392
f 1083/260/1410 1082/670/1101 1454/668/1407
f 1083/260/1410 1454/668/1407 1455/671/1409
f 1455/671/1409 1086/253/1392 1444/655/1395
f 1455/671/1409 1444/655/1395 1456/672/1411
f 1083/260/1410 1455/671/1409 1456/672/1411
f 1083/260/1410 1456/672/1411 1457/673/1412
f 1102/277/1037 1458/675/1413 1459/674/1414
f 1102/277/1037 1459/674/1414 1460/676/1415
f 1458/675/1413 1083/260/1410 1457/673/1412
f 1458/675/1413 1457/673/1412 1459/674/1414
f 1102/277/1037 1094/678/1036 1461/677/1416
f 1102/277/1037 1461/677/1416 1458/675/1413
f 1458/675/1413 1461/677/1416 1095/262/1417
f 1458/675/1413 1095/262/1417 1083/260/1410
f 1094/678/1036 1099/265/1418 1461/677/1416
f 1461/677/1416 1099/265/1418 1095/262/1417
f 1099/265/1418 1098/679/1419 1100/266/1420
f 1098/679/1419 1462/680/1421 1100/266/1420
f 1463/681/1422 1462/680/1421 1098/679/1419
f 1464/682/1423 1465/684/1424 1466/683/1425
f 1468/686/1426 1467/687/1427 1108/279/1041
f 1469/688/1428 1467/687/1427 1468/686/1426
f 1470/689/1429 1468/686/1426 1108/279/1041
f 1470/689/1429 1108/279/1041 1102/277/1037
f 1471/690/1430 1469/688/1428 1468/686/1426
f 1471/690/1430 1468/686/1426 1470/689/1429
f 1470/689/1429 1102/277/1037 1460/676/1415
f 1470/689/1429 1460/676/1415 1472/692/1431
f 1471/690/1430 1470/689/1429 1472/692/1431
f 1471/690/1430 1472/692/1431 1473/693/1432
f 1474/696/1433 1476/698/1434 1477/697/1435
f 1474/696/1433 1477/697/1435 1475/695/1436
f 1476/698/1434 1471/690/1430 1473/693/1432
f 1476/698/1434 1473/693/1432 1477/697/1435
f 1474/696/1433 1119/699/1052 1478/700/1437
f 1474/696/1433 1478/700/1437 1476/698/1434
f 1476/698/1434 1478/700/1437 1479/701/1438
f 1476/698/1434 1479/701/1438 1471/690/1430
f 1119/699/1052 1118/702/1051 1478/700/1437
f 1478/700/1437 1118/702/1051 1479/701/1438
f 1123/703/1056 1134/705/1439 1124/704/1057
f 1168/333/1107 1481/706/1440 1169/335/1108
f 1130/707/1441 1480/708/1442 1393/599/1341
f 1130/707/1441 1393/599/1341 1390/596/1338
f 1480/708/1442 1482/709/1443 1395/601/1343
f 1480/708/1442 1395/601/1343 1393/599/1341
f 1481/706/1440 1128/710/1061 1132/605/1063
f 1481/706/1440 1132/605/1063 1396/602/1344
f 1169/335/1108 1481/706/1440 1396/602/1344
f 1169/335/1108 1396/602/1344 1399/606/1347
f 1444/655/1395 1483/712/1444 1484/711/1445
f 1444/655/1395 1484/711/1445 1456/672/1411
f 1457/673/1412 1484/711/1445 1485/713/1446
f 1457/673/1412 1485/713/1446 1459/674/1414
f 1460/676/1415 1485/713/1446 1486/714/1447
f 1460/676/1415 1486/714/1447 1472/692/1431
f 1473/693/1432 1486/714/1447 1487/715/1448
f 1473/693/1432 1487/715/1448 1477/697/1435
f 1459/674/1414 1485/713/1446 1460/676/1415
f 1472/692/1431 1486/714/1447 1473/693/1432
f 1456/672/1411 1484/711/1445 1457/673/1412
f 1443/653/1394 1483/712/1444 1444/655/1395
f 1477/697/1435 1487/715/1448 1475/695/1436
f 1446/656/1397 1483/712/1444 1443/653/1394
f 1486/714/1447 1404/612/1352 1487/715/1448
f 1483/712/1444 1403/611/1351 1484/711/1445
f 1484/711/1445 1403/611/1351 1400/608/1348
f 1484/711/1445 1400/608/1348 1485/713/1446
f 1485/713/1446 1400/608/1348 1404/612/1352
f 1485/713/1446 1404/612/1352 1486/714/1447
f 1475/695/1436 1487/715/1448 1488/717/1449
f 1487/715/1448 1404/612/1352 1488/717/1449
f 1482/709/1443 1488/717/1449 1404/612/1352
f 1482/709/1443 1404/612/1352 1395/601/1343
f 1489/718/1450 1142/302/1074 1065/237/1078
f 1112/281/1045 1142/302/1074 1489/718/1450
f 1493/719/1451 1160/321/1452 993/720/944
f 993/720/944 1160/321/1452 1152/721/1088
f 871/30/836 1494/722/1453 875/36/838
f 1042/211/989 882/191/965 996/169/947
f 1265/453/1209 1260/442/1204 1283/479/1227
f 1283/479/1227 1260/442/1204 1251/432/1195
f 1495/723/1454 1141/300/1073 1148/310/1083
f 1145/309/1080 1141/300/1073 1495/723/1454
f 1495/723/1454 1148/310/1083 1157/317/1093
f 1157/317/1093 1496/724/1455 1495/723/1454
f 1157/317/1093 1154/314/1090 1496/724/1455
f 1495/723/1454 900/308/1081 1145/309/1080
f 1495/723/1454 1496/724/1455 900/308/1081
f 1144/305/1076 1066/239/1010 1139/298/1071
f 1144/305/1076 1071/243/1014 1066/239/1010
f 1145/309/1080 1139/298/1071 1141/300/1073
f 1145/309/1080 1144/305/1076 1139/298/1071
f 1038/207/985 966/140/915 977/147/927
f 1244/422/1186 1254/435/1198 1246/424/1188
f 1244/422/1186 1255/437/1199 1254/435/1198
f 1497/725/1456 1498/727/1457 1499/726/1458
f 1497/725/1456 1499/726/1458 1500/728/1459
f 1501/729/1460 1497/725/1456 1500/728/1459
f 1501/729/1460 1500/728/1459 1502/730/1461
f 744/731/731 1501/729/1460 1502/730/1461
f 744/731/731 1502/730/1461 745/732/732
f 1503/733/1462 1504/735/1463 1505/734/1464
f 1503/733/1462 1505/734/1464 1506/736/1465
f 1504/735/1463 1507/738/1466 1508/737/1467
f 1504/735/1463 1508/737/1467 1505/734/1464
f 1507/738/1466 753/740/740 752/739/739
f 1507/738/1466 752/739/739 1508/737/1467
f 1084/252/1025 300/268/268 1085/251/1026
f 1084/252/1025 282/741/741 300/268/268
f 1108/279/1041 1467/687/1427 1109/278/1042
f 847/13/822 846/818/821 1509/845/1468
f 847/13/822 1509/845/1468 862/18/831
f 1514/846/1469 975/146/925 974/144/924
f 1515/847/1470 1516/811/1471 1494/722/1453
f 1514/846/1469 1517/848/1472 975/146/925
f 59/787/787 1518/788/1473 893/820/855
f 910/70/864 915/76/870 1520/748/1474
f 1522/849/1475 890/50/852 889/51/851
f 1249/426/1191 1248/427/1190 1525/850/1476
f 937/97/887 936/98/886 1526/851/1477
f 933/94/883 1526/851/1477 934/96/884
f 1511/755/1478 985/159/935 1528/852/1479
f 1511/755/1478 1512/756/1480 985/159/935
f 771/753/753 773/757/757 1527/752/1481
f 985/159/935 1513/853/1482 984/156/934
f 985/159/935 1512/756/1480 1513/853/1482
f 1528/852/1479 985/159/935 986/160/936
f 1530/758/1483 955/128/907 1162/324/1099
f 1337/538/1278 1531/760/1484 1011/539/1279
f 1532/761/1485 947/107/1486 1533/762/1487
f 1534/854/1488 964/137/912 963/135/911
f 1342/548/1288 969/145/919 1536/855/1489
f 1344/551/1290 1342/548/1288 1536/855/1489
f 1538/766/1490 1317/519/1260 1318/520/1261
f 1538/766/1490 1345/552/1291 1317/519/1260
f 1539/767/1491 1537/763/1492 1493/719/1451
f 1541/770/1493 1353/558/1299 1351/556/1298
f 1353/558/1299 1542/774/1494 1348/839/1294
f 1364/568/1310 1362/566/1308 1543/772/1495
f 1367/571/1313 1364/568/1310 1543/772/1495
f 1353/558/1299 1356/560/1302 1542/774/1494
f 1153/838/1089 1370/856/1496 1544/857/1497
f 1001/174/952 999/171/950 1545/858/1498
f 1380/584/1326 1001/174/952 1545/858/1498
f 1546/775/1499 1381/585/1327 1369/573/1315
f 955/128/907 1547/776/1500 1015/188/962
f 1548/859/1501 1152/721/1088 1549/860/1502
f 1383/587/1329 1380/584/1326 1545/858/1498
f 1153/838/1089 1544/857/1497 991/824/942
f 1039/209/986 1389/594/1337 1550/861/1503
f 1039/209/986 1550/861/1503 1050/219/995
f 1547/776/1500 1550/861/1503 1389/594/1337
f 859/14/1359 1510/744/1504 1409/618/1357
f 1409/618/1357 1514/846/1469 974/144/924
f 1002/175/953 1026/196/974 1553/778/1505
f 862/18/831 1509/845/1468 936/98/886
f 1026/196/974 1551/862/1506 1553/778/1505
f 1026/196/974 1045/214/992 1551/862/1506
f 1514/846/1469 1510/744/1504 1555/785/1507
f 1038/207/985 1556/863/1508 1440/650/1390
f 1450/661/1402 1453/666/1405 1560/864/1509
f 1510/744/1504 1052/220/1510 1555/785/1507
f 302/270/270 1564/865/1511 1565/866/1512
f 1467/687/1427 1466/683/1425 1566/867/1513
f 1080/250/1023 811/786/786 1084/252/1025
f 1110/280/1043 1568/868/1514 1111/282/1044
f 1409/618/1357 1510/744/1504 1514/846/1469
f 59/787/787 813/789/789 1518/788/1473
f 1170/334/1109 1169/335/1108 1571/869/1515
f 1080/250/1023 1107/276/1040 811/786/786
f 1569/870/1516 1110/280/1043 1112/281/1045
f 1572/871/1517 1482/709/1443 1573/872/1518
f 1122/833/1055 1574/817/1519 1123/703/1056
f 1569/870/1516 1112/281/1045 1567/806/1520
f 1575/873/1521 1142/302/1074 1576/815/1522
f 1169/335/1108 1399/606/1347 1571/869/1515
f 1156/315/1092 1521/749/1523 1154/314/1090
f 1579/874/1524 1152/721/1088 1160/321/1452
f 1571/869/1515 1399/606/1347 1021/827/969
f 919/875/1525 366/876/1526 819/877/1527
f 928/821/879 820/878/1528 107/332/332
f 1038/207/985 977/147/927 1556/863/1508
f 94/84/84 1527/752/1481 821/792/792
f 1580/879/1529 1160/321/1452 1581/880/1530
f 1064/238/1531 1559/881/1532 1558/784/1533
f 1556/863/1508 977/147/927 1000/173/951
f 1200/374/1141 1582/882/1534 1202/376/1143
f 924/372/1140 1523/883/1535 1199/371/1139
f 1202/376/1143 1524/884/1536 1215/390/1157
f 1202/376/1143 1582/882/1534 1524/884/1536
f 1249/426/1191 1525/850/1476 932/429/1193
f 937/97/887 1526/851/1477 933/94/883
f 1294/493/1238 1293/491/1237 1583/885/1537
f 1584/886/1538 1297/496/1241 1295/494/1239
f 1294/493/1238 1583/885/1537 1584/886/1538
f 1534/854/1488 1337/538/1278 964/137/912
f 1585/887/1539 962/134/1286 971/546/921
f 1548/859/1501 1492/888/1540 1152/721/1088
f 1547/776/1500 1389/594/1337 1015/188/962
f 1551/862/1506 1045/214/992 1012/227/1002
f 1334/544/1284 884/44/1335 1552/777/1541
f 1538/766/1490 976/549/926 1345/552/1291
f 1356/560/1302 1354/561/1301 1542/774/1494
f 831/799/799 1421/629/1370 1096/263/1032
f 656/630/630 1421/629/1370 831/799/799
f 1522/849/1475 905/66/1097 890/50/852
f 1435/645/1385 1554/781/1542 1426/635/1375
f 811/786/786 1437/647/1387 1084/252/1025
f 950/114/1543 947/107/1486 1532/761/1485
f 1079/667/1022 1104/273/1406 1587/889/1544
f 1088/669/1027 1079/667/1022 1587/889/1544
f 1588/801/1545 1589/803/1546 1489/718/1450
f 1573/872/1518 1482/709/1443 1480/708/1442
f 1563/800/1547 1588/801/1545 1065/237/1078
f 1516/811/1471 875/36/838 1494/722/1453
f 1519/890/1548 900/308/1081 1496/724/1455
f 1067/836/1079 1142/302/1074 1592/891/1549
f 811/786/786 1593/892/1550 1594/893/1551
f 1567/806/1520 1570/894/1552 1569/870/1516
f 1541/770/1493 1356/560/1302 1353/558/1299
f 1541/770/1493 1355/559/1300 1356/560/1302
f 1538/766/1490 968/823/917 976/549/926
f 1517/848/1472 980/150/930 975/146/925
f 1572/871/1517 1488/717/1449 1482/709/1443
f 1588/801/1545 1489/718/1450 1065/237/1078
f 1595/895/1553 1142/302/1074 1575/873/1521
f 1577/896/1554 1142/302/1074 1595/895/1553
f 1517/848/1472 1514/846/1469 1597/897/1555
f 1467/687/1427 1566/867/1513 1109/278/1042
f 1107/276/1040 329/292/292 811/786/786
f 1453/666/1405 1452/665/1404 1560/864/1509
f 1579/874/1524 1160/321/1452 1580/879/1529
f 1584/886/1538 1295/494/1239 1294/493/1238
f 1517/848/1472 1597/897/1555 1586/898/1556
f 1466/683/1425 1465/684/1424 1566/867/1513
f 1554/781/1542 1424/633/1373 1426/635/1375
f 1574/817/1519 1134/705/1439 1123/703/1056
f 1493/719/1451 1540/769/1557 1539/767/1491
f 1514/846/1469 1555/785/1507 1597/897/1555
f 1549/860/1502 1152/721/1088 1579/874/1524
f 2/2/2 4/13/13 755/818/743
f 5/10/10 6/4/4 759/819/745
f 2/2/2 755/818/743 3/3/3
f 14/16/16 15/15/15 757/899/755
f 14/16/16 757/899/755 16/93/93
f 16/93/93 757/899/755 19/100/100
f 801/900/778 43/191/191 44/42/42
f 801/900/778 44/42/42 45/41/41
f 56/53/53 54/51/51 764/820/812
f 56/53/53 764/820/812 59/787/787
f 63/231/231 804/901/781 64/72/72
f 67/308/308 68/304/304 840/902/1558
f 767/828/750 766/903/749 77/325/325
f 79/70/70 64/72/72 804/901/781
f 763/904/788 89/294/294 90/336/336
f 763/904/788 90/336/336 817/875/794
f 97/386/386 98/372/372 780/905/762
f 97/386/386 780/905/762 779/906/761
f 103/412/412 104/331/331 824/821/793
f 824/821/793 104/331/331 107/332/332
f 108/428/428 760/907/811 109/429/429
f 116/441/441 770/908/752 772/822/754
f 116/441/441 772/822/754 117/101/101
f 117/101/101 772/822/754 118/102/102
f 121/108/108 819/909/1527 122/109/109
f 12/11/11 760/907/811 108/428/428
f 776/910/758 146/540/540 147/136/136
f 783/823/764 158/145/145 150/132/132
f 783/823/764 150/132/132 160/546/546
f 784/911/765 783/823/764 160/546/546
f 783/823/764 165/549/549 158/145/145
f 829/824/797 186/720/720 187/790/790
f 761/825/746 203/182/182 205/184/184
f 761/825/746 205/184/184 206/185/185
f 207/539/539 208/227/227 799/912/777
f 146/540/540 796/913/776 209/591/591
f 209/591/591 796/913/776 212/595/595
f 216/607/607 768/826/751 217/507/507
f 800/827/791 218/193/193 219/195/195
f 218/193/193 767/828/750 221/194/194
f 761/825/746 206/185/185 762/829/747
f 206/185/185 224/198/198 762/829/747
f 803/843/780 804/901/781 63/231/231
f 801/900/778 242/218/218 238/212/212
f 801/900/778 238/212/212 237/211/211
f 762/829/747 224/198/198 243/216/216
f 45/41/41 242/218/218 801/900/778
f 15/15/15 247/221/221 757/899/755
f 757/899/755 247/221/221 19/100/100
f 765/914/748 256/652/652 768/826/751
f 768/826/751 256/652/652 217/507/507
f 261/236/236 833/836/809 262/237/237
f 826/830/802 274/667/667 275/272/272
f 834/915/801 278/260/260 279/670/670
f 1594/892/1551 281/252/252 282/741/741
f 826/830/802 286/669/669 274/667/667
f 278/260/260 834/915/801 290/261/261
f 809/831/805 292/678/678 836/916/807
f 836/916/807 296/265/265 297/679/679
f 809/831/805 303/277/277 292/678/678
f 283/253/253 806/844/783 284/254/254
f 303/277/277 809/831/805 309/278/278
f 823/832/1559 318/699/699 319/702/702
f 837/833/804 823/832/1559 322/703/703
f 823/832/1559 323/704/704 322/703/703
f 823/832/1559 319/702/702 323/704/704
f 842/917/1560 326/710/710 327/835/1561
f 815/918/815 330/919/1562 331/707/707
f 326/710/710 332/605/605 830/834/798
f 326/710/710 830/834/798 327/835/1561
f 323/704/704 814/920/817 334/705/705
f 262/237/237 833/836/809 342/302/302
f 765/914/748 768/826/751 348/837/1563
f 768/826/751 351/810/810 348/837/1563
f 768/826/751 216/607/607 351/810/810
f 354/721/721 829/824/797 355/838/1564
f 354/721/721 186/720/720 829/824/797
f 763/904/788 817/875/794 366/876/1526
f 767/828/750 77/325/325 221/194/194
f 763/904/788 366/876/1526 367/813/813
f 75/67/67 77/325/325 766/903/749
f 75/67/67 766/903/749 369/326/326
f 836/916/807 292/678/678 296/265/265
f 319/702/702 814/920/817 323/704/704
f 826/830/802 279/670/670 286/669/669
f 371/694/694 318/699/699 823/832/1559
f 427/388/388 97/386/386 779/906/761
f 466/430/430 820/921/1528 467/431/431
f 405/364/364 770/908/752 116/441/441
f 121/108/108 494/459/459 819/909/1527
f 526/491/491 770/908/752 527/492/492
f 527/492/492 770/908/752 405/364/364
f 778/922/760 570/544/544 571/543/543
f 584/554/554 787/840/768 790/839/816
f 584/554/554 790/839/816 585/557/557
f 786/923/767 581/551/551 586/556/556
f 585/557/557 790/839/816 588/558/558
f 792/924/774 589/559/559 590/561/561
f 791/841/771 592/562/562 594/564/564
f 793/925/772 595/565/565 592/562/562
f 793/925/772 592/562/562 791/841/771
f 787/840/768 584/554/554 599/569/569
f 787/840/768 599/569/569 595/565/565
f 795/926/775 354/721/721 355/838/1564
f 795/926/775 355/838/1564 794/856/773
f 800/827/791 219/195/195 633/606/606
f 756/927/744 34/32/32 33/31/31
f 756/927/744 33/31/31 179/160/160
f 802/842/779 803/843/780 669/643/643
f 802/842/779 669/643/643 72/64/64
f 803/843/780 63/231/231 669/643/643
f 806/844/783 283/253/253 683/659/659
f 812/928/1565 703/683/683 702/682/682
f 812/928/1565 706/687/687 703/683/683
f 812/928/1565 708/688/688 706/687/687
f 711/691/691 708/688/688 812/928/1565
f 815/918/815 331/707/707 720/708/708
f 765/914/748 348/837/1563 731/929/1566
f 765/914/748 731/929/1566 732/782/782
f 354/721/721 795/926/775 733/888/1567
f 237/211/211 43/191/191 801/900/778
f 834/915/801 279/670/670 826/830/802
f 836/916/807 297/679/679 701/681/681
f 6/4/4 1/1/1 30/930/28
f 6/4/4 30/930/28 759/819/745
f 1/1/1 3/3/3 30/930/28
f 12/11/11 754/742/742 760/907/811
f 5/10/10 759/819/745 754/742/742
f 3/931/3 31/29/29 30/28/28
f 3/931/3 41/39/39 31/29/29
f 4/13/13 10/845/8 755/818/743
f 4/13/13 20/18/18 10/845/8
f 755/743/743 41/39/39 3/931/3
f 757/755/755 758/756/756 19/932/100
f 175/156/156 174/155/155 26/933/24
f 175/156/156 26/933/24 24/853/22
f 203/182/182 233/934/207 204/183/183
f 34/846/32 163/144/144 164/146/146
f 39/935/37 190/169/169 237/211/211
f 754/847/742 735/722/722 760/811/811
f 71/63/63 233/934/207 231/936/205
f 759/745/745 735/722/722 754/847/742
f 19/932/100 758/756/756 24/853/22
f 40/38/38 39/37/37 237/937/211
f 34/846/32 164/146/146 35/848/33
f 762/829/747 243/216/216 245/938/219
f 245/938/219 243/216/216 254/229/229
f 245/938/219 254/229/229 212/595/595
f 59/787/787 764/820/812 763/788/788
f 764/812/812 89/294/294 763/904/788
f 72/64/64 231/936/205 802/842/779
f 67/308/308 840/902/1558 73/890/65
f 68/304/304 54/939/51 840/902/1558
f 840/849/1558 54/51/51 53/50/50
f 98/372/372 123/883/105 780/905/762
f 429/390/390 130/940/114 129/884/113
f 88/80/80 87/79/79 531/941/496
f 464/426/426 103/850/412 465/427/427
f 427/388/388 779/906/761 130/940/114
f 113/97/97 225/851/199 114/98/98
f 88/80/80 531/941/496 769/942/1568
f 429/390/390 427/388/388 130/940/114
f 110/94/94 112/96/96 225/851/199
f 757/755/755 15/852/15 178/159/159
f 118/943/102 774/944/1569 120/945/104
f 15/852/15 756/927/744 179/160/160
f 178/159/159 175/156/156 24/853/22
f 178/159/159 24/853/22 758/756/756
f 775/946/1570 827/947/1571 769/948/1568
f 531/941/496 775/946/1570 769/942/1568
f 109/949/429 760/811/811 38/36/36
f 15/852/15 179/160/160 178/159/159
f 109/949/429 38/36/36 545/511/511
f 781/950/1572 368/324/324 776/758/758
f 373/329/329 109/949/429 545/511/511
f 778/922/760 207/951/539 570/544/544
f 781/950/1572 555/521/521 368/324/324
f 71/63/63 204/183/183 233/934/207
f 361/952/319 365/854/323 574/538/538
f 821/953/792 773/757/757 770/752/752
f 822/954/1573 781/955/1572 776/910/758
f 362/956/320 361/957/319 778/922/760
f 365/854/323 153/135/135 154/137/137
f 822/954/1573 776/910/758 147/136/136
f 153/135/135 822/954/1573 147/136/136
f 158/145/145 784/855/765 151/133/133
f 579/548/548 784/855/765 158/145/145
f 581/551/551 786/923/767 784/855/765
f 581/551/551 784/855/765 579/548/548
f 782/763/763 554/958/520 785/959/766
f 782/763/763 734/719/719 554/958/520
f 788/769/769 786/767/767 789/960/770
f 786/923/767 586/556/556 789/770/770
f 790/816/816 589/559/559 792/924/774
f 588/558/558 790/839/816 792/774/774
f 187/790/790 595/961/565 793/962/772
f 829/824/797 187/790/790 793/962/772
f 355/838/1564 607/857/577 794/856/773
f 794/963/773 611/581/581 609/964/579
f 609/964/579 611/581/581 612/582/582
f 40/38/38 237/937/211 196/175/175
f 794/963/773 607/577/577 611/581/581
f 195/174/174 197/858/176 192/171/171
f 614/584/584 197/858/176 195/174/174
f 617/587/587 797/965/1574 197/858/176
f 797/859/1574 798/860/1575 354/721/721
f 617/587/587 197/858/176 614/584/584
f 617/587/587 798/966/1575 797/965/1574
f 355/838/1564 829/824/797 607/857/577
f 235/209/209 212/861/595 623/594/594
f 235/209/209 245/219/219 212/861/595
f 45/862/41 799/912/777 208/227/227
f 332/605/605 216/967/607 830/834/798
f 373/329/329 103/412/412 109/949/429
f 637/611/611 218/968/193 800/791/791
f 196/175/175 237/937/211 801/778/778
f 796/776/776 623/594/594 212/861/595
f 644/618/618 163/144/144 34/846/32
f 225/199/199 227/201/201 114/969/98
f 20/18/18 114/98/98 10/845/8
f 10/8/8 114/969/98 227/201/201
f 222/196/196 801/778/778 45/862/41
f 222/196/196 45/862/41 240/214/214
f 237/211/211 239/213/213 39/935/37
f 34/846/32 805/785/785 756/744/744
f 803/780/780 804/781/781 79/970/70
f 803/780/780 79/970/70 732/782/782
f 203/863/182 676/650/650 761/746/746
f 682/657/657 261/971/236 687/972/662
f 233/207/207 676/650/650 203/863/182
f 682/657/657 687/972/662 685/660/660
f 261/236/236 263/238/238 687/881/662
f 685/660/660 687/972/662 686/661/661
f 686/661/661 689/864/664 691/666/666
f 284/973/254 275/272/272 304/271/271
f 290/974/261 701/681/681 298/975/266
f 298/975/266 701/681/681 700/680/680
f 806/783/783 808/800/800 284/976/254
f 1565/865/1512 299/267/267 295/264/264
f 1565/865/1512 295/264/264 294/263/263
f 706/687/687 705/867/685 703/683/683
f 809/805/805 810/806/806 309/977/278
f 302/270/270 299/267/267 1565/865/1512
f 54/939/51 343/303/303 333/293/293
f 311/280/280 313/282/282 371/868/694
f 284/973/254 826/830/802 275/272/272
f 54/939/51 333/293/293 764/812/812
f 711/870/691 311/280/280 837/978/804
f 644/618/618 34/846/32 756/744/744
f 810/806/806 812/894/1565 309/977/278
f 376/334/334 728/869/716 377/335/335
f 842/917/1560 816/979/1576 326/710/710
f 711/870/691 312/281/281 311/280/280
f 346/871/307 345/872/306 722/709/709
f 376/334/334 838/980/808 728/869/716
f 837/833/804 322/703/703 814/817/817
f 711/870/691 810/806/806 312/281/281
f 112/981/96 226/200/200 225/199/199
f 330/873/1562 815/815/815 342/302/302
f 377/335/335 728/869/716 633/606/606
f 375/982/333 816/896/1576 342/302/302
f 153/983/135 365/323/323 363/321/321
f 544/510/510 577/984/545 363/321/321
f 68/304/304 343/303/303 54/939/51
f 554/958/520 734/719/719 363/321/321
f 577/984/545 777/985/759 363/321/321
f 555/874/521 363/321/321 354/721/721
f 659/633/633 79/970/70 804/781/781
f 817/794/794 819/986/1527 818/795/795
f 728/869/716 800/827/791 633/606/606
f 817/875/794 819/877/1527 366/876/1526
f 73/890/65 369/987/326 737/724/724
f 824/821/793 107/332/332 820/878/1528
f 369/987/326 766/749/749 356/314/314
f 72/64/64 71/63/63 231/936/205
f 817/875/794 122/988/109 819/877/1527
f 369/987/326 356/314/314 737/724/724
f 203/863/182 761/746/746 194/173/173
f 233/207/207 203/863/182 166/147/147
f 781/879/1572 822/880/1573 363/321/321
f 263/238/238 807/784/784 687/881/662
f 203/863/182 194/173/173 166/147/147
f 412/371/371 414/374/374 124/989/106
f 414/374/374 416/376/376 137/882/121
f 311/280/280 823/990/1559 837/978/804
f 414/374/374 137/882/121 124/989/106
f 98/372/372 412/371/371 123/883/105
f 412/371/371 124/989/106 123/883/105
f 416/376/376 429/390/390 129/884/113
f 311/280/280 371/868/694 823/990/1559
f 416/376/376 129/884/113 137/882/121
f 464/426/426 109/429/429 103/850/412
f 113/97/97 110/94/94 225/851/199
f 526/491/491 86/885/78 770/908/752
f 528/493/493 86/885/78 526/491/491
f 118/943/102 825/796/796 774/944/1569
f 530/495/495 775/991/1570 531/496/496
f 808/800/800 826/802/802 284/976/254
f 772/754/754 825/796/796 118/943/102
f 532/497/497 775/991/1570 530/495/495
f 476/440/440 120/104/104 828/992/1577
f 466/430/430 824/793/793 820/921/1528
f 476/440/440 828/992/1577 482/447/447
f 87/886/79 529/494/494 531/496/496
f 528/493/493 87/886/79 86/885/78
f 532/497/497 827/993/1571 775/991/1570
f 120/945/104 774/944/1569 828/994/1577
f 577/545/545 544/995/510 575/541/541
f 544/995/510 362/956/320 571/543/543
f 544/995/510 571/543/543 575/541/541
f 365/854/323 154/137/137 574/538/538
f 151/887/133 160/546/546 152/134/134
f 784/911/765 160/546/546 151/887/133
f 782/763/763 785/959/766 783/764/764
f 555/521/521 798/966/1575 556/522/522
f 192/996/171 199/178/178 193/172/172
f 797/859/1574 733/888/1567 197/997/176
f 797/859/1574 354/721/721 733/888/1567
f 617/587/587 556/522/522 798/966/1575
f 45/862/41 208/227/227 240/214/214
f 637/611/611 636/610/610 218/968/193
f 788/769/769 789/960/770 790/998/816
f 122/988/109 90/336/336 112/981/96
f 840/849/1558 53/50/50 74/66/66
f 831/799/799 1565/865/1512 294/263/263
f 674/648/648 299/267/267 1565/865/1512
f 39/935/37 832/898/1578 35/848/33
f 465/427/427 103/850/412 824/793/793
f 79/970/70 677/651/651 256/652/652
f 682/657/657 833/809/809 261/971/236
f 274/667/667 304/889/271 305/273/273
f 79/970/70 256/652/652 765/914/748
f 286/669/669 304/889/271 274/667/667
f 687/662/662 807/999/784 688/663/663
f 807/999/784 691/666/666 688/663/663
f 835/803/803 836/807/807 290/1000/261
f 309/1001/278 702/682/682 705/685/685
f 834/801/801 835/803/803 290/1000/261
f 309/1001/278 812/928/1565 702/682/682
f 371/694/694 313/1002/282 714/695/695
f 345/872/306 720/708/708 722/709/709
f 345/872/306 815/918/815 720/708/708
f 327/1003/1561 624/596/596 331/707/707
f 677/651/651 79/970/70 659/633/633
f 807/999/784 686/661/661 691/666/666
f 816/979/1576 721/706/706 326/710/710
f 765/914/748 732/782/782 79/970/70
f 816/979/1576 375/333/333 721/706/706
f 822/880/1573 153/983/135 363/321/321
f 313/1002/282 346/871/307 729/717/717
f 54/939/51 764/812/812 839/814/814
f 73/890/65 737/724/724 67/308/308
f 54/939/51 839/814/814 840/1004/1558
f 833/836/809 838/891/808 342/302/302
f 112/981/96 90/336/336 226/200/200
f 376/1005/334 375/982/333 342/302/302
f 764/812/812 763/904/788 367/813/813
f 122/988/109 817/875/794 90/336/336
f 811/786/786 281/252/252 1594/892/1551
f 810/806/806 711/870/691 812/894/1565
f 327/1003/1561 830/798/798 624/596/596
f 838/891/808 376/1005/334 342/302/302
f 286/669/669 284/254/254 304/889/271
f 73/65/65 840/849/1558 74/66/66
f 785/766/766 165/549/549 783/823/764
f 35/848/33 164/146/146 169/150/150
f 346/871/307 722/709/709 729/717/717
f 842/895/1560 330/873/1562 342/302/302
f 313/1002/282 729/717/717 714/695/695
f 816/896/1576 842/895/1560 342/302/302
f 632/604/604 768/751/751 216/967/607
f 35/848/33 169/150/150 39/935/37
f 733/888/1567 198/1006/177 197/997/176
f 332/605/605 632/604/604 216/967/607
f 197/176/176 199/178/178 192/996/171
f 570/544/544 207/951/539 799/777/777
f 146/540/540 144/1007/128 796/913/776
f 733/888/1567 795/926/775 198/1006/177
f 39/935/37 169/150/150 190/169/169
f 636/610/610 767/750/750 218/968/193
f 35/848/33 841/897/1579 34/846/32
f 777/985/759 554/958/520 363/321/321
f 686/661/661 687/972/662 689/864/664
f 706/687/687 309/278/278 705/867/685
f 330/919/1562 842/1008/1560 327/1003/1561
f 691/666/666 689/864/664 690/665/665
f 555/874/521 781/879/1572 363/321/321
f 87/886/79 528/493/493 529/494/494
f 362/956/320 778/922/760 571/543/543
f 35/848/33 832/898/1578 841/897/1579
f 290/974/261 836/916/807 701/681/681
f 703/683/683 705/867/685 704/684/684
f 319/702/702 837/804/804 814/920/817
f 330/919/1562 327/1003/1561 331/707/707
f 806/844/783 683/659/659 807/999/784
f 39/935/37 239/213/213 832/898/1578
f 674/648/648 1565/865/1512 831/799/799
f 807/999/784 683/659/659 686/661/661
f 187/790/790 787/768/768 595/961/565
f 34/846/32 841/897/1579 805/785/785
f 798/860/1575 555/874/521 354/721/721
f 776/910/758 144/1007/128 146/540/540
f 361/952/319 574/538/538 778/760/760
f 787/768/768 788/769/769 790/998/816
f 852/6/846 1509/8/1468 853/7/845
f 857/16/882 1511/899/1478 1528/15/1479
f 857/16/882 858/93/881 1511/899/1478
f 859/14/1359 857/16/882 1528/15/1479
f 858/93/881 861/100/892 1511/899/1478
f 865/21/898 866/23/900 1513/22/1482
f 26/24/24 1513/22/1482 867/25/903
f 1513/22/1482 869/27/904 867/25/903
f 1513/22/1482 866/23/900 869/27/904
f 873/31/937 1517/33/1472 1514/32/1469
f 873/31/937 874/34/840 1517/33/1472
f 874/34/840 878/37/842 1517/33/1472
f 1553/900/1505 881/42/984 882/191/965
f 1551/41/1506 883/43/998 881/42/984
f 1553/900/1505 1551/41/1506 881/42/984
f 1551/41/1506 884/44/1335 883/43/998
f 898/231/1005 899/72/865 1554/901/1542
f 900/308/1081 1522/902/1475 901/304/1077
f 1519/65/1548 904/67/1098 905/66/1097
f 907/828/975 908/325/1096 1521/903/1523
f 910/70/864 1554/901/1542 899/72/865
f 1583/78/1537 88/80/80 1584/79/1538
f 1518/904/1473 917/336/1110 918/294/1066
f 1518/904/1473 919/875/1525 917/336/1110
f 1583/78/1537 94/84/84 88/80/80
f 923/386/1154 1533/905/1487 924/372/1140
f 923/386/1154 1532/906/1485 1533/905/1487
f 1525/412/1476 928/821/879 929/331/880
f 931/428/1192 932/429/1193 1516/907/1471
f 939/441/889 940/822/891 1527/908/1481
f 945/108/897 946/109/896 819/909/1527
f 1523/105/1535 947/107/1486 948/106/1580
f 1524/113/1536 947/107/1486 950/114/1543
f 1582/121/1534 947/107/1486 1524/113/1536
f 948/106/1580 947/107/1486 1582/121/1534
f 856/11/829 931/428/1192 1516/907/1471
f 1530/910/1483 958/136/913 959/540/1280
f 961/132/918 962/134/1286 1585/133/1539
f 1536/911/1489 971/546/921 968/823/917
f 969/145/919 961/132/918 1585/133/1539
f 1545/176/1498 1003/178/1324 1596/177/1581
f 1556/182/1508 1007/184/959 1008/183/960
f 1009/825/957 1007/184/959 1556/182/1508
f 1011/539/1279 1552/912/1541 1012/227/1002
f 959/540/1280 1013/591/1333 1547/913/1500
f 1013/591/1333 1550/595/1503 1547/913/1500
f 1526/199/1477 1030/201/1102 1031/200/1103
f 1037/843/1384 898/231/1005 1554/901/1542
f 1553/900/1505 1044/212/991 1047/218/1582
f 1553/900/1505 1042/211/989 1044/212/991
f 1551/41/1506 1047/218/1582 1049/217/1583
f 1551/41/1506 1553/900/1505 1047/218/1582
f 1528/15/1479 1051/221/1584 1052/220/1510
f 1528/15/1479 1511/899/1478 1051/221/1584
f 861/100/892 1513/22/1482 1051/221/1584
f 1511/899/1478 861/100/892 1051/221/1584
f 861/100/892 865/21/898 1513/22/1482
f 1520/914/1474 1020/826/968 1060/652/1006
f 1557/236/1585 1064/238/1531 1065/237/1078
f 1557/236/1585 1065/237/1078 1067/836/1079
f 1588/915/1545 1082/670/1101 1083/260/1410
f 1594/892/1551 282/741/741 1084/252/1025
f 1086/253/1392 1087/255/1408 1562/254/1586
f 1083/260/1410 1561/261/1587 1588/915/1545
f 1093/831/1035 1590/916/1588 1094/678/1036
f 1083/260/1410 1095/262/1417 1561/261/1587
f 1590/916/1588 1098/679/1419 1099/265/1418
f 1099/265/1418 1100/266/1420 1561/261/1587
f 1086/253/1392 1562/254/1586 1103/844/1398
f 1587/271/1544 1104/273/1406 1078/272/1021
f 1595/917/1553 1127/835/1064 1128/710/1061
f 1576/918/1522 1130/707/1441 1575/919/1521
f 1124/704/1057 1134/705/1439 1574/920/1519
f 1573/306/1518 1142/302/1074 1572/307/1517
f 1520/914/1474 1146/837/1084 1020/826/968
f 1159/319/1589 1160/321/1452 1535/320/1590
f 1572/307/1517 1142/302/1074 1111/282/1044
f 1534/323/1488 1160/321/1452 1159/319/1589
f 1518/904/1473 366/876/1526 919/875/1525
f 1518/904/1473 367/813/813 366/876/1526
f 1163/326/1591 904/67/1098 1519/65/1548
f 904/67/1098 1521/903/1523 908/325/1096
f 904/67/1098 1163/326/1591 1521/903/1523
f 1590/916/1588 1099/265/1418 1094/678/1036
f 1118/702/1051 1124/704/1057 1574/920/1519
f 1568/694/1514 1117/832/1050 1119/699/1052
f 1214/388/1156 1532/906/1485 923/386/1154
f 1525/412/1476 929/331/880 1166/329/1105
f 1250/430/1194 467/431/431 820/921/1528
f 1192/364/1132 939/441/889 1527/908/1481
f 945/108/897 819/909/1527 494/459/459
f 1293/491/1237 1292/492/1236 1527/908/1481
f 1292/492/1236 1192/364/1132 1527/908/1481
f 1535/320/1590 1160/321/1452 1308/510/1592
f 1579/521/1524 1162/324/1099 1319/522/1266
f 1531/922/1484 1333/543/1283 1334/544/1284
f 1539/923/1491 1351/556/1298 1344/551/1290
f 1542/924/1494 1354/561/1301 1355/559/1300
f 1543/925/1495 1357/562/1303 1361/565/1307
f 1543/925/1495 1360/841/1306 1357/562/1303
f 1546/926/1499 1153/838/1089 1152/721/1088
f 1546/926/1499 1370/856/1496 1153/838/1089
f 1544/577/1497 1374/578/1319 1372/575/1317
f 1544/577/1497 1375/580/1320 1374/578/1319
f 1544/577/1497 1377/581/1323 1375/580/1320
f 1596/177/1581 997/170/948 1001/174/952
f 1596/177/1581 1003/178/1324 997/170/948
f 1596/177/1581 1001/174/952 1381/585/1327
f 1013/591/1333 1059/229/1004 1550/595/1503
f 1510/927/1504 873/31/937 1514/32/1469
f 1510/927/1504 986/160/936 873/31/937
f 1559/662/1532 1560/664/1509 1451/663/1403
f 1560/664/1509 1452/665/1404 1451/663/1403
f 1566/685/1513 1465/684/1424 1464/682/1423
f 1570/928/1552 1464/682/1423 1466/683/1425
f 1570/928/1552 1466/683/1425 1467/687/1427
f 1570/928/1552 1467/687/1427 1469/688/1428
f 1569/691/1516 1570/928/1552 1469/688/1428
f 1569/691/1516 1469/688/1428 1471/690/1430
f 1568/694/1514 1474/696/1433 1475/695/1436
f 1568/694/1514 1119/699/1052 1474/696/1433
f 1576/918/1522 1480/708/1442 1130/707/1441
f 1446/656/1397 1571/716/1515 1483/712/1444
f 1520/914/1474 1490/929/1593 1146/837/1084
f 1520/914/1474 1491/782/1594 1490/929/1593
f 1152/721/1088 1492/888/1540 1546/926/1499
f 1042/211/989 1553/900/1505 882/191/965
f 1509/8/1468 852/6/846 1030/201/1102
f 1095/262/1417 1099/265/1418 1561/261/1587
f 1588/915/1545 1077/830/1020 1082/670/1101
f 1087/255/1408 1088/669/1027 1562/254/1586
f 1590/916/1588 1463/681/1422 1098/679/1419
f 850/4/825 870/930/835 843/1/818
f 850/4/825 849/819/824 870/930/835
f 843/1/818 870/930/835 844/3/819
f 856/11/829 1516/907/1471 1515/742/1470
f 856/11/829 1515/742/1470 848/10/823
f 848/10/823 1515/742/1470 849/819/824
f 844/931/819 870/28/835 872/29/837
f 844/931/819 872/29/837 879/39/843
f 853/7/845 1509/8/1468 846/743/821
f 859/14/1359 1528/15/1479 1510/744/1504
f 846/743/821 844/931/819 879/39/843
f 1511/755/1478 861/932/892 1512/756/1480
f 984/156/934 26/933/24 174/155/155
f 984/156/934 1513/853/1482 26/933/24
f 870/28/835 849/745/824 871/30/836
f 1556/182/1508 1008/183/960 1038/934/985
f 878/935/842 1042/211/989 996/169/947
f 902/63/860 1036/936/983 1038/934/985
f 1009/746/957 1040/208/987 1029/747/978
f 849/745/824 1515/847/1470 1494/722/1453
f 861/932/892 1513/853/1482 1512/756/1480
f 877/38/841 1042/937/989 878/37/842
f 849/745/824 1494/722/1453 871/30/836
f 1040/208/987 1050/219/995 1029/747/978
f 1029/829/978 1050/938/995 1048/216/994
f 846/743/821 879/39/843 853/7/845
f 1050/938/995 1059/229/1004 1048/216/994
f 1050/938/995 1550/595/1503 1059/229/1004
f 893/812/855 1518/904/1473 918/294/1066
f 903/64/861 1434/842/1383 1036/936/983
f 900/308/1081 1519/890/1548 1522/902/1475
f 901/304/1077 1522/902/1475 889/939/851
f 1156/315/1092 907/750/975 1521/749/1523
f 1020/751/968 1520/748/1474 915/76/870
f 924/372/1140 1533/905/1487 1523/883/1535
f 1215/390/1157 1524/884/1536 950/940/1543
f 88/80/80 1297/941/1241 1584/79/1538
f 1214/388/1156 950/940/1543 1532/906/1485
f 88/80/80 769/942/1568 1297/941/1241
f 1215/390/1157 950/940/1543 1214/388/1156
f 1527/752/1481 940/754/891 771/753/753
f 942/943/893 944/945/895 774/944/1569
f 1528/852/1479 986/160/936 1510/927/1504
f 1529/946/1595 769/948/1568 827/947/1571
f 1297/941/1241 769/942/1568 1529/946/1595
f 932/949/1193 875/36/838 1516/811/1471
f 932/949/1193 1309/511/1252 875/36/838
f 1580/950/1529 1530/758/1483 1162/324/1099
f 1166/329/1105 1309/511/1252 932/949/1193
f 1531/922/1484 1334/544/1284 1011/951/1279
f 1578/759/1596 1312/514/1255 1340/545/1285
f 1580/950/1529 1162/324/1099 1579/521/1524
f 902/63/860 1038/934/985 1008/183/960
f 1318/520/1261 1315/517/1258 1578/759/1596
f 1159/952/1589 1337/538/1278 1534/854/1488
f 821/953/792 1527/752/1481 773/757/757
f 1581/954/1530 1530/910/1483 1580/955/1529
f 1535/956/1590 1531/922/1484 1159/957/1589
f 1581/954/1530 958/136/913 1530/910/1483
f 963/135/911 958/136/913 1581/954/1530
f 969/145/919 1585/133/1539 1536/855/1489
f 1344/551/1290 1536/855/1489 1539/923/1491
f 1537/763/1492 1536/765/1489 968/764/917
f 1537/763/1492 1538/959/1490 1318/958/1261
f 1537/763/1492 1318/958/1261 1493/719/1451
f 1349/768/1295 1540/769/1557 1493/719/1451
f 1540/769/1557 1541/960/1493 1539/767/1491
f 1539/923/1491 1541/770/1493 1351/556/1298
f 1348/816/1294 1542/924/1494 1355/559/1300
f 1362/566/1308 1359/563/1305 1360/771/1306
f 992/790/943 1543/962/1495 1361/961/1307
f 1533/762/1487 947/107/1486 1523/105/1535
f 991/824/942 1543/962/1495 992/790/943
f 1369/573/1315 1373/576/1318 1370/773/1496
f 1373/576/1318 1374/578/1319 1370/773/1496
f 1374/578/1319 1376/579/1321 1370/773/1496
f 1370/963/1496 1376/964/1321 1377/581/1323
f 1376/964/1321 1378/582/1322 1377/581/1323
f 877/38/841 1002/175/953 1042/937/989
f 1370/963/1496 1377/581/1323 1544/577/1497
f 1546/775/1499 1596/177/1581 1381/585/1327
f 1383/587/1329 1545/858/1498 1548/965/1501
f 1383/587/1329 1548/965/1501 1549/966/1502
f 1551/862/1506 1012/227/1002 1552/912/1541
f 884/44/1335 1551/41/1506 1552/777/1541
f 1132/605/1063 1131/834/1062 1018/967/966
f 1166/329/1105 932/949/1193 1525/412/1476
f 1403/611/1351 1021/791/969 1023/968/971
f 1002/175/953 1553/778/1505 1042/937/989
f 1526/199/1477 936/969/886 1030/201/1102
f 1034/204/981 1036/205/983 1434/779/1383
f 1034/204/981 1037/780/1384 1435/645/1385
f 1509/8/1468 1030/201/1102 936/969/886
f 1435/645/1385 1037/780/1384 1554/781/1542
f 1034/204/981 1434/779/1383 1037/780/1384
f 1510/744/1504 1528/15/1479 1052/220/1510
f 1042/211/989 878/935/842 1043/213/990
f 1551/41/1506 1049/217/1583 1552/777/1541
f 1434/779/1383 1057/225/1001 1491/782/1594
f 1037/780/1384 910/970/864 1554/781/1542
f 1037/780/1384 1491/782/1594 910/970/864
f 1556/863/1508 1009/746/957 1440/650/1390
f 1445/657/1396 1559/972/1532 1557/971/1585
f 1445/657/1396 1449/660/1401 1559/972/1532
f 1064/238/1531 1558/784/1533 1103/783/1398
f 1557/236/1585 1559/881/1532 1064/238/1531
f 1009/746/957 1029/747/978 1440/650/1390
f 1449/660/1401 1450/661/1402 1559/972/1532
f 1562/973/1586 1587/271/1544 1078/272/1021
f 1036/205/983 1057/225/1001 1434/779/1383
f 1561/974/1587 1100/975/1420 1463/681/1422
f 1100/975/1420 1462/680/1421 1463/681/1422
f 1103/783/1398 1562/976/1586 1563/800/1547
f 1565/865/1512 1097/264/1033 1101/267/1034
f 1565/865/1512 1096/263/1032 1097/264/1033
f 1093/805/1035 1109/977/1042 1567/806/1520
f 302/270/270 1565/865/1512 1101/267/1034
f 889/939/851 1133/293/1065 1143/303/1075
f 1562/973/1586 1078/272/1021 1077/830/1020
f 889/939/851 893/812/855 1133/293/1065
f 1569/870/1516 1122/978/1055 1110/280/1043
f 1567/806/1520 1109/977/1042 1570/894/1552
f 1595/917/1553 1128/710/1061 1577/979/1554
f 1170/334/1109 1571/869/1515 1592/980/1549
f 1064/238/1531 1103/783/1398 1065/237/1078
f 993/720/944 992/790/943 1349/768/1295
f 934/981/884 1526/199/1477 1031/200/1103
f 1168/982/1107 1142/302/1074 1577/896/1554
f 963/983/911 1160/321/1452 1534/323/1488
f 1308/510/1592 1160/321/1452 1340/984/1285
f 901/304/1077 889/939/851 1143/303/1075
f 1318/958/1261 1160/321/1452 1493/719/1451
f 1340/984/1285 1160/321/1452 1578/985/1596
f 1424/633/1373 1554/781/1542 910/970/864
f 919/794/1525 818/795/795 819/986/1527
f 1527/752/1481 94/84/84 1583/78/1537
f 1571/716/1515 1021/791/969 1483/712/1444
f 1519/890/1548 1496/724/1455 1163/987/1591
f 1163/987/1591 1154/314/1090 1521/749/1523
f 903/64/861 1036/936/983 902/63/860
f 919/875/1525 819/877/1527 946/988/896
f 1163/987/1591 1496/724/1455 1154/314/1090
f 1556/863/1508 1000/173/951 1009/746/957
f 1009/746/957 1024/192/972 1040/208/987
f 1199/371/1139 948/989/1580 1200/374/1141
f 1110/280/1043 1122/978/1055 1117/990/1050
f 1200/374/1141 948/989/1580 1582/882/1534
f 1020/751/968 915/76/870 1306/508/1250
f 1199/371/1139 1523/883/1535 948/989/1580
f 1110/280/1043 1117/990/1050 1568/868/1514
f 1248/427/1190 1250/430/1194 928/793/879
f 813/789/789 818/795/795 919/794/1525
f 813/789/789 919/794/1525 1518/788/1473
f 940/754/891 825/796/796 771/753/753
f 1293/491/1237 1527/908/1481 1583/885/1537
f 942/943/893 774/944/1569 825/796/796
f 1296/495/1240 1297/496/1241 1529/991/1595
f 1493/719/1451 993/720/944 1349/768/1295
f 1563/800/1547 1562/976/1586 1077/802/1020
f 940/754/891 942/943/893 825/796/796
f 532/497/497 1296/495/1240 1529/991/1595
f 1259/440/1203 828/992/1577 944/104/895
f 1250/430/1194 820/921/1528 928/793/879
f 1259/440/1203 482/447/447 828/992/1577
f 532/497/497 1529/991/1595 827/993/1571
f 944/945/895 828/994/1577 774/944/1569
f 1340/545/1285 1338/541/1281 1308/995/1592
f 1308/995/1592 1333/543/1283 1535/956/1590
f 1308/995/1592 1338/541/1281 1333/543/1283
f 1536/911/1489 1585/887/1539 971/546/921
f 991/797/942 1544/577/1497 1372/575/1317
f 1537/763/1492 968/764/917 1538/959/1490
f 1579/521/1524 1319/522/1266 1549/966/1502
f 991/797/942 1372/575/1317 1367/571/1313
f 999/996/950 998/172/949 1003/178/1324
f 1548/859/1501 1545/997/1498 1492/888/1540
f 1383/587/1329 1549/966/1502 1319/522/1266
f 1434/779/1383 1491/782/1594 1037/780/1384
f 1131/798/1062 1390/596/1338 1392/597/1340
f 1397/604/1345 1020/751/968 1306/508/1250
f 1403/611/1351 1023/968/971 1401/610/1349
f 1540/769/1557 1348/998/1294 1541/960/1493
f 1362/566/1308 1360/771/1306 1543/772/1495
f 946/988/896 934/981/884 917/336/1110
f 831/799/799 1096/263/1032 1565/865/1512
f 1438/648/1388 1565/865/1512 1101/267/1034
f 878/935/842 1517/848/1472 1586/898/1556
f 1248/427/1190 928/793/879 1525/850/1476
f 910/970/864 1060/652/1006 1441/651/1391
f 1445/657/1396 1557/971/1585 1067/809/1079
f 910/970/864 1520/914/1474 1060/652/1006
f 1559/662/1532 1451/663/1403 1558/999/1533
f 1563/800/1547 1077/802/1020 1588/801/1545
f 1558/999/1533 1451/663/1403 1453/666/1405
f 1589/803/1546 1561/1000/1587 1590/807/1588
f 1109/1001/1042 1566/685/1513 1464/682/1423
f 1588/801/1545 1561/1000/1587 1589/803/1546
f 1109/1001/1042 1464/682/1423 1570/928/1552
f 1471/690/1430 1122/804/1055 1569/691/1516
f 1479/701/1438 1118/702/1051 1122/804/1055
f 1568/694/1514 1475/695/1436 1111/1002/1044
f 1093/805/1035 1567/806/1520 1112/281/1045
f 1589/803/1546 1590/807/1588 1093/805/1035
f 1573/872/1518 1480/708/1442 1576/918/1522
f 1127/1003/1064 1130/707/1441 1390/596/1338
f 1592/808/1549 1571/716/1515 1446/656/1397
f 1592/808/1549 1446/656/1397 1067/809/1079
f 1441/651/1391 1424/633/1373 910/970/864
f 1558/999/1533 1453/666/1405 1450/661/1402
f 1577/979/1554 1128/710/1061 1481/706/1440
f 1471/690/1430 1479/701/1438 1122/804/1055
f 1520/914/1474 910/970/864 1491/782/1594
f 1577/979/1554 1481/706/1440 1168/333/1107
f 1018/607/966 1149/810/1085 1131/798/1062
f 1581/880/1530 1160/321/1452 963/983/911
f 1111/1002/1044 1488/717/1449 1572/871/1517
f 893/812/855 1591/814/1597 367/813/813
f 889/939/851 1591/814/1597 893/812/855
f 889/939/851 1522/1004/1475 1591/814/1597
f 934/981/884 1031/200/1103 917/336/1110
f 1170/1005/1109 1142/302/1074 1168/982/1107
f 1576/815/1522 1142/302/1074 1573/306/1518
f 893/812/855 367/813/813 1518/904/1473
f 946/988/896 917/336/1110 919/875/1525
f 1489/718/1450 1589/803/1546 1093/805/1035
f 811/786/786 1594/892/1551 1084/252/1025
f 1489/718/1450 1093/805/1035 1112/281/1045
f 1401/610/1349 907/750/975 1156/315/1092
f 1127/1003/1064 1390/596/1338 1131/798/1062
f 1592/891/1549 1142/302/1074 1170/1005/1109
f 1088/669/1027 1587/889/1544 1562/254/1586
f 1519/65/1548 905/66/1097 1522/849/1475
f 1348/816/1294 1355/559/1300 1541/770/1493
f 1111/1002/1044 1475/695/1436 1488/717/1449
f 1397/604/1345 1018/967/966 1020/751/968
f 1517/848/1472 878/935/842 980/150/930
f 1369/573/1315 1370/773/1496 1546/775/1499
f 1492/888/1540 1545/997/1498 1596/1006/1581
f 1132/605/1063 1018/967/966 1397/604/1345
f 1545/176/1498 999/996/950 1003/178/1324
f 1009/746/957 1000/173/951 1024/192/972
f 1334/544/1284 1552/777/1541 1011/951/1279
f 959/540/1280 1547/913/1500 955/1007/907
f 1492/888/1540 1596/1006/1581 1546/926/1499
f 878/935/842 996/169/947 980/150/930
f 1401/610/1349 1023/968/971 907/750/975
f 1578/985/1596 1160/321/1452 1318/958/1261
f 1450/661/1402 1560/864/1509 1559/972/1532
f 1103/783/1398 1563/800/1547 1065/237/1078
f 1575/919/1521 1127/1003/1064 1595/1008/1553
f 1483/712/1444 1021/791/969 1403/611/1351
f 893/812/855 918/294/1066 1133/293/1065
f 1539/767/1491 1536/765/1489 1537/763/1492
f 1535/956/1590 1333/543/1283 1531/922/1484
f 1359/563/1305 1358/564/1304 1360/771/1306
f 1561/974/1587 1463/681/1422 1590/916/1588
f 1118/702/1051 1574/920/1519 1122/804/1055
f 1575/919/1521 1130/707/1441 1127/1003/1064
f 1131/798/1062 1392/597/1340 1018/607/966
f 1445/657/1396 1067/809/1079 1446/656/1397
f 1103/844/1398 1558/999/1533 1447/659/1399
f 878/935/842 1586/898/1556 1043/213/990
f 1438/648/1388 831/799/799 1565/865/1512
f 1558/999/1533 1450/661/1402 1447/659/1399
f 992/790/943 1361/961/1307 1349/768/1295
f 1367/571/1313 1543/772/1495 991/797/942
f 1530/910/1483 959/540/1280 955/1007/907
f 1578/759/1596 1315/517/1258 1312/514/1255
f 1159/952/1589 1531/760/1484 1337/538/1278
f 1349/768/1295 1348/998/1294 1540/769/1557
