# Blender v2.75 (sub 0) OBJ File: ''
# www.blender.org
mtllib gryzzly_young.mtl
o BearGrizzly_Adult_F_T_mesh.001
v 0.362614 2.034193 1.745445
v 0.406446 2.020694 1.715492
v 0.357680 2.058566 1.729566
v 0.424067 1.981883 1.688832
v 0.436225 1.983813 1.656273
v 0.407635 1.925586 1.681244
v 0.373610 1.868029 1.683369
v 0.389875 1.846744 1.655411
v 0.283152 1.971401 1.770331
v 0.323856 2.018000 1.772603
v 0.405551 1.978879 1.611816
v 0.373358 2.037626 1.642499
v 0.251158 1.995600 1.759606
v 0.410655 2.043423 1.686080
v 0.329246 2.048538 1.701925
v 0.294812 2.053010 1.750897
v 0.303364 2.044913 1.766393
v 0.420527 1.919329 1.648730
v 0.397966 1.904662 1.609988
v 0.348769 1.987494 1.733446
v 0.367352 1.982822 1.705836
v 0.337610 1.591162 -0.931745
v 0.311674 1.421835 -1.065177
v 0.218891 1.538924 -1.050517
v 0.224812 1.684199 -0.941369
v 0.327318 1.963078 1.745616
v 0.115160 1.724103 -0.935524
v 0.175713 1.333723 -1.101135
v 0.360674 1.953323 1.699120
v 0.209621 1.200241 -1.088974
v 0.347097 1.936859 1.709709
v 0.058577 1.237877 -1.108185
v 0.000000 1.222795 -1.088696
v 0.332131 1.965649 1.715080
v 0.000000 1.441501 -1.075628
v 0.061563 1.358026 -1.110173
v 0.046580 1.569510 -1.050092
v 0.046535 1.480991 -1.111404
v 0.055364 1.359311 -1.146725
v 0.046576 1.461770 -1.093261
v 0.337805 1.913874 1.744799
v 0.499101 1.205374 -0.839452
v 0.519005 1.060213 -0.796561
v 0.027813 1.729394 -0.948584
v 0.505590 0.910554 -0.772105
v 0.291288 1.973819 1.593021
v 0.269534 2.028794 1.686930
v 0.249948 0.957481 -1.029148
v 0.414279 0.977749 -0.980675
v 0.396865 0.853212 -0.919514
v 0.252987 0.826515 -0.983207
v 0.363340 0.715654 -0.873083
v 0.240673 0.693173 -0.925248
v 0.348664 1.906018 1.556113
v 0.190471 0.680776 -0.287653
v 0.174161 0.573577 -0.347141
v 0.188039 0.473007 -0.389953
v 0.117776 0.507853 -0.560959
v 0.202119 0.539426 -0.902979
v 0.194185 0.332378 -0.819437
v 0.284776 0.490330 -0.354548
v 0.394699 1.853472 1.581416
v 0.276433 0.391048 -0.404764
v 0.345372 0.554732 -0.870231
v 0.134867 0.356667 -0.583374
v 0.189081 0.362802 -0.465276
v 0.561173 1.278398 0.206753
v 0.558920 1.340051 0.035542
v 0.523062 1.513628 0.040995
v 0.000000 0.915629 0.945488
v 0.084738 0.942523 0.988159
v 0.525985 1.453754 0.210855
v 0.000000 1.021142 1.229535
v 0.423635 1.717503 0.032945
v 0.142816 1.147654 1.332417
v 0.438454 1.647639 0.204011
v 0.151215 1.136317 1.223976
v 0.228394 1.291284 1.284621
v 0.270325 1.875113 0.029593
v 0.000000 1.080725 1.388848
v 0.137821 1.220707 1.471456
v 0.285782 1.853404 0.176500
v 0.000000 1.127656 1.508959
v 0.136403 1.945511 0.021593
v 0.221879 1.338049 1.382623
v 0.145433 1.938740 0.161805
v 0.000000 1.974939 0.025134
v 0.123191 0.836229 0.583770
v 0.323315 0.882203 0.599863
v 0.127095 0.927055 0.751942
v 0.000000 1.968601 0.166489
v 0.280962 1.132606 1.219407
v 0.000000 0.780723 0.266983
v 0.000000 0.729464 0.088801
v 0.160360 0.779353 0.101060
v 0.268152 0.918572 1.212683
v 0.170189 0.845578 0.286641
v 0.260863 0.455194 1.153781
v 0.277388 0.634010 1.152204
v 0.199576 0.624917 1.072748
v 0.375960 0.880540 0.084178
v 0.141497 0.969680 1.219881
v 0.107883 0.902986 0.984190
v 0.479355 1.438409 -0.195668
v 0.129362 0.791915 0.988126
v 0.449010 1.594959 -0.234793
v 0.183093 0.436963 1.080861
v 0.159861 0.584469 0.911937
v 0.143944 0.404349 0.978587
v 0.384423 1.777514 -0.246367
v 0.144508 0.847559 0.766726
v 0.249598 1.902284 -0.255599
v 0.194784 0.571026 0.748989
v 0.160853 0.769279 0.782313
v 0.122369 1.973095 -0.262673
v 0.000000 2.009470 -0.263435
v 0.000000 0.671460 -0.217561
v 0.153985 0.875439 1.184402
v 0.113564 0.696709 -0.214225
v 0.000000 1.203468 1.612524
v 0.382615 1.716518 -0.518359
v 0.092049 1.393058 2.195893
v 0.000000 1.397894 2.183502
v 0.000000 1.399537 2.250720
v 0.069184 1.394187 2.268822
v 0.231793 1.883744 -0.532875
v 0.131632 1.683024 2.071473
v 0.154081 1.683428 2.056455
v 0.119291 1.942260 -0.535725
v 0.129910 1.727119 2.083436
v 0.114309 1.701796 2.081116
v 0.132546 1.721259 2.076697
v 0.135194 1.694886 2.066661
v 0.000000 1.967882 -0.537598
v 0.384366 1.663486 -0.741370
v 0.161475 1.730554 2.065888
v 0.229465 1.787750 -0.776765
v 0.159249 1.722503 2.062988
v 0.104229 1.699186 2.093383
v 0.076425 1.836771 -0.772165
v 0.154228 1.993483 1.580572
v 0.069605 1.997691 1.576149
v 0.057262 2.015040 1.779309
v 0.000000 1.852447 -0.778780
v 0.436499 1.471530 -0.911682
v 0.362904 1.264617 -1.065948
v 0.000000 1.994935 1.590909
v 0.207507 1.962132 1.850079
v 0.142733 2.013444 1.764846
v 0.271029 1.916156 1.843604
v 0.136571 1.980405 1.856129
v 0.056520 1.983965 1.872700
v 0.000000 2.003055 1.774548
v 0.398915 1.717058 1.800384
v 0.389876 1.557851 1.806142
v 0.391674 1.561384 1.686442
v 0.312575 1.397678 1.807479
v 0.285714 1.413088 1.666020
v 0.000000 1.355593 2.180900
v 0.126683 1.477330 -1.082432
v 0.088246 1.334819 2.179209
v 0.088770 1.357399 2.183959
v 0.062982 1.334226 2.254519
v 0.000000 1.331521 2.246278
v 0.060598 1.314023 2.243654
v 0.124257 1.582951 -1.050678
v 0.162154 1.285205 1.807808
v 0.000000 1.234500 1.822340
v 0.027230 1.315349 2.285738
v 0.000000 1.396650 2.107660
v 0.010934 1.406584 2.342055
v 0.025961 1.576723 -1.067573
v 0.153147 1.704793 2.067758
v 0.000000 1.481927 -1.140188
v 0.171709 1.271459 1.705232
v 0.000000 1.578674 -1.087066
v 0.056274 1.125150 -1.129196
v 0.000000 1.113011 -1.112247
v 0.000000 1.087374 -1.138157
v 0.058182 1.119334 -1.158969
v 0.104143 1.415688 2.211816
v 0.112525 1.412658 2.137405
v 0.000000 1.102329 -1.176033
v 0.165530 1.701169 2.044881
v 0.000000 1.734521 -0.953720
v 0.151374 1.693221 2.055814
v 0.000000 1.335456 -1.098926
v 0.076801 1.417259 2.273877
v 0.037611 1.419107 2.331933
v 0.029833 1.402704 2.324749
v 0.000000 1.344575 -1.167894
v 0.000000 1.421812 2.353326
v 0.000000 1.409705 2.338928
v 0.000000 1.185385 -1.097036
v 0.068278 1.201022 -1.113184
v 0.143951 0.008809 -0.432938
v 0.227310 0.000370 -0.338060
v 0.206950 2.004733 1.746942
v 0.463284 0.015540 -0.513623
v 0.461611 0.058569 -0.517733
v 0.060481 1.193179 -1.153243
v 0.462770 0.008404 -0.362775
v 0.464462 0.064317 -0.421936
v 0.461738 0.066313 -0.346863
v 0.159799 0.074055 -0.422289
v 0.157897 0.065025 -0.500368
v 0.000000 1.170588 -1.182379
v 0.260691 0.054092 -0.746552
v 0.234280 0.105198 -0.750365
v 0.312749 0.013751 -0.708434
v 0.178408 0.115249 -0.487325
v 0.161064 0.115910 -0.578606
v 0.176692 0.061125 -0.615689
v 0.558280 1.268058 -0.476141
v 0.549547 1.277838 -0.240514
v 0.536576 1.044756 -0.275795
v 0.586663 1.083471 -0.474503
v 0.544176 1.254537 -0.645793
v 0.214341 0.056376 -0.696891
v 0.565159 1.102010 -0.625652
v 0.421247 0.017338 -0.629279
v 0.437765 0.061418 -0.627782
v 0.367405 0.014895 -0.694961
v 0.373128 0.058693 -0.707084
v 0.316002 0.054941 -0.752172
v 0.229094 1.104303 -1.078971
v 0.397331 1.135773 -1.035949
v 0.431144 0.042579 -0.252067
v 0.433421 0.030290 -0.238771
v 0.487391 0.834574 -0.301643
v 0.438730 0.020440 -0.244037
v 0.559449 0.915922 -0.489684
v 0.431784 0.022323 -0.242019
v 0.552470 0.934451 -0.623827
v 0.422801 0.017753 -0.267432
v 0.443647 0.055934 -0.266972
v 0.412176 0.055456 -0.258251
v 0.434608 0.001394 -0.299046
v 0.460015 0.002116 -0.325058
v 0.444187 0.016153 -0.274326
v 0.000000 0.932935 -0.968122
v 0.000000 1.037907 -1.033072
v 0.100761 1.058519 -1.052087
v 0.404132 0.066522 -0.279297
v 0.079727 0.967625 -0.963042
v 0.086515 1.112158 -1.079833
v 0.383434 0.003219 -0.274274
v 0.000000 1.090215 -1.072368
v 0.392983 0.020910 -0.247503
v 0.404213 0.005703 -0.336452
v 0.116348 0.936157 -1.005598
v 0.380646 0.022322 -0.217166
v 0.374367 0.004212 -0.206108
v 0.313803 0.035792 -0.194762
v 0.322988 0.034643 -0.193287
v 0.318456 0.006325 -0.184024
v 0.123562 0.829260 -0.948883
v 0.336583 0.025153 -0.221958
v 0.317675 0.048934 -0.186437
v 0.318738 0.066480 -0.204573
v 0.000000 0.749903 -0.571812
v 0.000000 0.849287 -0.893679
v 0.072095 0.880153 -0.873258
v 0.308393 0.027377 -0.226897
v 0.057196 0.778183 -0.551041
v 0.299883 0.077743 -0.227087
v 0.339873 0.075272 -0.220943
v 0.325238 0.002120 -0.259857
v 0.497990 0.739689 -0.489628
v 0.498778 0.762113 -0.619944
v 0.291356 0.084489 -0.264461
v 0.294791 0.007258 -0.284841
v 0.453913 0.748180 -0.755717
v 0.324205 0.000763 -0.321055
v 0.265942 0.002999 -0.265336
v 0.227308 0.075858 -0.280087
v 0.232174 0.008670 -0.299018
v 0.444284 0.670453 -0.352324
v 0.279344 0.078835 -0.221571
v 0.277422 0.032394 -0.218935
v 0.237664 0.079330 -0.228063
v 0.162252 0.688344 -0.900275
v 0.261107 0.072387 -0.202006
v 0.107448 0.696271 -0.799821
v 0.089007 0.636416 -0.548000
v 0.247747 0.030529 -0.222931
v 0.267343 0.036061 -0.186513
v 0.378584 0.845612 -0.170436
v 0.225295 0.735651 -0.177155
v 0.256962 0.037699 -0.187158
v 0.265434 0.005780 -0.174777
v 0.202545 0.021751 -0.222247
v 0.195898 0.053737 -0.235625
v 0.190662 0.024952 -0.225357
v 0.196337 0.037401 -0.216372
v 0.197435 -0.001297 -0.288512
v 0.213819 0.021470 -0.247888
v 0.182206 0.017590 -0.258029
v 0.261148 0.052664 -0.179878
v 0.000000 0.682476 -0.338008
v 0.075863 0.691976 -0.341211
v 0.169078 0.067404 -0.295694
v 0.167030 0.007498 -0.315764
v 0.354998 0.006952 -0.285002
v 0.199307 0.002217 -0.210066
v 0.157865 0.009300 -0.359747
v 0.434418 0.570138 -0.505243
v 0.224360 0.211466 -0.781384
v 0.443202 0.580737 -0.629584
v 0.308275 0.196364 -0.777054
v 0.418592 0.572987 -0.764796
v 0.157960 0.186517 -0.585197
v 0.183194 0.178444 -0.508093
v 0.266763 0.262158 -0.447245
v 0.184612 0.266490 -0.493549
v 0.384389 0.530276 -0.395589
v 0.201766 0.087590 1.000094
v 0.213282 0.186134 0.888805
v 0.123370 0.536066 -0.782835
v 0.287271 0.164610 0.835885
v 0.302086 0.342795 0.755336
v 0.401437 0.368521 0.771039
v 0.237680 0.131347 1.285865
v 0.231599 0.256684 1.218424
v 0.164972 0.247783 1.163074
v 0.308195 0.601870 -0.304986
v 0.472712 1.332072 -0.882248
v 0.397408 0.409093 -0.528613
v 0.418461 0.382306 -0.626971
v 0.398744 1.736843 1.488545
v 0.403815 1.796970 1.689373
v 0.398957 0.352931 -0.712254
v 0.320360 0.315266 -0.799311
v 0.465217 0.979158 0.250775
v 0.358760 0.892342 0.269726
v 0.501779 0.975473 0.044511
v 0.496459 1.050155 -0.191065
v 0.356791 0.409730 -0.431972
v 0.340141 0.906943 0.504428
v 0.167937 0.836938 0.476077
v 0.130951 0.346074 -0.711617
v 0.283535 0.915258 -1.145290
v 0.269422 1.074936 -1.172947
v 0.240699 1.200686 -1.175598
v 0.117788 1.436736 -1.131049
v 0.416797 0.273315 -0.539842
v 0.412919 0.265820 -0.595938
v 0.389566 0.243494 -0.684417
v 0.224442 0.716738 0.290292
v 0.215680 0.632840 0.084313
v 0.344887 0.190369 -0.737205
v 0.379913 0.265497 -0.465869
v 0.192642 0.559321 -0.188756
v 0.236946 0.761667 0.510094
v 0.347130 0.721773 -0.255344
v 0.163518 0.218613 -0.676736
v 0.375404 0.571960 0.665055
v 0.153974 0.263699 -0.572745
v 0.286624 0.577761 0.631645
v 0.149979 -0.000462 1.454707
v 0.221848 -0.012351 1.427755
v 0.179065 -0.004421 1.481039
v 0.000000 0.809359 0.540202
v 0.144471 0.060641 1.458025
v 0.000000 0.870295 0.727637
v 0.154932 0.061184 1.493434
v 0.506838 1.231893 0.814785
v 0.466471 1.426980 0.788562
v 0.461554 1.484897 0.937379
v 0.490926 1.250847 0.972748
v 0.214365 -0.001508 1.474851
v 0.436202 1.627333 0.776490
v 0.446411 1.655411 0.931754
v 0.180169 0.052025 1.516916
v 0.181895 0.026900 1.552948
v 0.404729 1.542784 1.081099
v 0.166020 0.021397 1.501279
v 0.188103 0.009018 1.550221
v 0.168839 0.016456 1.545843
v 0.412140 1.376386 1.134946
v 0.197740 0.020400 1.509266
v 0.409768 1.680435 1.058262
v 0.176693 -0.008274 1.568318
v 0.261467 0.022456 1.585499
v 0.254530 -0.000819 1.609249
v 0.374714 1.845046 0.905585
v 0.282703 1.999073 0.853497
v 0.264390 1.982114 1.005667
v 0.365641 1.867354 1.032326
v 0.251325 0.061864 1.546147
v 0.241741 0.027242 1.583065
v 0.145392 2.080953 0.823011
v 0.125548 2.047179 0.983102
v 0.204897 0.069725 1.473595
v 0.277453 0.071781 1.490415
v 0.270389 0.061862 1.528408
v 0.001631 2.106396 0.826275
v 0.001429 2.076795 0.998956
v 0.250057 -0.004239 1.501877
v 0.282067 -0.002537 1.490216
v 0.000000 2.076462 0.998777
v 0.000000 2.076836 0.997243
v 0.291508 0.063917 1.527110
v 0.234630 0.025443 1.530081
v 0.223835 0.067374 1.519144
v 0.264390 1.917009 0.628270
v 0.275224 1.957836 0.727119
v 0.382465 1.797387 0.777798
v 0.336309 0.058264 1.534688
v 0.330553 0.019788 1.541029
v 0.372205 1.760750 0.713774
v 0.312923 0.056371 1.550539
v 0.315191 -0.007957 1.512320
v 0.349015 -0.003916 1.494915
v 0.147746 2.008833 0.591795
v 0.142554 2.054167 0.690758
v 0.360053 0.010335 1.576976
v 0.378660 0.006718 1.574872
v 0.369139 -0.010861 1.599025
v 0.312256 0.034853 1.600032
v 0.312780 -0.002281 1.623537
v 0.299593 0.023456 1.534279
v 0.319299 0.019237 1.593532
v 0.000721 2.086249 0.691418
v 0.000000 2.086087 0.691415
v 0.000000 2.046069 0.593916
v 0.000000 2.106114 0.826239
v 0.000000 2.086222 0.692067
v 0.267120 0.026350 1.537196
v 0.225087 1.934319 1.206363
v 0.294842 1.860824 1.215861
v 0.373213 0.046789 1.542340
v 0.359527 0.018813 1.528902
v 0.097466 1.979025 1.194055
v 0.403844 -0.000509 1.479426
v 0.402496 0.059214 1.481302
v 0.394934 0.050455 1.522679
v 0.376160 -0.004370 1.506156
v 0.388806 0.017258 1.528343
v 0.011600 1.984261 1.192259
v 0.000000 1.983934 1.191238
v 0.000000 1.989583 1.174568
v 0.344683 0.065362 1.496267
v 0.352996 0.055911 1.524051
v 0.277700 1.215663 1.194137
v 0.385081 -0.013686 1.435119
v 0.346189 1.705547 1.199977
v 0.427807 -0.007133 1.473004
v 0.453940 0.004256 1.450405
v 0.317569 1.439072 1.219909
v 0.346777 1.588668 1.188045
v 0.368562 1.654936 1.328163
v 0.441846 0.015430 1.491545
v 0.327342 1.503236 1.327129
v 0.431068 0.039101 1.507592
v 0.432096 0.023170 1.530597
v 0.345417 1.799727 1.325705
v 0.418100 0.015701 1.501017
v 0.438656 0.009634 1.523247
v 0.422468 0.014297 1.528619
v 0.202926 1.967010 1.343460
v 0.432722 -0.006547 1.550561
v 0.287961 1.906089 1.333938
v 0.289978 0.034624 0.938893
v 0.373198 0.039695 0.991530
v 0.095254 1.991274 1.350492
v 0.407430 -0.007995 1.093780
v 0.445161 0.045721 1.092816
v 0.455523 -0.007299 1.212973
v 0.470226 0.047204 1.200336
v 0.011306 1.993182 1.347997
v 0.000000 1.993323 1.348293
v 0.000000 1.991888 1.329999
v 0.221023 0.005141 1.025047
v 0.180693 0.010582 1.102769
v 0.172775 0.051881 1.097798
v 0.221114 0.042853 0.996676
v 0.134242 0.060579 1.190382
v 0.284110 0.000926 0.993832
v 0.494973 1.082547 0.595899
v 0.456288 1.089877 0.559856
v 0.459138 1.297557 0.541104
v 0.129734 0.064220 1.377363
v 0.158876 0.105156 1.317390
v 0.493676 1.003127 1.021008
v 0.531402 1.001444 0.861252
v 0.121984 0.072029 1.271110
v 0.462435 0.780952 1.030646
v 0.515146 0.770804 0.859029
v 0.126048 0.005600 1.309962
v 0.387137 1.222974 1.161125
v 0.447601 -0.006855 1.407102
v 0.462290 -0.007188 1.306346
v 0.478176 0.050634 1.298456
v 0.378547 0.957875 1.156358
v 0.134720 0.008094 1.222565
v 0.300025 -0.017134 1.231031
v 0.452633 0.917735 0.615655
v 0.284704 0.769286 0.615100
v 0.355845 -0.003290 1.015352
v 0.439805 0.616911 1.021365
v 0.467374 0.589352 0.862253
v 0.249693 0.319954 0.693508
v 0.438047 0.426600 1.091855
v 0.472053 0.392815 0.962738
v 0.264885 0.131319 0.813567
v 0.349046 0.455069 1.165093
v 0.364677 0.628606 1.133496
v 0.436966 0.566135 0.723942
v 0.475482 0.762482 0.707298
v 0.316380 -0.002589 -0.515407
v 0.157644 0.013221 -0.503570
v 0.187368 0.018697 -0.601878
v 0.259237 0.013212 -0.703591
v 0.069949 1.031416 1.366662
v 0.000000 1.057773 1.544699
v 0.194111 0.757417 1.143487
v 0.275383 0.834883 1.190402
v 0.310573 -0.013025 1.441612
v 0.220208 0.378352 0.795978
v 0.000000 1.427394 2.115810
v 0.032234 1.330652 2.289315
v 0.000000 1.327398 2.273816
v 0.000000 1.330871 2.299795
v 0.361192 1.393843 1.143718
v 0.469895 0.051809 1.406910
v 0.354450 1.547434 1.508399
v 0.359234 1.869841 1.484577
v 0.255110 1.951135 1.514045
v 0.264357 1.387145 1.528993
v 0.107408 1.256710 1.582695
v 0.039012 1.589252 2.313555
v 0.044024 1.607723 2.272517
v 0.000000 1.619024 2.298744
v 0.000000 1.594050 2.343669
v 0.106191 1.469200 2.234479
v 0.119352 1.483774 2.195564
v 0.093199 1.552961 2.226700
v 0.086570 1.538974 2.258177
v 0.039630 1.694265 2.160737
v 0.035992 1.728273 2.125559
v 0.000000 1.726712 2.134290
v 0.000000 1.694115 2.178871
v 0.000000 1.669249 2.216441
v 0.043329 1.666437 2.191464
v 0.044870 1.637155 2.227264
v 0.000000 1.647025 2.257722
v 0.107044 1.601877 2.093191
v 0.118437 1.551119 2.125996
v 0.140666 1.491556 2.075054
v 0.157450 1.555745 2.050939
v 0.123175 1.648344 2.060099
v 0.098829 1.660333 2.089203
v 0.075989 1.708713 2.116186
v 0.076389 1.654527 2.136508
v 0.094212 1.612501 2.161377
v 0.126142 1.512340 2.162728
v 0.098718 1.578584 2.195502
v 0.129435 1.455545 2.109698
v 0.066309 1.574526 2.286836
v 0.073977 1.590369 2.250633
v 0.070114 1.651809 2.177447
v 0.059294 1.688455 2.150308
v 0.057539 1.723787 2.120945
v 0.075289 1.618643 2.212305
v 0.151926 1.652985 2.050487
v 0.181070 1.675807 2.038619
v 0.169543 1.693403 2.048441
v 0.035702 1.569012 2.375141
v 0.063217 1.553590 2.344029
v 0.085329 1.524324 2.294477
v 0.079291 1.460959 2.283273
v 0.034408 1.763142 2.115520
v 0.000000 1.761695 2.122852
v 0.089862 1.754688 2.099344
v 0.060714 1.760451 2.106959
v 0.117416 1.749158 2.096107
v 0.143089 1.747468 2.091783
v 0.169239 1.747861 2.072624
v 0.181128 1.715465 2.026871
v 0.195593 1.739595 2.034449
v 0.118157 1.855360 2.045280
v 0.161336 1.848742 2.025775
v 0.154747 1.861546 1.996232
v 0.110827 1.868920 2.028658
v 0.187240 1.826799 2.007251
v 0.185337 1.836571 1.979413
v 0.204958 1.787968 1.995770
v 0.216689 1.790711 1.968350
v 0.171998 1.713420 2.037086
v 0.210533 1.745008 1.993099
v 0.220369 1.745131 1.975942
v 0.197393 1.710196 2.007964
v 0.203381 1.732294 2.007480
v 0.214770 1.704622 1.989248
v 0.125831 1.911879 1.947379
v 0.200386 1.883368 1.936187
v 0.241702 1.835507 1.923558
v 0.063625 1.847126 2.059764
v 0.074583 1.827754 2.076118
v 0.032958 1.834362 2.074466
v 0.054602 1.913455 1.988047
v 0.000000 1.900813 1.990441
v 0.000000 1.837406 2.074613
v 0.119421 1.817526 2.073666
v 0.092728 1.804392 2.081220
v 0.156354 1.819591 2.066203
v 0.183729 1.811147 2.039000
v 0.208257 1.778489 2.018321
v 0.178815 1.608077 2.038236
v 0.200062 1.650760 2.014915
v 0.306560 1.654790 1.916817
v 0.300273 1.547047 1.922825
v 0.275780 1.755803 1.921558
v 0.332227 1.828513 1.817524
v 0.000000 1.969454 1.870514
v 0.141212 1.467730 2.040460
v 0.245625 1.415932 1.910808
v 0.237213 1.750107 1.959847
v 0.243592 1.698797 1.960286
v 0.229762 1.591421 2.009403
v 0.241433 1.648770 1.982003
v 0.215175 1.540044 2.013361
v 0.190894 1.473115 2.004802
v 0.116485 1.381588 2.123688
v 0.000000 1.316923 2.292635
v 0.126475 1.419180 2.085372
v 0.072301 1.317015 2.174433
v 0.088947 1.345787 2.110290
v 0.052510 1.299372 2.232106
v 0.025358 1.295636 2.263924
v 0.000000 1.293768 2.269232
v 0.000000 1.296760 2.168691
v 0.000000 1.314823 2.099576
v 0.000000 1.285739 2.220682
v 0.000000 1.287552 2.239660
v 0.094696 1.357711 2.052130
v 0.000000 1.316591 2.051872
v 0.000000 1.299155 1.997905
v 0.109405 1.344028 1.987715
v 0.000000 1.270546 1.918591
v 0.124991 1.318325 1.912492
v 0.019727 1.515656 2.394129
v 0.000000 1.510592 2.401141
v 0.000000 1.477912 2.388518
v 0.017978 1.488996 2.380932
v 0.000000 1.460262 2.379526
v 0.022700 1.468345 2.371681
v 0.059416 1.493293 2.344734
v 0.017197 1.445900 2.365949
v 0.043849 1.447308 2.337279
v 0.000000 1.442666 2.367650
v 0.059765 1.520314 2.378033
v 0.047731 1.535780 2.396128
v 0.047101 1.528400 2.380943
v 0.056061 1.516034 2.364906
v 0.050619 1.495021 2.344156
v 0.031296 1.481159 2.362607
v 0.026202 1.494214 2.373600
v 0.026228 1.514319 2.383044
v 0.040875 1.506807 2.367753
v 0.131029 1.411038 2.030340
v 0.159777 1.405548 1.985126
v 0.030874 1.535057 2.400448
v 0.033433 1.522852 2.380740
v 0.042148 1.552613 2.392041
v 0.062035 1.537708 2.361800
v 0.077216 1.510363 2.313508
v 0.000000 1.556527 2.398572
v 0.025696 1.552028 2.397491
v 0.000000 1.573909 2.382141
v 0.000000 1.533227 2.407686
v 0.010736 1.533712 2.404606
v 0.122442 1.439756 2.162390
v 0.012523 1.420911 2.355963
v 0.033458 1.792199 2.098737
v 0.000000 1.796680 2.104860
v 0.065008 1.790339 2.093397
v 0.120767 1.779563 2.088472
v 0.093199 1.783361 2.090689
v 0.150566 1.774953 2.086863
v 0.178106 1.770728 2.065576
v 0.202306 1.759667 2.033171
v 0.447256 0.371929 0.835561
v 0.174089 0.387055 0.862434
v 0.237386 2.011343 1.639836
v 0.488892 1.457688 -0.249560
v 0.461531 1.587775 -0.506906
v 0.432180 0.106619 -0.528297
v 0.415035 0.113663 -0.454394
v 0.433554 0.094216 -0.376643
v 0.166235 0.071790 -0.363238
v 0.334333 0.118340 -0.362440
v 0.389345 0.109757 -0.362149
v 0.333819 0.130596 -0.430446
v 0.269768 0.120509 -0.371563
v 0.260230 0.138340 -0.439834
v 0.203163 0.107016 -0.404141
v 0.194639 0.099628 -0.336686
v 0.437331 0.092211 -0.325176
v 0.232870 0.099303 -0.330229
v 0.264596 0.115572 -0.311803
v 0.295087 0.105878 -0.311215
v 0.382502 0.105829 -0.306678
v 0.408511 0.088721 -0.322714
v 0.323791 0.116478 -0.298519
v 0.355017 0.100893 -0.310255
v 0.297917 0.098742 -0.760350
v 0.350764 0.108014 -0.708939
v 0.180140 0.116052 -0.668247
v 0.411658 0.115644 -0.641787
v 0.438579 0.012736 -0.230533
v 0.430022 0.064574 -0.262619
v 0.426716 0.083339 -0.289407
v 0.455497 0.059656 -0.305024
v 0.377824 0.097344 -0.261797
v 0.350465 0.076583 -0.264460
v 0.366129 0.022173 -0.248633
v 0.356758 0.067227 -0.246081
v 0.408834 0.009548 -0.297679
v 0.396080 0.063845 -0.242019
v 0.377464 0.079183 -0.245001
v 0.376083 0.054730 -0.227694
v 0.371066 0.023482 -0.217402
v 0.374123 0.036540 -0.209792
v 0.320171 0.092390 -0.223361
v 0.319125 0.112981 -0.253801
v 0.260123 0.110324 -0.263330
v 0.260028 0.094204 -0.225178
v 0.195888 0.075635 -0.253251
v 0.173248 0.062036 -0.259214
v 0.218348 0.065600 -0.247372
v 0.192611 0.092031 -0.283828
v 0.422048 0.172105 -0.549002
v 0.398863 0.159376 -0.479438
v 0.256373 0.177419 -0.460780
v 0.329890 0.167325 -0.453517
v 0.396132 0.170715 -0.655274
v 0.329395 0.246288 -0.449076
v 0.355472 0.076017 0.977467
v 0.366269 0.181526 0.874024
v 0.421496 0.199138 0.953695
v 0.426245 0.097883 1.052607
v 0.439934 0.213551 1.062591
v 0.451873 0.101526 1.175257
v 0.162022 0.101933 1.099873
v 0.168253 0.201739 0.975291
v 0.138919 0.104088 1.191679
v 0.133382 0.229693 1.086304
v 0.279521 0.064492 0.926165
v 0.326471 0.126588 1.298387
v 0.329909 0.255921 1.235670
v 0.423364 0.107340 1.259230
v 0.429036 0.235815 1.174532
v 0.172316 0.114129 1.243818
v 0.555208 1.135090 0.025399
v 0.521059 1.233917 -0.179470
v 0.452515 1.527892 -0.695435
v 0.509898 1.382775 -0.675437
v 0.511984 1.431444 -0.488687
v 0.531362 1.089754 0.223874
v 0.433645 1.475239 0.507931
v 0.419154 1.547712 0.615214
v 0.465326 1.363317 0.621029
v 0.280340 1.845536 0.425022
v 0.265371 1.878926 0.533283
v 0.360586 1.692543 0.591968
v 0.375735 1.646040 0.486595
v 0.154745 1.950975 0.388858
v 0.149546 1.980113 0.501384
v 0.000000 1.991792 0.388303
v 0.521058 1.161641 0.657312
v 0.515394 0.952788 0.692617
v 0.409266 0.970741 0.577974
v 0.502975 1.273908 0.387584
v 0.478707 1.083635 0.425257
v 0.483036 1.447516 0.380608
v 0.418653 1.624614 0.363794
v 0.292091 1.828102 0.309461
v 0.153713 1.932533 0.282719
v 0.000000 1.970431 0.286010
v 0.000000 0.777896 0.434239
v 0.423543 0.994861 0.466252
v 0.004134 2.149948 0.854416
v 0.004521 2.115058 1.023249
v 0.002500 2.078558 0.584186
v 0.003332 2.126231 0.693423
v 0.168890 1.344123 -1.159806
v 0.264615 0.758161 -1.094859
v 0.253420 0.628193 -1.025980
v 0.243620 0.483673 -0.982022
v 0.261902 0.304499 -0.883281
v 0.000000 1.408052 2.302651
v 0.408211 0.761763 0.635601
v 0.145349 0.001562 1.407471
v 0.158473 0.091299 1.393232
v 0.166827 0.084830 1.463444
v 0.207353 0.093409 1.405008
v 0.201148 0.056799 1.502395
v 0.177164 0.071717 1.496739
v 0.253109 0.040135 1.587559
v 0.248733 0.077758 1.521508
v 0.242822 0.090838 1.482722
v 0.240589 0.101612 1.416345
v 0.283012 0.095996 1.425168
v 0.315398 0.102113 1.437602
v 0.308928 0.089476 1.493366
v 0.353335 0.090025 1.428574
v 0.315105 0.074984 1.528897
v 0.301217 0.023445 1.593609
v 0.370471 0.022765 1.582053
v 0.376007 0.065176 1.521838
v 0.373627 0.079322 1.490340
v 0.377999 0.092661 1.430099
v 0.410858 0.080022 1.417703
v 0.453107 0.052449 1.456918
v 0.437962 0.079489 1.422467
v 0.426865 0.070604 1.460463
v 0.411547 0.048840 1.502796
v 0.444894 0.043573 1.489318
v 0.430886 0.057364 1.493727
v 0.241410 0.114912 1.346069
v 0.320052 0.112556 1.357830
v 0.387783 0.102143 1.357095
v 0.436845 0.091538 1.345998
v 0.223572 0.551189 0.551713
v 0.219878 0.014208 -0.671640
v 0.469749 0.012583 -0.435082
v 0.000000 1.219086 1.729677
v 0.000000 1.155925 1.644667
v 0.370909 0.777999 1.145974
v 0.061902 1.402754 2.235414
v 0.081035 1.391854 2.157450
v 0.084486 1.419851 2.165078
v 0.056397 1.358943 2.232892
v 0.042508 1.415237 2.288646
v 0.043283 1.353410 2.274526
v 0.000000 1.420704 2.324734
v 0.000000 1.358387 2.304469
v 0.084562 1.364300 2.160622
v 0.064644 1.378388 2.226263
v 0.057799 1.334180 2.214393
v 0.084474 1.396569 2.171827
v 0.040054 1.363106 2.267839
v 0.033206 1.319826 2.260700
v 0.000000 1.361313 2.284362
v 0.000000 1.314779 2.275345
v -0.362614 2.034193 1.745445
v -0.410655 2.043423 1.686080
v -0.406446 2.020694 1.715492
v -0.424067 1.981883 1.688832
v -0.407635 1.925586 1.681244
v -0.373610 1.868029 1.683369
v -0.283152 1.971401 1.770331
v -0.323856 2.018000 1.772603
v -0.436225 1.983813 1.656273
v -0.373358 2.037626 1.642499
v -0.405551 1.978879 1.611816
v -0.251158 1.995600 1.759606
v -0.420527 1.919329 1.648730
v -0.357680 2.058566 1.729566
v -0.329246 2.048538 1.701925
v -0.294812 2.053010 1.750897
v -0.303364 2.044913 1.766393
v -0.397966 1.904662 1.609988
v -0.348769 1.987494 1.733446
v -0.389875 1.846744 1.655411
v -0.367352 1.982822 1.705836
v -0.337610 1.591162 -0.931745
v -0.224812 1.684199 -0.941369
v -0.327318 1.963078 1.745616
v -0.115160 1.724103 -0.935524
v -0.124257 1.582951 -1.050678
v -0.218891 1.538924 -1.050517
v -0.175713 1.333723 -1.101135
v -0.311674 1.421835 -1.065177
v -0.360674 1.953323 1.699120
v -0.209621 1.200241 -1.088974
v -0.347097 1.936859 1.709709
v -0.058577 1.237877 -1.108185
v -0.332131 1.965649 1.715080
v -0.046576 1.461770 -1.093261
v -0.061563 1.358026 -1.110173
v -0.046580 1.569510 -1.050092
v -0.046535 1.480991 -1.111404
v -0.055364 1.359311 -1.146725
v -0.337805 1.913874 1.744799
v -0.397331 1.135773 -1.035949
v -0.519005 1.060213 -0.796561
v -0.499101 1.205374 -0.839452
v -0.027813 1.729394 -0.948584
v -0.414279 0.977749 -0.980675
v -0.505590 0.910554 -0.772105
v -0.269534 2.028794 1.686930
v -0.291288 1.973819 1.593021
v -0.249948 0.957481 -1.029148
v -0.396865 0.853212 -0.919514
v -0.252987 0.826515 -0.983207
v -0.240673 0.693173 -0.925248
v -0.348664 1.906018 1.556113
v -0.308195 0.601870 -0.304986
v -0.190471 0.680776 -0.287653
v -0.347130 0.721773 -0.255344
v -0.174161 0.573577 -0.347141
v -0.117776 0.507853 -0.560959
v -0.202119 0.539426 -0.902979
v -0.194185 0.332378 -0.819437
v -0.284776 0.490330 -0.354548
v -0.189081 0.362802 -0.465276
v -0.188039 0.473007 -0.389953
v -0.394699 1.853472 1.581416
v -0.276433 0.391048 -0.404764
v -0.134867 0.356667 -0.583374
v -0.561173 1.278398 0.206753
v -0.523062 1.513628 0.040995
v -0.558920 1.340051 0.035542
v -0.151215 1.136317 1.223976
v -0.084738 0.942523 0.988159
v -0.525985 1.453754 0.210855
v -0.423635 1.717503 0.032945
v -0.142816 1.147654 1.332417
v -0.438454 1.647639 0.204011
v -0.228394 1.291284 1.284621
v -0.270325 1.875113 0.029593
v -0.285782 1.853404 0.176500
v -0.136403 1.945511 0.021593
v -0.221879 1.338049 1.382623
v -0.145433 1.938740 0.161805
v -0.137821 1.220707 1.471456
v -0.123191 0.836229 0.583770
v -0.127095 0.927055 0.751942
v -0.323315 0.882203 0.599863
v -0.280962 1.132606 1.219407
v -0.141497 0.969680 1.219881
v -0.160360 0.779353 0.101060
v -0.268152 0.918572 1.212683
v -0.170189 0.845578 0.286641
v -0.260863 0.455194 1.153781
v -0.199576 0.624917 1.072748
v -0.277388 0.634010 1.152204
v -0.358760 0.892342 0.269726
v -0.153985 0.875439 1.184402
v -0.107883 0.902986 0.984190
v -0.479355 1.438409 -0.195668
v -0.129362 0.791915 0.988126
v -0.449010 1.594959 -0.234793
v -0.143944 0.404349 0.978587
v -0.159861 0.584469 0.911937
v -0.384423 1.777514 -0.246367
v -0.284704 0.769286 0.615100
v -0.144508 0.847559 0.766726
v -0.249598 1.902284 -0.255599
v -0.194784 0.571026 0.748989
v -0.286624 0.577761 0.631645
v -0.160853 0.769279 0.782313
v -0.122369 1.973095 -0.262673
v -0.107408 1.256710 1.582695
v -0.302086 0.342795 0.755336
v -0.113564 0.696709 -0.214225
v -0.382615 1.716518 -0.518359
v -0.029833 1.402704 2.324749
v -0.069184 1.394187 2.268822
v -0.231793 1.883744 -0.532875
v -0.131632 1.683024 2.071473
v -0.151374 1.693221 2.055814
v -0.154081 1.683428 2.056455
v -0.119291 1.942260 -0.535725
v -0.129910 1.727119 2.083436
v -0.114309 1.701796 2.081116
v -0.165530 1.701169 2.044881
v -0.384366 1.663486 -0.741370
v -0.161475 1.730554 2.065888
v -0.229465 1.787750 -0.776765
v -0.159249 1.722503 2.062988
v -0.104229 1.699186 2.093383
v -0.076425 1.836771 -0.772165
v -0.142733 2.013444 1.764846
v -0.069605 1.997691 1.576149
v -0.154228 1.993483 1.580572
v -0.057262 2.015040 1.779309
v -0.436499 1.471530 -0.911682
v -0.362904 1.264617 -1.065948
v -0.207507 1.962132 1.850079
v -0.271029 1.916156 1.843604
v -0.136571 1.980405 1.856129
v -0.056520 1.983965 1.872700
v -0.398915 1.717058 1.800384
v -0.389876 1.557851 1.806142
v -0.312575 1.397678 1.807479
v -0.088770 1.357399 2.183959
v -0.126683 1.477330 -1.082432
v -0.088246 1.334819 2.179209
v -0.060598 1.314023 2.243654
v -0.062982 1.334226 2.254519
v -0.162154 1.285205 1.807808
v -0.027230 1.315349 2.285738
v -0.010934 1.406584 2.342055
v -0.025961 1.576723 -1.067573
v -0.132546 1.721259 2.076697
v -0.153147 1.704793 2.067758
v -0.171709 1.271459 1.705232
v -0.056274 1.125150 -1.129196
v -0.058182 1.119334 -1.158969
v -0.104143 1.415688 2.211816
v -0.112525 1.412658 2.137405
v -0.092049 1.393058 2.195893
v -0.076801 1.417259 2.273877
v -0.037611 1.419107 2.331933
v -0.068278 1.201022 -1.113184
v -0.227310 0.000370 -0.338060
v -0.206950 2.004733 1.746942
v -0.135194 1.694886 2.066661
v -0.461611 0.058569 -0.517733
v -0.463284 0.015540 -0.513623
v -0.060481 1.193179 -1.153243
v -0.464462 0.064317 -0.421936
v -0.461738 0.066313 -0.346863
v -0.157644 0.013221 -0.503570
v -0.157897 0.065025 -0.500368
v -0.159799 0.074055 -0.422289
v -0.260691 0.054092 -0.746552
v -0.234280 0.105198 -0.750365
v -0.143951 0.008809 -0.432938
v -0.312749 0.013751 -0.708434
v -0.316002 0.054941 -0.752172
v -0.187368 0.018697 -0.601878
v -0.161064 0.115910 -0.578606
v -0.176692 0.061125 -0.615689
v -0.558280 1.268058 -0.476141
v -0.536576 1.044756 -0.275795
v -0.549547 1.277838 -0.240514
v -0.586663 1.083471 -0.474503
v -0.544176 1.254537 -0.645793
v -0.214341 0.056376 -0.696891
v -0.565159 1.102010 -0.625652
v -0.437765 0.061418 -0.627782
v -0.373128 0.058693 -0.707084
v -0.367405 0.014895 -0.694961
v -0.229094 1.104303 -1.078971
v -0.444187 0.016153 -0.274326
v -0.433421 0.030290 -0.238771
v -0.431144 0.042579 -0.252067
v -0.487391 0.834574 -0.301643
v -0.438730 0.020440 -0.244037
v -0.559449 0.915922 -0.489684
v -0.431784 0.022323 -0.242019
v -0.552470 0.934451 -0.623827
v -0.422801 0.017753 -0.267432
v -0.443647 0.055934 -0.266972
v -0.412176 0.055456 -0.258251
v -0.434608 0.001394 -0.299046
v -0.460015 0.002116 -0.325058
v -0.408834 0.009548 -0.297679
v -0.100761 1.058519 -1.052087
v -0.404132 0.066522 -0.279297
v -0.079727 0.967625 -0.963042
v -0.086515 1.112158 -1.079833
v -0.354998 0.006952 -0.285002
v -0.366129 0.022173 -0.248633
v -0.383434 0.003219 -0.274274
v -0.392983 0.020910 -0.247503
v -0.404213 0.005703 -0.336452
v -0.116348 0.936157 -1.005598
v -0.374367 0.004212 -0.206108
v -0.380646 0.022322 -0.217166
v -0.313803 0.035792 -0.194762
v -0.318456 0.006325 -0.184024
v -0.322988 0.034643 -0.193287
v -0.123562 0.829260 -0.948883
v -0.308393 0.027377 -0.226897
v -0.336583 0.025153 -0.221958
v -0.317675 0.048934 -0.186437
v -0.318738 0.066480 -0.204573
v -0.072095 0.880153 -0.873258
v -0.057196 0.778183 -0.551041
v -0.299883 0.077743 -0.227087
v -0.462770 0.008404 -0.362775
v -0.339873 0.075272 -0.220943
v -0.325238 0.002120 -0.259857
v -0.497990 0.739689 -0.489628
v -0.498778 0.762113 -0.619944
v -0.291356 0.084489 -0.264461
v -0.294791 0.007258 -0.284841
v -0.453913 0.748180 -0.755717
v -0.324205 0.000763 -0.321055
v -0.363340 0.715654 -0.873083
v -0.232174 0.008670 -0.299018
v -0.265942 0.002999 -0.265336
v -0.227308 0.075858 -0.280087
v -0.247747 0.030529 -0.222931
v -0.444284 0.670453 -0.352324
v -0.277422 0.032394 -0.218935
v -0.279344 0.078835 -0.221571
v -0.237664 0.079330 -0.228063
v -0.162252 0.688344 -0.900275
v -0.261107 0.072387 -0.202006
v -0.107448 0.696271 -0.799821
v -0.089007 0.636416 -0.548000
v -0.256962 0.037699 -0.187158
v -0.267343 0.036061 -0.186513
v -0.225295 0.735651 -0.177155
v -0.378584 0.845612 -0.170436
v -0.265434 0.005780 -0.174777
v -0.182206 0.017590 -0.258029
v -0.202545 0.021751 -0.222247
v -0.195898 0.053737 -0.235625
v -0.190662 0.024952 -0.225357
v -0.196337 0.037401 -0.216372
v -0.197435 -0.001297 -0.288512
v -0.213819 0.021470 -0.247888
v -0.261148 0.052664 -0.179878
v -0.075863 0.691976 -0.341211
v -0.167030 0.007498 -0.315764
v -0.169078 0.067404 -0.295694
v -0.199307 0.002217 -0.210066
v -0.157865 0.009300 -0.359747
v -0.434418 0.570138 -0.505243
v -0.224360 0.211466 -0.781384
v -0.443202 0.580737 -0.629584
v -0.418592 0.572987 -0.764796
v -0.157960 0.186517 -0.585197
v -0.183194 0.178444 -0.508093
v -0.266763 0.262158 -0.447245
v -0.345372 0.554732 -0.870231
v -0.184612 0.266490 -0.493549
v -0.384389 0.530276 -0.395589
v -0.201766 0.087590 1.000094
v -0.279521 0.064492 0.926165
v -0.213282 0.186134 0.888805
v -0.123370 0.536066 -0.782835
v -0.287271 0.164610 0.835885
v -0.401437 0.368521 0.771039
v -0.237680 0.131347 1.285865
v -0.231599 0.256684 1.218424
v -0.183093 0.436963 1.080861
v -0.472712 1.332072 -0.882248
v -0.172316 0.114129 1.243818
v -0.164972 0.247783 1.163074
v -0.397408 0.409093 -0.528613
v -0.418461 0.382306 -0.626971
v -0.391674 1.561384 1.686442
v -0.403815 1.796970 1.689373
v -0.398744 1.736843 1.488545
v -0.398957 0.352931 -0.712254
v 0.000000 2.015819 0.498007
v -0.320360 0.315266 -0.799311
v -0.465217 0.979158 0.250775
v -0.375960 0.880540 0.084178
v -0.501779 0.975473 0.044511
v -0.496459 1.050155 -0.191065
v -0.356791 0.409730 -0.431972
v -0.167937 0.836938 0.476077
v -0.130951 0.346074 -0.711617
v -0.340141 0.906943 0.504428
v -0.269422 1.074936 -1.172947
v -0.283535 0.915258 -1.145290
v -0.240699 1.200686 -1.175598
v -0.117788 1.436736 -1.131049
v -0.416797 0.273315 -0.539842
v -0.412919 0.265820 -0.595938
v -0.389566 0.243494 -0.684417
v -0.215680 0.632840 0.084313
v -0.224442 0.716738 0.290292
v -0.344887 0.190369 -0.737205
v -0.379913 0.265497 -0.465869
v -0.192642 0.559321 -0.188756
v -0.236946 0.761667 0.510094
v -0.163518 0.218613 -0.676736
v -0.375404 0.571960 0.665055
v -0.153974 0.263699 -0.572745
v -0.149979 -0.000462 1.454707
v -0.179065 -0.004421 1.481039
v -0.221848 -0.012351 1.427755
v -0.144471 0.060641 1.458025
v -0.166020 0.021397 1.501279
v -0.154932 0.061184 1.493434
v -0.506838 1.231893 0.814785
v -0.461554 1.484897 0.937379
v -0.466471 1.426980 0.788562
v -0.490926 1.250847 0.972748
v -0.446411 1.655411 0.931754
v -0.436202 1.627333 0.776490
v -0.180169 0.052025 1.516916
v -0.181895 0.026900 1.552948
v -0.404729 1.542784 1.081099
v -0.168839 0.016456 1.545843
v -0.188103 0.009018 1.550221
v -0.412140 1.376386 1.134946
v -0.197740 0.020400 1.509266
v -0.409768 1.680435 1.058262
v -0.176693 -0.008274 1.568318
v -0.254530 -0.000819 1.609249
v -0.261467 0.022456 1.585499
v -0.374714 1.845046 0.905585
v -0.264390 1.982114 1.005667
v -0.282703 1.999073 0.853497
v -0.365641 1.867354 1.032326
v -0.251325 0.061864 1.546147
v -0.241741 0.027242 1.583065
v -0.234630 0.025443 1.530081
v -0.125548 2.047179 0.983102
v -0.145392 2.080953 0.823011
v -0.204897 0.069725 1.473595
v -0.214365 -0.001508 1.474851
v -0.270389 0.061862 1.528408
v -0.277453 0.071781 1.490415
v -0.001429 2.076795 0.998956
v -0.001631 2.106396 0.826275
v -0.250057 -0.004239 1.501877
v -0.282067 -0.002537 1.490216
v -0.291508 0.063917 1.527110
v -0.223835 0.067374 1.519144
v -0.264390 1.917009 0.628270
v -0.382465 1.797387 0.777798
v -0.275224 1.957836 0.727119
v -0.349015 -0.003916 1.494915
v -0.336309 0.058264 1.534688
v -0.372205 1.760750 0.713774
v -0.312923 0.056371 1.550539
v -0.299593 0.023456 1.534279
v -0.315191 -0.007957 1.512320
v -0.330553 0.019788 1.541029
v -0.147746 2.008833 0.591795
v -0.142554 2.054167 0.690758
v -0.360053 0.010335 1.576976
v -0.369139 -0.010861 1.599025
v -0.378660 0.006718 1.574872
v -0.312256 0.034853 1.600032
v -0.312780 -0.002281 1.623537
v -0.319299 0.019237 1.593532
v -0.000721 2.086249 0.691418
v 0.000000 2.045967 0.593687
v -0.267120 0.026350 1.537196
v -0.225087 1.934319 1.206363
v -0.294842 1.860824 1.215861
v -0.373213 0.046789 1.542340
v -0.097466 1.979025 1.194055
v -0.394934 0.050455 1.522679
v -0.402496 0.059214 1.481302
v -0.376160 -0.004370 1.506156
v -0.388806 0.017258 1.528343
v -0.403844 -0.000509 1.479426
v -0.011600 1.984261 1.192259
v -0.344683 0.065362 1.496267
v -0.352996 0.055911 1.524051
v -0.359527 0.018813 1.528902
v -0.277700 1.215663 1.194137
v -0.385081 -0.013686 1.435119
v -0.346189 1.705547 1.199977
v -0.427807 -0.007133 1.473004
v -0.317569 1.439072 1.219909
v -0.368562 1.654936 1.328163
v -0.346777 1.588668 1.188045
v -0.327342 1.503236 1.327129
v -0.431068 0.039101 1.507592
v -0.432096 0.023170 1.530597
v -0.422468 0.014297 1.528619
v -0.345417 1.799727 1.325705
v -0.438656 0.009634 1.523247
v -0.441846 0.015430 1.491545
v -0.202926 1.967010 1.343460
v -0.432722 -0.006547 1.550561
v -0.287961 1.906089 1.333938
v -0.373198 0.039695 0.991530
v -0.289978 0.034624 0.938893
v -0.095254 1.991274 1.350492
v -0.407430 -0.007995 1.093780
v -0.445161 0.045721 1.092816
v -0.470226 0.047204 1.200336
v -0.011306 1.993182 1.347997
v -0.221023 0.005141 1.025047
v -0.172775 0.051881 1.097798
v -0.221114 0.042853 0.996676
v -0.134242 0.060579 1.190382
v -0.134720 0.008094 1.222565
v -0.418100 0.015701 1.501017
v -0.494973 1.082547 0.595899
v -0.459138 1.297557 0.541104
v -0.456288 1.089877 0.559856
v -0.129734 0.064220 1.377363
v -0.121984 0.072029 1.271110
v -0.158876 0.105156 1.317390
v -0.531402 1.001444 0.861252
v -0.493676 1.003127 1.021008
v -0.515146 0.770804 0.859029
v -0.462435 0.780952 1.030646
v -0.126048 0.005600 1.309962
v -0.387137 1.222974 1.161125
v -0.447601 -0.006855 1.407102
v -0.478176 0.050634 1.298456
v -0.378547 0.957875 1.156358
v -0.300025 -0.017134 1.231031
v -0.180693 0.010582 1.102769
v -0.452633 0.917735 0.615655
v -0.284110 0.000926 0.993832
v -0.355845 -0.003290 1.015352
v -0.467374 0.589352 0.862253
v -0.439805 0.616911 1.021365
v -0.249693 0.319954 0.693508
v -0.472053 0.392815 0.962738
v -0.438047 0.426600 1.091855
v -0.264885 0.131319 0.813567
v -0.349046 0.455069 1.165093
v -0.364677 0.628606 1.133496
v -0.436966 0.566135 0.723942
v -0.475482 0.762482 0.707298
v -0.316380 -0.002589 -0.515407
v -0.421247 0.017338 -0.629279
v -0.259237 0.013212 -0.703591
v -0.069949 1.031416 1.366662
v -0.275383 0.834883 1.190402
v -0.194111 0.757417 1.143487
v -0.310573 -0.013025 1.441612
v -0.220208 0.378352 0.795978
v -0.032234 1.330652 2.289315
v -0.361192 1.393843 1.143718
v -0.453940 0.004256 1.450405
v -0.469895 0.051809 1.406910
v -0.354450 1.547434 1.508399
v -0.359234 1.869841 1.484577
v -0.255110 1.951135 1.514045
v -0.264357 1.387145 1.528993
v -0.039012 1.589252 2.313555
v -0.044024 1.607723 2.272517
v -0.106191 1.469200 2.234479
v -0.093199 1.552961 2.226700
v -0.119352 1.483774 2.195564
v -0.086570 1.538974 2.258177
v -0.039630 1.694265 2.160737
v -0.035992 1.728273 2.125559
v -0.043329 1.666437 2.191464
v -0.044870 1.637155 2.227264
v -0.107044 1.601877 2.093191
v -0.140666 1.491556 2.075054
v -0.118437 1.551119 2.125996
v -0.157450 1.555745 2.050939
v -0.123175 1.648344 2.060099
v -0.098829 1.660333 2.089203
v -0.075989 1.708713 2.116186
v -0.076389 1.654527 2.136508
v -0.094212 1.612501 2.161377
v -0.126142 1.512340 2.162728
v -0.098718 1.578584 2.195502
v -0.129435 1.455545 2.109698
v -0.073977 1.590369 2.250633
v -0.066309 1.574526 2.286836
v -0.059294 1.688455 2.150308
v -0.070114 1.651809 2.177447
v -0.057539 1.723787 2.120945
v -0.075289 1.618643 2.212305
v -0.151926 1.652985 2.050487
v -0.169543 1.693403 2.048441
v -0.181070 1.675807 2.038619
v -0.063217 1.553590 2.344029
v -0.035702 1.569012 2.375141
v -0.085329 1.524324 2.294477
v -0.079291 1.460959 2.283273
v -0.034408 1.763142 2.115520
v -0.089862 1.754688 2.099344
v -0.060714 1.760451 2.106959
v -0.117416 1.749158 2.096107
v -0.143089 1.747468 2.091783
v -0.169239 1.747861 2.072624
v -0.181128 1.715465 2.026871
v -0.195593 1.739595 2.034449
v -0.118157 1.855360 2.045280
v -0.154747 1.861546 1.996232
v -0.161336 1.848742 2.025775
v -0.110827 1.868920 2.028658
v -0.185337 1.836571 1.979413
v -0.187240 1.826799 2.007251
v -0.204958 1.787968 1.995770
v -0.216689 1.790711 1.968350
v -0.171998 1.713420 2.037086
v -0.210533 1.745008 1.993099
v -0.220369 1.745131 1.975942
v -0.197393 1.710196 2.007964
v -0.203381 1.732294 2.007480
v -0.214770 1.704622 1.989248
v -0.125831 1.911879 1.947379
v -0.200386 1.883368 1.936187
v -0.241702 1.835507 1.923558
v -0.063625 1.847126 2.059764
v -0.074583 1.827754 2.076118
v -0.032958 1.834362 2.074466
v -0.054602 1.913455 1.988047
v -0.119421 1.817526 2.073666
v -0.092728 1.804392 2.081220
v -0.156354 1.819591 2.066203
v -0.183729 1.811147 2.039000
v -0.208257 1.778489 2.018321
v -0.178815 1.608077 2.038236
v -0.200062 1.650760 2.014915
v -0.306560 1.654790 1.916817
v -0.300273 1.547047 1.922825
v -0.275780 1.755803 1.921558
v -0.332227 1.828513 1.817524
v -0.141212 1.467730 2.040460
v -0.245625 1.415932 1.910808
v -0.237213 1.750107 1.959847
v -0.243592 1.698797 1.960286
v -0.241433 1.648770 1.982003
v -0.229762 1.591421 2.009403
v -0.215175 1.540044 2.013361
v -0.190894 1.473115 2.004802
v -0.116485 1.381588 2.123688
v -0.126475 1.419180 2.085372
v -0.072301 1.317015 2.174433
v -0.088947 1.345787 2.110290
v -0.052510 1.299372 2.232106
v -0.025358 1.295636 2.263924
v -0.094696 1.357711 2.052130
v -0.109405 1.344028 1.987715
v -0.124991 1.318325 1.912492
v -0.019727 1.515656 2.394129
v -0.017978 1.488996 2.380932
v -0.022700 1.468345 2.371681
v -0.059416 1.493293 2.344734
v -0.017197 1.445900 2.365949
v -0.043849 1.447308 2.337279
v -0.059765 1.520314 2.378033
v -0.047101 1.528400 2.380943
v -0.047731 1.535780 2.396128
v -0.056061 1.516034 2.364906
v -0.050619 1.495021 2.344156
v -0.031296 1.481159 2.362607
v -0.026202 1.494214 2.373600
v -0.026228 1.514319 2.383044
v -0.040875 1.506807 2.367753
v -0.131029 1.411038 2.030340
v -0.159777 1.405548 1.985126
v -0.033433 1.522852 2.380740
v -0.030874 1.535057 2.400448
v -0.062035 1.537708 2.361800
v -0.042148 1.552613 2.392041
v -0.077216 1.510363 2.313508
v -0.025696 1.552028 2.397491
v -0.010736 1.533712 2.404606
v -0.122442 1.439756 2.162390
v -0.012523 1.420911 2.355963
v -0.033458 1.792199 2.098737
v -0.065008 1.790339 2.093397
v -0.093199 1.783361 2.090689
v -0.120767 1.779563 2.088472
v -0.150566 1.774953 2.086863
v -0.178106 1.770728 2.065576
v -0.202306 1.759667 2.033171
v -0.447256 0.371929 0.835561
v -0.174089 0.387055 0.862434
v -0.237386 2.011343 1.639836
v -0.488892 1.457688 -0.249560
v -0.461531 1.587775 -0.506906
v -0.178408 0.115249 -0.487325
v -0.415035 0.113663 -0.454394
v -0.432180 0.106619 -0.528297
v -0.433554 0.094216 -0.376643
v -0.166235 0.071790 -0.363238
v -0.334333 0.118340 -0.362440
v -0.389345 0.109757 -0.362149
v -0.333819 0.130596 -0.430446
v -0.269768 0.120509 -0.371563
v -0.260230 0.138340 -0.439834
v -0.203163 0.107016 -0.404141
v -0.194639 0.099628 -0.336686
v -0.437331 0.092211 -0.325176
v -0.232870 0.099303 -0.330229
v -0.264596 0.115572 -0.311803
v -0.295087 0.105878 -0.311215
v -0.382502 0.105829 -0.306678
v -0.408511 0.088721 -0.322714
v -0.323791 0.116478 -0.298519
v -0.355017 0.100893 -0.310255
v -0.350764 0.108014 -0.708939
v -0.297917 0.098742 -0.760350
v -0.180140 0.116052 -0.668247
v -0.411658 0.115644 -0.641787
v -0.438579 0.012736 -0.230533
v -0.430022 0.064574 -0.262619
v -0.426716 0.083339 -0.289407
v -0.455497 0.059656 -0.305024
v -0.377824 0.097344 -0.261797
v -0.350465 0.076583 -0.264460
v -0.356758 0.067227 -0.246081
v -0.396080 0.063845 -0.242019
v -0.377464 0.079183 -0.245001
v -0.376083 0.054730 -0.227694
v -0.371066 0.023482 -0.217402
v -0.374123 0.036540 -0.209792
v -0.320171 0.092390 -0.223361
v -0.319125 0.112981 -0.253801
v -0.260123 0.110324 -0.263330
v -0.260028 0.094204 -0.225178
v -0.195888 0.075635 -0.253251
v -0.173248 0.062036 -0.259214
v -0.218348 0.065600 -0.247372
v -0.192611 0.092031 -0.283828
v -0.422048 0.172105 -0.549002
v -0.398863 0.159376 -0.479438
v -0.256373 0.177419 -0.460780
v -0.329890 0.167325 -0.453517
v -0.308275 0.196364 -0.777054
v -0.396132 0.170715 -0.655274
v -0.329395 0.246288 -0.449076
v -0.355472 0.076017 0.977467
v -0.421496 0.199138 0.953695
v -0.366269 0.181526 0.874024
v -0.426245 0.097883 1.052607
v -0.439934 0.213551 1.062591
v -0.451873 0.101526 1.175257
v -0.162022 0.101933 1.099873
v -0.168253 0.201739 0.975291
v -0.138919 0.104088 1.191679
v -0.133382 0.229693 1.086304
v -0.326471 0.126588 1.298387
v -0.329909 0.255921 1.235670
v -0.423364 0.107340 1.259230
v -0.429036 0.235815 1.174532
v -0.521059 1.233917 -0.179470
v -0.555208 1.135090 0.025399
v -0.452515 1.527892 -0.695435
v -0.509898 1.382775 -0.675437
v -0.511984 1.431444 -0.488687
v -0.531362 1.089754 0.223874
v -0.285714 1.413088 1.666020
v -0.433645 1.475239 0.507931
v -0.465326 1.363317 0.621029
v -0.419154 1.547712 0.615214
v -0.280340 1.845536 0.425022
v -0.360586 1.692543 0.591968
v -0.265371 1.878926 0.533283
v -0.375735 1.646040 0.486595
v -0.154745 1.950975 0.388858
v -0.149546 1.980113 0.501384
v -0.521058 1.161641 0.657312
v -0.515394 0.952788 0.692617
v -0.409266 0.970741 0.577974
v -0.478707 1.083635 0.425257
v -0.502975 1.273908 0.387584
v -0.483036 1.447516 0.380608
v -0.418653 1.624614 0.363794
v -0.292091 1.828102 0.309461
v -0.153713 1.932533 0.282719
v -0.423543 0.994861 0.466252
v -0.004134 2.149948 0.854416
v -0.004521 2.115058 1.023249
v -0.002500 2.078558 0.584186
v -0.003332 2.126231 0.693423
v -0.168890 1.344123 -1.159806
v -0.264615 0.758161 -1.094859
v -0.253420 0.628193 -1.025980
v -0.243620 0.483673 -0.982022
v -0.261902 0.304499 -0.883281
v -0.408211 0.761763 0.635601
v -0.145349 0.001562 1.407471
v -0.166827 0.084830 1.463444
v -0.158473 0.091299 1.393232
v -0.207353 0.093409 1.405008
v -0.201148 0.056799 1.502395
v -0.177164 0.071717 1.496739
v -0.253109 0.040135 1.587559
v -0.248733 0.077758 1.521508
v -0.242822 0.090838 1.482722
v -0.240589 0.101612 1.416345
v -0.283012 0.095996 1.425168
v -0.308928 0.089476 1.493366
v -0.315398 0.102113 1.437602
v -0.353335 0.090025 1.428574
v -0.315105 0.074984 1.528897
v -0.301217 0.023445 1.593609
v -0.370471 0.022765 1.582053
v -0.376007 0.065176 1.521838
v -0.373627 0.079322 1.490340
v -0.377999 0.092661 1.430099
v -0.410858 0.080022 1.417703
v -0.453107 0.052449 1.456918
v -0.426865 0.070604 1.460463
v -0.437962 0.079489 1.422467
v -0.411547 0.048840 1.502796
v -0.444894 0.043573 1.489318
v -0.430886 0.057364 1.493727
v -0.241410 0.114912 1.346069
v -0.320052 0.112556 1.357830
v -0.387783 0.102143 1.357095
v -0.436845 0.091538 1.345998
v -0.462290 -0.007188 1.306346
v -0.455523 -0.007299 1.212973
v -0.223572 0.551189 0.551713
v -0.219878 0.014208 -0.671640
v -0.469749 0.012583 -0.435082
v -0.370909 0.777999 1.145974
v -0.061902 1.402754 2.235414
v -0.084486 1.419851 2.165078
v -0.081035 1.391854 2.157450
v -0.056397 1.358943 2.232892
v -0.042508 1.415237 2.288646
v -0.043283 1.353410 2.274526
v -0.084562 1.364300 2.160622
v -0.057799 1.334180 2.214393
v -0.064644 1.378388 2.226263
v -0.084474 1.396569 2.171827
v -0.033206 1.319826 2.260700
v -0.040054 1.363106 2.267839
vt 0.069495 0.944256
vt 0.404564 0.582884
vt 0.266605 0.533302
vt 0.469651 0.551371
vt 0.652779 0.464606
vt 0.764240 0.596749
vt 0.226115 0.443518
vt 0.448964 0.415089
vt 0.545011 0.614159
vn 0.704200 0.072800 0.706200
vn 0.750900 -0.153100 0.642400
vn 0.974300 0.148600 -0.169000
vn 0.627900 -0.276200 0.727600
vn 0.848000 0.103300 0.519900
vn 0.989400 0.037000 0.140200
vn 0.335900 0.032700 0.941300
vn 0.545800 0.197800 0.814200
vn 0.272500 0.923500 0.269900
vn 0.957600 -0.281100 -0.062200
vn 0.882700 -0.076100 -0.463600
vn 0.592200 0.324600 -0.737500
vn 0.631700 -0.533600 0.562300
vn 0.405000 -0.504300 0.762600
vn 0.620400 0.556300 -0.552800
vn 0.427300 0.267100 -0.863800
vn 0.298700 0.413100 -0.860300
vn 0.405400 0.676400 -0.614900
vn 0.375100 0.342400 0.861400
vn 0.765800 -0.156000 0.623800
vn 0.390900 -0.148600 0.908400
vn 0.761800 0.161900 0.627200
vn 0.810300 -0.251700 0.529100
vn 0.830000 0.326400 0.452200
vn 0.653700 0.756500 -0.018100
vn 0.151200 0.813100 -0.562100
vn -0.147100 0.951900 -0.268800
vn 0.199500 0.798200 -0.568400
vn -0.320300 0.926900 -0.195700
vn 0.111100 -0.348800 -0.930600
vn 0.694700 -0.267300 -0.667700
vn 0.701800 -0.363200 -0.612700
vn 0.107400 -0.364300 -0.925000
vn 0.713300 -0.252300 -0.653900
vn 0.069200 -0.262500 -0.962400
vn 0.692000 0.513700 -0.507100
vn -0.651500 -0.333000 0.681600
vn -0.971100 -0.178600 0.158200
vn -0.495500 -0.507200 0.705100
vn 0.950900 0.175800 -0.254500
vn -0.964100 -0.171200 0.202800
vn -0.714800 -0.277000 0.642100
vn 0.991500 0.009900 0.129300
vn 0.990800 0.104200 -0.085600
vn 0.947400 0.317700 -0.038000
vn 0.943100 0.285100 0.170900
vn 0.821600 0.565500 0.071900
vn 0.850600 0.503800 0.150300
vn 0.603000 0.794900 0.066100
vn 0.000000 -0.921000 0.389600
vn 0.762500 -0.597400 0.248100
vn 0.725700 -0.607400 0.323000
vn 0.669600 0.738900 0.075300
vn 0.000000 -0.891800 0.452300
vn 0.349200 0.935500 0.053900
vn 0.377600 0.925300 0.034600
vn 0.000000 0.997700 0.067000
vn 0.161600 -0.944600 0.285700
vn 0.456300 -0.682700 -0.570700
vn -0.327800 -0.944700 0.005700
vn 0.000000 0.999700 0.025400
vn 0.000000 -0.987000 0.160700
vn 0.000000 -0.973800 0.227500
vn 0.357400 -0.902800 0.239100
vn 0.315500 -0.943800 0.098700
vn -0.446500 0.201700 0.871700
vn -0.258400 -0.100300 0.960800
vn -0.869100 -0.116200 0.480800
vn 0.629300 -0.765800 0.132300
vn 0.973700 0.226700 0.020900
vn 0.948500 0.312600 -0.050300
vn -0.854400 0.202800 0.478300
vn -0.998600 -0.051100 -0.014800
vn -0.997400 0.071200 0.010900
vn 0.820800 0.567200 -0.067500
vn 0.591400 0.805500 -0.036000
vn 0.377700 0.925800 -0.009900
vn 0.000000 1.000000 -0.003500
vn 0.000000 -0.997000 0.077600
vn 0.157900 -0.971100 0.178700
vn 0.808700 0.579600 -0.099600
vn 0.589300 0.785100 -0.190700
vn 0.324400 0.909100 -0.261100
vn 0.645800 -0.569800 0.508300
vn 0.688200 -0.008600 0.725500
vn 0.485400 -0.349600 0.801400
vn 0.000000 0.956300 -0.292300
vn 0.774000 0.574700 -0.265800
vn 0.580200 -0.478000 0.659400
vn 0.463500 0.780800 -0.419000
vn 0.674900 -0.275100 0.684700
vn 0.584300 -0.128600 0.801200
vn 0.602300 -0.128800 0.787800
vn 0.514900 -0.243400 0.821900
vn 0.226900 0.848000 -0.478900
vn 0.000000 0.867400 -0.497500
vn 0.844400 0.327000 -0.424300
vn 0.550000 0.084100 -0.830900
vn 0.191100 0.745900 -0.638000
vn 0.918200 0.125500 0.375600
vn 0.925000 -0.251500 0.284800
vn 0.940200 -0.336600 -0.051900
vn 0.790200 -0.582800 0.189200
vn 0.812400 -0.573700 -0.103800
vn 0.892700 -0.433200 0.123800
vn 0.654400 0.419900 0.628700
vn 0.668400 0.461000 0.583600
vn 0.781700 -0.491700 0.383500
vn 0.138100 0.041700 -0.989500
vn -0.089300 -0.097800 -0.991200
vn 0.585500 0.269300 -0.764600
vn 0.128800 0.227300 -0.965200
vn 0.086800 0.477400 -0.874400
vn 0.326800 0.493500 -0.806000
vn 0.839800 0.225000 -0.494000
vn 0.597100 0.481000 -0.641900
vn 0.000000 0.340400 -0.940300
vn 0.455700 -0.842700 0.286600
vn 0.521800 -0.853000 -0.007900
vn 0.000000 0.553500 -0.832800
vn 0.704400 -0.471100 0.530900
vn 0.000000 -0.484700 0.874700
vn 0.000000 -0.980300 0.197700
vn 0.743300 -0.456300 -0.489100
vn 0.000000 -0.584400 -0.811500
vn 0.000000 0.713900 -0.700200
vn 0.601600 -0.182100 0.777700
vn 0.544800 0.166600 0.821800
vn 0.580300 -0.330500 0.744300
vn 0.000000 -0.943400 -0.331600
vn 0.000000 -0.088500 0.996100
vn 0.858100 0.004000 0.513400
vn 0.741400 0.169800 -0.649200
vn 0.000000 0.160400 -0.987000
vn 0.000000 -0.124500 0.992200
vn 0.831800 -0.063800 0.551400
vn 0.786500 0.019300 -0.617200
vn 0.735800 -0.677100 0.012800
vn 0.910300 0.413900 0.005900
vn 0.923500 0.375600 0.078200
vn 0.000000 -0.030900 -0.999500
vn 0.188200 0.703700 -0.685100
vn 0.983200 0.182400 -0.003500
vn 0.957200 0.120400 0.263000
vn 0.928400 -0.183700 0.322900
vn 0.997600 -0.014300 0.067400
vn 0.969000 0.173900 -0.175500
vn 0.982700 0.013100 -0.184500
vn 0.759000 -0.635500 -0.141600
vn 0.589600 -0.730200 -0.345200
vn 0.910900 0.051200 -0.409300
vn 0.933100 0.062300 -0.354000
vn 0.947800 0.302500 -0.100600
vn 0.933000 -0.055000 -0.355500
vn 0.435600 -0.754400 -0.490900
vn 0.697900 -0.010000 -0.716100
vn 0.302100 -0.324300 -0.896400
vn 0.068400 -0.212100 -0.974800
vn 0.663600 -0.087200 -0.743000
vn 0.822600 -0.332000 0.461600
vn 0.970200 -0.230600 0.074100
vn 0.968900 -0.187300 -0.161400
vn 0.900200 -0.239600 -0.363500
vn -0.653000 0.195800 0.731600
vn -0.558200 -0.683900 0.469700
vn 0.165100 0.148000 0.975100
vn 0.033600 -0.971500 0.234700
vn 0.659800 -0.748600 0.064400
vn 0.688300 -0.574400 0.443000
vn 0.000000 -0.657500 -0.753400
vn 0.000000 -0.536500 -0.843900
vn -0.066000 -0.432700 -0.899100
vn 0.314600 0.722700 0.615400
vn -0.290900 -0.636300 -0.714400
vn 0.000000 -0.105100 -0.994400
vn 0.055600 -0.326600 -0.943500
vn 0.000000 -0.413300 -0.910600
vn 0.082600 -0.083600 -0.993100
vn -0.488400 -0.398300 -0.776400
vn -0.930600 -0.349800 0.107100
vn 0.877600 -0.404400 0.257200
vn 0.005000 -0.971300 0.237900
vn -0.614600 -0.397700 -0.681200
vn 0.599300 -0.589700 0.541400
vn -0.088500 0.492400 0.865800
vn -0.125000 0.315800 0.940500
vn 0.000000 -0.960400 -0.278700
vn 0.000000 -0.855500 -0.517800
vn -0.347900 -0.762900 -0.544800
vn -0.339600 -0.920500 -0.193100
vn -0.841200 0.258200 0.475100
vn -0.709000 -0.565300 0.421400
vn 0.768400 0.359700 0.529400
vn 0.936600 -0.342500 0.073600
vn 0.941600 -0.302700 -0.147700
vn -0.095700 0.843300 0.528900
vn -0.037700 -0.970300 0.238800
vn 0.880700 -0.267800 -0.390600
vn 0.765000 -0.427600 0.481600
vn 0.779300 0.394200 0.487200
vn 0.706700 -0.541300 0.455500
vn -0.636700 -0.282000 -0.717700
vn -0.931900 -0.224200 -0.284900
vn -0.036400 0.438400 0.898000
vn -0.969300 -0.210900 0.126600
vn -0.672900 -0.598800 0.434300
vn 0.919900 -0.377400 0.106600
vn -0.906200 -0.373900 0.197400
vn 0.092000 -0.956300 0.277400
vn -0.185300 0.371800 0.909600
vn -0.905900 -0.339500 0.253000
vn -0.052800 0.537500 0.841600
vn -0.221600 -0.816200 0.533500
vn -0.066700 -0.971200 0.228700
vn 0.670700 -0.561800 0.484200
vn -0.679900 -0.603400 0.416600
vn 0.333000 -0.868400 0.367400
vn 0.717500 -0.619500 0.318400
vn -0.058600 0.545200 0.836300
vn 0.000000 -0.974000 -0.226700
vn 0.086100 -0.968000 -0.235500
vn 0.066600 -0.969700 0.235100
vn 0.084500 -0.901200 0.424900
vn -0.929600 0.338500 0.145400
vn -0.781500 -0.612600 0.118300
vn -0.738300 -0.659200 0.142800
vn 0.937300 -0.304800 0.168600
vn 0.975200 -0.212600 -0.061800
vn 0.907900 -0.158900 -0.387900
vn -0.823600 0.062300 0.563600
vn -0.231600 -0.178300 0.956300
vn -0.766500 -0.129000 0.629100
vn 0.721500 -0.407600 0.559600
vn -0.341900 -0.252300 -0.905200
vn -0.037600 -0.373800 0.926800
vn -0.933600 -0.145900 -0.327200
vn 0.333800 -0.541800 -0.771300
vn 0.184600 -0.414900 -0.890900
vn 0.559300 -0.397200 -0.727600
vn -0.257700 0.789900 0.556300
vn -0.424600 0.378600 0.822400
vn -0.806100 0.282200 0.520200
vn 0.954200 -0.068800 0.291000
vn 0.997400 -0.068900 -0.019000
vn 0.899000 -0.180600 -0.398800
vn 0.096900 -0.448900 0.888300
vn 0.661900 -0.242200 0.709400
vn 0.657300 -0.753500 0.009100
vn 0.309200 -0.947900 0.076600
vn -0.472100 -0.351500 -0.808400
vn -0.951300 -0.217900 -0.218100
vn 0.127800 0.453400 -0.882100
vn 0.975200 0.058800 0.213400
vn 0.987000 -0.044400 -0.154500
vn 0.899700 -0.124200 -0.418500
vn 0.608500 -0.255500 -0.751300
vn 0.764500 -0.148700 -0.627300
vn 0.678900 -0.010500 0.734200
vn -0.457300 -0.292700 -0.839700
vn -0.940200 -0.219600 -0.260400
vn 0.464100 -0.271500 -0.843100
vn 0.508200 -0.547300 0.664900
vn 0.741800 -0.605000 0.289200
vn 0.349300 -0.521000 0.778800
vn -0.971700 -0.127200 0.199000
vn 0.241600 -0.275000 -0.930600
vn -0.722500 -0.663500 0.194300
vn -0.084700 -0.995000 0.053300
vn -0.182900 -0.884400 0.429300
vn 0.000000 -0.957800 0.287300
vn 0.000000 -0.969200 0.246100
vn 0.986500 0.162300 0.022400
vn 0.980900 0.177900 -0.078400
vn 0.980500 0.123800 0.152500
vn 0.956800 0.101700 0.272300
vn 0.956900 0.238500 -0.165800
vn 0.975200 0.212000 0.063100
vn -0.506700 -0.778100 0.371000
vn 0.000000 -0.947000 0.321200
vn 0.895100 0.057500 0.442100
vn -0.764900 -0.458100 0.452800
vn 0.803300 -0.585900 0.106500
vn -0.948100 -0.225900 0.223800
vn 0.656100 0.159100 0.737700
vn 0.708800 -0.458800 0.535800
vn 0.931600 0.146600 0.332600
vn 0.889000 0.455300 -0.048300
vn 0.702400 0.711400 -0.024200
vn 0.577400 0.789200 0.209300
vn 0.850400 0.497400 0.171400
vn 0.361000 0.932500 0.005500
vn 0.316700 0.906400 0.279500
vn 0.512700 0.858500 0.011200
vn 0.511500 0.816200 0.268800
vn 0.000000 0.940600 0.339500
vn 0.000000 0.982900 0.184200
vn -0.085400 -0.888300 0.451200
vn -0.083300 -0.898400 0.431100
vn 0.758700 0.590400 -0.275400
vn 0.746000 0.607900 -0.271900
vn 0.900400 0.386200 -0.200300
vn 0.888100 0.348500 -0.299500
vn 0.447100 0.837900 -0.312900
vn 0.403500 0.868200 -0.288700
vn -0.955400 -0.275200 0.106900
vn 0.807700 -0.587900 0.043500
vn -0.019700 -0.741200 0.671000
vn -0.766800 -0.431800 0.474800
vn 0.633500 -0.518400 0.574300
vn 0.829700 -0.557100 0.034100
vn 0.504000 0.829800 -0.239600
vn 0.000000 0.999900 0.009100
vn 0.000000 0.986700 -0.162200
vn 0.000000 0.954900 -0.296900
vn 0.535800 0.837200 0.109600
vn 0.849700 0.516300 0.107100
vn 0.192700 0.972700 0.129200
vn 0.151300 -0.854500 0.497000
vn 0.327900 0.821500 0.466500
vn 0.803600 0.346500 0.483900
vn 0.045900 0.988100 0.146900
vn 0.000000 0.989500 0.144200
vn 0.000000 0.907000 0.421000
vn 0.133400 0.883600 0.448700
vn -0.769400 -0.482300 0.418700
vn -0.733100 0.400700 0.549500
vn 0.000000 -0.947600 0.319300
vn 0.565900 -0.508400 0.649000
vn 0.429600 -0.017800 0.902800
vn 0.815100 -0.411500 0.407700
vn 0.046600 -0.926500 0.373300
vn 0.054100 -0.995600 0.076300
vn 0.112400 -0.890600 0.440700
vn 0.976100 0.130800 0.173300
vn 0.902100 -0.241100 0.357900
vn 0.971400 -0.061900 0.228900
vn 0.990600 -0.043200 -0.129600
vn 0.237900 -0.893000 0.382000
vn 0.837400 -0.504600 0.210100
vn 0.780300 -0.464200 0.419000
vn 0.926500 -0.372100 0.056900
vn 0.908300 0.354800 -0.221400
vn -0.625900 -0.537400 0.565100
vn 0.786300 -0.617800 -0.002400
vn -0.938600 -0.177800 0.295600
vn 0.410500 0.907300 -0.091000
vn 0.740700 0.661200 -0.118300
vn 0.134700 0.989300 -0.054600
vn 0.447000 -0.854300 -0.265100
vn 0.662700 -0.285200 -0.692400
vn 0.909700 -0.200700 -0.363400
vn 0.629700 -0.770000 -0.102600
vn 0.993400 0.074900 -0.086200
vn 0.017700 0.999100 -0.039300
vn 0.020100 0.562500 0.826600
vn 0.000000 0.999100 -0.041800
vn 0.000000 0.998100 -0.060900
vn -0.531200 -0.752900 -0.388400
vn -0.655000 -0.704100 -0.274300
vn -0.901800 -0.217100 -0.373500
vn -0.704700 -0.419400 -0.572200
vn 0.856000 -0.500200 0.130000
vn -0.161900 -0.907700 -0.387200
vn 0.820100 -0.127200 -0.557800
vn 0.916800 -0.213400 -0.337400
vn 0.993100 0.116200 -0.013800
vn 0.899800 -0.020400 0.435700
vn 0.996300 -0.003300 0.085200
vn 0.877300 -0.134000 0.460900
vn 0.981800 -0.183200 0.048500
vn 0.244400 0.094100 0.965100
vn 0.614800 0.063100 0.786200
vn 0.588100 -0.808200 0.031100
vn 0.653700 -0.756000 0.032700
vn 0.973000 0.230600 0.004600
vn 0.184200 -0.156300 0.970400
vn 0.635900 -0.059500 0.769500
vn 0.930300 -0.000600 0.366800
vn 0.992400 -0.121400 -0.017800
vn 0.783700 -0.266400 -0.561000
vn 0.875400 0.114500 0.469600
vn 0.997100 -0.069000 0.031200
vn 0.856200 -0.326400 -0.400500
vn 0.312000 0.198400 0.929100
vn 0.571500 0.020000 0.820300
vn 0.834000 -0.217100 -0.507200
vn 0.858400 -0.232300 -0.457400
vn -0.759800 -0.624000 -0.182000
vn -0.653700 -0.731600 -0.193400
vn 0.010900 -0.999000 -0.042600
vn -0.831700 -0.553700 -0.040900
vn -0.040000 -0.998700 0.029900
vn -0.380200 -0.161600 0.910600
vn -0.938100 -0.342700 0.049300
vn -0.657100 -0.353000 0.666000
vn -0.664400 -0.325400 0.672700
vn 0.055000 -0.245300 0.967900
vn -0.898700 -0.257700 -0.354900
vn -0.972900 -0.210200 0.095700
vn -0.919500 -0.170000 -0.354500
vn -0.865900 -0.158800 -0.474300
vn -0.017500 -0.996100 0.086400
vn -0.072200 -0.888500 0.453100
vn 0.748800 0.386700 0.538300
vn -0.098200 0.613400 0.783600
vn 0.464900 0.521900 0.715100
vn 0.000000 0.999900 0.014800
vn 0.000000 0.524200 0.851600
vn 0.577500 0.064100 0.813800
vn 0.984200 0.051900 -0.169300
vn 0.918200 -0.383100 -0.100000
vn 0.805700 0.538700 -0.246200
vn 0.087400 0.983600 -0.157800
vn 0.383400 0.870000 -0.310000
vn 0.008300 0.997400 -0.071200
vn 0.000000 0.998400 -0.057300
vn 0.812600 -0.582200 -0.025700
vn 0.550300 0.754400 0.357700
vn 0.568000 0.699700 0.433200
vn 0.000000 0.861400 0.507800
vn 0.000000 0.909900 0.414800
vn 0.930400 -0.058700 0.361600
vn 0.957600 0.026500 0.286800
vn 0.918300 0.218700 0.329800
vn 0.938100 0.257000 0.232000
vn 0.368100 0.707600 0.603100
vn 0.240700 0.504300 0.829300
vn 0.000000 0.577100 0.816600
vn 0.000000 0.823800 0.566900
vn 0.000000 0.825600 0.564300
vn 0.490900 0.670700 0.556000
vn 0.533700 0.693400 0.484200
vn 0.000000 0.847700 0.530400
vn 0.875000 0.246200 0.416900
vn 0.951400 0.288100 0.108600
vn 0.974200 -0.063100 0.216400
vn 0.621800 -0.016300 0.783000
vn 0.594800 -0.073100 0.800500
vn 0.772900 -0.006600 0.634500
vn 0.664600 0.214400 0.715700
vn 0.900800 0.320900 0.292300
vn 0.904600 0.386400 0.179800
vn 0.970200 0.138600 0.198900
vn 0.912000 0.302500 0.277000
vn 0.977100 -0.151800 0.149100
vn 0.817900 0.485700 0.308300
vn 0.813600 0.441800 0.377800
vn 0.772000 0.525100 0.358000
vn 0.689000 0.487300 0.536400
vn 0.390900 0.438800 0.809100
vn 0.770300 0.511600 0.380600
vn 0.433700 -0.901000 0.004600
vn 0.487400 -0.827600 0.278300
vn 0.000000 -0.998700 0.050400
vn 0.000000 -0.980500 -0.196500
vn 0.385400 -0.080800 0.919200
vn 0.512500 -0.040500 0.857700
vn 0.681800 0.017800 0.731300
vn 0.487700 0.213400 0.846500
vn 0.478200 0.751400 0.454700
vn 0.844500 0.442700 0.301200
vn 0.953100 0.134000 0.271500
vn 0.874400 -0.190100 0.446400
vn 0.258000 0.385500 0.885900
vn 0.000000 0.379800 0.925000
vn 0.267000 0.207300 0.941100
vn 0.286800 0.355400 0.889600
vn 0.146100 0.067700 0.986900
vn 0.408900 -0.187600 0.893000
vn 0.653500 -0.281600 0.702600
vn 0.730300 -0.210500 0.649900
vn 0.779100 -0.360800 0.512600
vn 0.228100 0.749400 0.621600
vn 0.536200 0.753900 0.379600
vn 0.526700 0.731900 0.432200
vn 0.275800 0.786500 0.552500
vn 0.821900 0.530400 0.207600
vn 0.753000 0.470000 0.460500
vn 0.936400 0.298100 0.184900
vn 0.764800 0.269500 0.585100
vn 0.760600 -0.124200 0.637300
vn 0.916000 -0.002300 0.401200
vn 0.761300 0.137100 0.633800
vn 0.799000 -0.048900 0.599300
vn 0.930900 -0.228000 0.285200
vn 0.735800 0.092900 0.670800
vn 0.332000 0.772900 0.540600
vn 0.564100 0.569000 0.598400
vn 0.692900 0.359500 0.625000
vn 0.063700 0.710200 0.701000
vn 0.108700 0.521900 0.846000
vn 0.048700 0.625800 0.778500
vn 0.044300 0.823000 0.566300
vn 0.000000 0.813400 0.581700
vn 0.000000 0.684500 0.729000
vn -0.073700 0.986900 0.143100
vn 0.135100 0.472100 0.871100
vn 0.173700 0.368500 0.913200
vn 0.448800 0.507800 0.735300
vn 0.770600 0.421900 0.477600
vn 0.949300 0.181800 0.256500
vn 0.519200 0.049700 0.853200
vn 0.710400 0.096800 0.697000
vn 0.739500 0.095000 0.666300
vn 0.765500 -0.196400 0.612700
vn 0.701700 0.229500 0.674500
vn 0.746300 0.356600 0.562000
vn 0.415000 0.758200 0.502800
vn 0.201100 0.855000 0.478000
vn 0.116200 0.983200 0.140300
vn 0.611700 0.527000 0.590000
vn -0.034400 0.895400 0.444000
vn 0.000000 0.903600 0.428300
vn 0.000000 0.991000 0.133900
vn 0.850000 -0.270400 0.451900
vn 0.656100 -0.520700 0.546200
vn 0.679800 0.147600 0.718400
vn 0.675600 0.171900 0.716800
vn 0.638400 0.046700 0.768200
vn 0.638900 0.242000 0.730200
vn 0.625400 -0.210600 0.751300
vn 0.619600 -0.380400 0.686600
vn 0.936500 -0.325100 0.131100
vn 0.877400 -0.300700 0.373800
vn 0.959200 -0.273400 0.071500
vn 0.543900 -0.824500 -0.155800
vn 0.617500 -0.777000 -0.122200
vn 0.536800 -0.836000 0.113700
vn 0.433300 -0.531100 0.728200
vn 0.349100 -0.845400 0.404100
vn 0.000000 -0.576000 0.817400
vn 0.000000 -0.875900 0.482300
vn 0.000000 -0.968400 -0.249500
vn 0.000000 -0.990000 -0.141200
vn 0.000000 -0.997300 -0.072400
vn 0.000000 -0.992700 0.120700
vn 0.678900 -0.727100 0.102100
vn 0.000000 -0.992600 0.121600
vn 0.000000 -0.946700 0.322200
vn 0.552800 -0.739800 0.383500
vn 0.000000 -0.934900 0.354900
vn 0.457300 -0.801800 0.384800
vn 0.000000 -0.962600 0.270800
vn 0.572500 -0.448900 0.686100
vn 0.000000 -0.358200 0.933600
vn 0.000000 -0.442700 0.896600
vn 0.635400 -0.319100 0.703100
vn 0.000000 -0.481500 0.876400
vn 0.584400 -0.265800 0.766700
vn 0.681800 -0.278400 0.676500
vn 0.427700 -0.346400 0.834900
vn 0.762300 -0.300400 0.573200
vn 0.000000 -0.439200 0.898400
vn 0.537300 -0.578300 0.613900
vn 0.620500 -0.199500 0.758400
vn 0.008000 -0.830700 0.556700
vn -0.242600 -0.732100 0.636500
vn 0.288900 -0.116700 0.950200
vn 0.712600 -0.106200 0.693500
vn 0.681400 -0.317900 0.659300
vn 0.724700 -0.372400 0.579800
vn 0.564900 -0.485400 0.667200
vn 0.856900 -0.386200 0.341400
vn 0.645200 -0.458800 0.610900
vn 0.337300 -0.217000 0.916000
vn 0.491000 -0.594900 0.636300
vn 0.558800 0.540700 0.628800
vn 0.924600 0.209500 0.318000
vn 0.925600 -0.108000 0.362800
vn 0.000000 0.567200 0.823500
vn 0.194300 0.507700 0.839300
vn 0.000000 0.792900 0.609300
vn 0.000000 -0.001600 1.000000
vn 0.245800 -0.042400 0.968400
vn 0.868100 -0.402100 0.290900
vn 0.960000 -0.242400 0.139800
vn 0.852200 -0.279600 0.442200
vn 0.685600 -0.413600 0.599000
vn 0.219600 -0.571100 0.790900
vn 0.263300 -0.882400 0.389800
vn 0.000000 -0.645500 0.763700
vn 0.198800 0.493100 0.846900
vn 0.000000 0.540300 0.841500
vn 0.171500 0.387800 0.905600
vn 0.111300 0.293100 0.949600
vn 0.155200 0.326700 0.932300
vn 0.377100 0.199500 0.904400
vn 0.737600 0.097200 0.668100
vn 0.883300 -0.065300 0.464200
vn 0.900600 -0.253400 -0.353100
vn -0.675600 -0.283200 -0.680700
vn -0.907500 -0.160500 -0.388100
vn -0.165100 0.711200 0.683300
vn -0.020400 0.964800 -0.262000
vn 0.078600 0.965000 0.249900
vn 0.944200 0.292000 0.152000
vn 0.909900 0.412200 -0.045900
vn 0.931500 0.363800 0.003100
vn 0.648000 0.716600 0.258000
vn 0.535000 0.841000 0.080800
vn 0.098300 0.980700 0.169200
vn 0.267200 0.948900 0.167900
vn 0.172900 0.837400 0.518400
vn -0.130200 0.969800 0.205900
vn -0.251500 0.766600 0.590800
vn -0.464600 0.866200 0.183800
vn -0.879400 0.469400 0.079700
vn -0.375800 0.916500 0.137300
vn -0.882800 0.461000 0.090000
vn 0.393700 0.903200 0.170800
vn -0.313900 0.927100 0.204800
vn -0.057400 0.988300 0.141500
vn -0.076900 0.976700 0.200400
vn 0.276600 0.940300 0.198300
vn 0.265500 0.930100 0.253600
vn 0.131400 0.982100 0.135200
vn 0.129300 0.961300 0.243300
vn 0.262200 -0.152400 -0.952900
vn 0.706500 0.029600 -0.707100
vn -0.765000 -0.377500 -0.521700
vn -0.910300 -0.196100 -0.364500
vn -0.565200 -0.276000 -0.777300
vn -0.338400 -0.481900 -0.808200
vn -0.930300 -0.257800 -0.260900
vn -0.998800 -0.035100 -0.033800
vn 0.888300 0.219400 -0.403500
vn 0.846200 -0.523400 0.099100
vn -0.070900 0.645000 0.760800
vn 0.229500 -0.684200 0.692200
vn -0.853600 -0.452900 0.257200
vn 0.233000 0.697900 0.677200
vn 0.786600 0.366500 0.496900
vn 0.148000 0.883200 0.444900
vn 0.905800 0.317100 0.281000
vn 0.168900 0.847000 0.503900
vn 0.169100 0.769000 0.616400
vn -0.676200 -0.605700 0.419400
vn -0.780100 0.217900 0.586500
vn 0.036500 -0.950100 0.309700
vn 0.755700 0.346400 0.555700
vn 0.139800 0.697700 0.702500
vn -0.085400 0.266600 0.960000
vn -0.912900 -0.407600 -0.020000
vn -0.135800 0.511300 0.848600
vn -0.045500 -0.921900 0.384600
vn 0.838800 -0.506700 0.199200
vn 0.053400 0.779800 0.623700
vn 0.043600 0.932700 0.358000
vn -0.049800 0.966000 0.253500
vn -0.296600 0.833300 0.466400
vn -0.001400 0.862200 0.506500
vn -0.845600 0.322200 0.425500
vn 0.873600 -0.462400 0.151700
vn -0.137500 0.791700 0.595200
vn -0.864700 0.255700 0.432400
vn 0.638100 0.415900 0.647800
vn -0.205300 0.940400 0.271000
vn -0.062400 -0.935100 0.348700
vn 0.995800 0.090800 0.011500
vn 0.691800 0.325600 0.644500
vn 0.148800 0.259700 0.954200
vn -0.342400 0.161400 0.925600
vn -0.994200 -0.067600 0.083000
vn 0.926600 0.050500 -0.372700
vn 0.151500 -0.101700 0.983200
vn 0.591600 -0.801200 0.089600
vn 0.872400 -0.435400 -0.222000
vn 0.807800 -0.576900 0.121300
vn 0.655000 -0.297500 -0.694600
vn 0.619900 -0.520800 -0.586900
vn 0.880900 -0.350000 -0.318500
vn 0.907700 -0.134400 -0.397500
vn 0.997600 -0.061700 -0.030200
vn 0.977700 0.205800 0.040500
vn -0.932800 -0.200700 -0.299100
vn -0.904800 -0.260800 -0.336700
vn -0.741900 -0.370700 -0.558700
vn -0.834100 -0.323700 -0.446700
vn -0.964400 0.258900 0.053600
vn -0.999200 0.012300 0.037000
vn -0.097800 -0.565900 -0.818600
vn 0.173800 0.790900 0.586700
vn 0.189500 0.384100 0.903600
vn 0.693700 0.641900 0.326500
vn 0.855600 0.233100 0.462200
vn -0.640100 0.683700 0.350500
vn 0.987000 -0.154000 -0.046400
vn 0.996300 -0.005200 0.085800
vn 0.917900 0.357100 -0.172900
vn 0.948200 0.265500 -0.174100
vn 0.921100 0.139700 -0.363300
vn 0.956400 0.291400 -0.019800
vn 0.946600 -0.282700 0.155000
vn 0.957600 0.264300 0.114100
vn 0.954300 0.272400 -0.123000
vn 0.971900 0.201600 -0.121700
vn 0.794300 0.605100 -0.054400
vn 0.789700 0.590200 -0.167100
vn 0.914000 0.372400 -0.161000
vn 0.909400 0.410500 0.067400
vn 0.473000 0.863000 -0.177200
vn 0.464800 0.854100 -0.233300
vn 0.000000 0.976700 -0.214700
vn 0.976800 0.091000 -0.193900
vn 0.938400 -0.153500 -0.309300
vn 0.563700 -0.290600 -0.773100
vn 0.768200 -0.621300 0.154500
vn 0.830200 -0.557100 0.019000
vn 0.937000 -0.319400 0.141500
vn 0.642400 -0.548900 -0.534800
vn 0.961600 0.040700 0.271200
vn 0.941300 -0.274300 0.196400
vn 0.934200 0.247500 0.256900
vn 0.872000 0.448700 0.195300
vn 0.749600 0.660600 0.042000
vn 0.443600 0.893900 -0.063700
vn 0.000000 0.994200 -0.107000
vn 0.000000 -0.994600 0.103400
vn 0.809200 -0.581100 0.086700
vn 0.998400 -0.056300 -0.005100
vn 0.997600 -0.051400 -0.046000
vn 0.997300 -0.069700 0.021700
vn 0.997800 -0.065100 0.010100
vn 0.615500 0.210500 -0.759500
vn 0.421700 0.345300 -0.838400
vn 0.815400 -0.205100 -0.541300
vn 0.792200 -0.234500 -0.563400
vn 0.443500 -0.223400 -0.868000
vn 0.143900 -0.233600 -0.961600
vn -0.936300 0.265500 0.230000
vn -0.941700 0.298400 0.155300
vn -0.700200 -0.709900 0.076000
vn -0.131100 0.899200 0.417300
vn -0.421900 0.888200 0.181900
vn -0.220700 0.951800 0.212700
vn -0.221700 0.946700 0.233600
vn -0.025200 0.841000 0.540400
vn 0.713800 0.422300 0.558600
vn -0.793300 0.327600 0.513100
vn -0.084700 0.553800 0.828300
vn 0.176200 0.649200 0.739900
vn -0.112100 -0.791100 0.601300
vn 0.894900 -0.441700 0.063400
vn 0.119800 0.757700 0.641500
vn 0.049200 -0.778600 0.625500
vn -0.920700 -0.259800 0.291200
vn 0.742400 -0.484500 0.462700
vn -0.006300 0.669100 0.743100
vn 0.047900 0.904000 0.424900
vn -0.751700 0.414400 0.513000
vn 0.780400 0.421900 0.461500
vn -0.025900 0.969400 0.244100
vn -0.013300 0.900400 0.434700
vn -0.083100 0.975800 0.202100
vn -0.100800 0.967000 0.233700
vn -0.081400 -0.919700 0.384000
vn 0.079600 0.973700 0.213500
vn 0.006800 0.947800 0.318600
vn 0.097500 0.969300 0.225500
vn 0.081600 0.871000 0.484400
vn -0.761200 0.381000 0.524700
vn -0.956100 -0.241500 0.166000
vn 0.040900 -0.703000 0.710000
vn 0.118100 0.767300 0.630300
vn 0.085100 0.710400 0.698600
vn 0.164900 0.846200 0.506600
vn 0.135000 0.935900 0.325300
vn 0.175800 0.961100 0.212900
vn 0.195900 0.953000 0.230900
vn 0.854400 0.417900 0.308700
vn 0.375600 0.902200 0.212000
vn 0.180700 0.928800 0.323300
vn 0.961000 0.238000 0.140700
vn 0.293800 0.793400 0.533100
vn 0.854900 0.257400 0.450500
vn -0.566200 0.353400 0.744600
vn 0.317900 0.419100 0.850400
vn 0.052900 -0.686400 0.725200
vn 0.231500 0.717100 0.657400
vn -0.965200 -0.058500 -0.254800
vn -0.097800 0.966000 0.239200
vn -0.488300 0.863700 0.124200
vn 0.087600 0.974500 0.206600
vn 0.198500 0.964800 0.172200
vn 0.497800 0.859600 0.115000
vn -0.753600 -0.657200 0.014300
vn -0.939900 0.341300 -0.004500
vn -0.045200 -0.998500 -0.029600
vn 0.800400 -0.204100 -0.563500
vn 0.021100 -0.999800 0.006100
vn 0.022900 -0.998200 0.055800
vn -0.528800 -0.776100 -0.343500
vn -0.254300 -0.857100 -0.447900
vn -0.407800 0.880700 0.240900
vn 0.664900 -0.198500 -0.720000
vn 0.012900 -0.564300 -0.825500
vn 0.616300 -0.748700 0.244100
vn 0.000000 -0.978800 0.204600
vn 0.000000 -0.775600 0.631200
vn 0.608700 -0.101000 0.787000
vn 0.939500 -0.141500 0.311900
vn 0.951000 -0.171300 0.257300
vn 0.947600 -0.187300 0.258700
vn 0.948300 -0.110600 0.297500
vn 0.773200 -0.144100 0.617500
vn 0.828500 -0.135500 0.543400
vn 0.000000 -0.258300 0.966000
vn 0.000000 -0.309200 0.951000
vn 0.935700 -0.154600 0.317100
vn 0.903100 -0.218500 0.369700
vn 0.896600 -0.230300 0.378200
vn 0.945200 -0.104800 0.309300
vn 0.702400 -0.232900 0.672600
vn 0.653700 -0.210300 0.726900
vn 0.000000 -0.210300 0.977600
vn 0.000000 -0.190200 0.981700
vn -0.709500 -0.482800 0.513400
vn -0.545800 0.197800 0.814200
vn -0.653700 0.756500 -0.018100
vn -0.704200 0.072800 0.706200
vn -0.974300 0.148600 -0.169000
vn -0.151200 0.813100 -0.562100
vn -0.592200 0.324600 -0.737500
vn -0.750900 -0.153100 0.642400
vn -0.957600 -0.281100 -0.062200
vn -0.627900 -0.276200 0.727600
vn -0.272500 0.923500 0.269900
vn 0.407800 0.880700 0.240900
vn 0.147100 0.951900 -0.268800
vn 0.103100 0.580100 0.808000
vn -0.631700 -0.533600 0.562300
vn -0.405000 -0.504300 0.762600
vn -0.335900 0.032700 0.941300
vn -0.765800 -0.156000 0.623800
vn -0.375100 0.342400 0.861400
vn -0.405400 0.676400 -0.614900
vn -0.191100 0.745900 -0.638000
vn -0.086800 0.477400 -0.874400
vn -0.298700 0.413100 -0.860300
vn -0.138100 0.041700 -0.989500
vn -0.427300 0.267100 -0.863800
vn -0.390900 -0.148600 0.908400
vn -0.848000 0.103300 0.519900
vn -0.082600 -0.083600 -0.993100
vn -0.761800 0.161900 0.627200
vn -0.810300 -0.251700 0.529100
vn -0.585500 0.269300 -0.764600
vn -0.858100 0.004000 0.513400
vn -0.326800 0.493500 -0.806000
vn -0.839800 0.225000 -0.494000
vn -0.741400 0.169800 -0.649200
vn -0.830000 0.326400 0.452200
vn -0.663600 -0.087200 -0.743000
vn -0.933000 -0.055000 -0.355500
vn -0.933100 0.062300 -0.354000
vn -0.188200 0.703700 -0.685100
vn -0.694700 -0.267300 -0.667700
vn -0.900200 -0.239600 -0.363500
vn 0.320300 0.926900 -0.195700
vn -0.199500 0.798200 -0.568400
vn -0.692000 0.513700 -0.507100
vn -0.349300 -0.521000 0.778800
vn 0.221600 -0.816200 0.533500
vn -0.508200 -0.547300 0.664900
vn -0.111100 -0.348800 -0.930600
vn -0.107400 -0.364300 -0.925000
vn -0.701800 -0.363200 -0.612700
vn 0.651500 -0.333000 0.681600
vn -0.096900 -0.448900 0.888300
vn 0.714800 -0.277000 0.642100
vn 0.495500 -0.507200 0.705100
vn -0.882700 -0.076100 -0.463600
vn -0.950900 0.175800 -0.254500
vn 0.037600 -0.373800 0.926800
vn -0.989400 0.037000 0.140200
vn -0.991500 0.009900 0.129300
vn -0.947400 0.317700 -0.038000
vn -0.990800 0.104200 -0.085600
vn -0.565900 -0.508400 0.649000
vn 0.506700 -0.778100 0.371000
vn -0.943100 0.285100 0.170900
vn -0.821600 0.565500 0.071900
vn -0.762500 -0.597400 0.248100
vn -0.850600 0.503800 0.150300
vn -0.603000 0.794900 0.066100
vn -0.669600 0.738900 0.075300
vn -0.349200 0.935500 0.053900
vn -0.377600 0.925300 0.034600
vn -0.161600 -0.944600 0.285700
vn 0.327800 -0.944700 0.005700
vn -0.456300 -0.682700 -0.570700
vn -0.357400 -0.902800 0.239100
vn -0.184200 -0.156300 0.970400
vn 0.380200 -0.161600 0.910600
vn -0.244400 0.094100 0.965100
vn -0.315500 -0.943800 0.098700
vn 0.446500 0.201700 0.871700
vn 0.869100 -0.116200 0.480800
vn 0.258400 -0.100300 0.960800
vn -0.973700 0.226700 0.020900
vn 0.657100 -0.353000 0.666000
vn 0.972900 -0.210200 0.095700
vn 0.938100 -0.342700 0.049300
vn -0.948500 0.312600 -0.050300
vn -0.820800 0.567200 -0.067500
vn -0.143900 -0.233600 -0.961600
vn 0.898700 -0.257700 -0.354900
vn -0.591400 0.805500 -0.036000
vn 0.865900 -0.158800 -0.474300
vn -0.241600 -0.275000 -0.930600
vn 0.919500 -0.170000 -0.354500
vn -0.377700 0.925800 -0.009900
vn -0.184600 -0.414900 -0.890900
vn -0.157900 -0.971100 0.178700
vn 0.000000 -0.932000 0.362500
vn -0.616300 -0.748700 0.244100
vn -0.808700 0.579600 -0.099600
vn -0.263300 -0.882400 0.389800
vn -0.487400 -0.827600 0.278300
vn -0.589300 0.785100 -0.190700
vn -0.602300 -0.128800 0.787800
vn -0.601600 -0.182100 0.777700
vn -0.512500 -0.040500 0.857700
vn -0.324400 0.909100 -0.261100
vn -0.544800 0.166600 0.821800
vn -0.774000 0.574700 -0.265800
vn -0.463500 0.780800 -0.419000
vn -0.226900 0.848000 -0.478900
vn -0.116200 0.983200 0.140300
vn -0.008300 0.997400 -0.071200
vn -0.087400 0.983600 -0.157800
vn 0.073700 0.986900 0.143100
vn -0.620400 0.556300 -0.552800
vn -0.128800 0.227300 -0.965200
vn -0.654400 0.419900 0.628700
vn 0.000000 0.970600 0.240700
vn 0.000000 0.879800 0.475200
vn -0.668400 0.461000 0.583600
vn -0.597100 0.481000 -0.641900
vn -0.790200 -0.582800 0.189200
vn -0.521800 -0.853000 -0.007900
vn -0.455700 -0.842700 0.286600
vn -0.704400 -0.471100 0.530900
vn -0.743300 -0.456300 -0.489100
vn -0.868100 -0.402100 0.290900
vn -0.877400 -0.300700 0.373800
vn -0.433700 -0.901000 0.004600
vn -0.852200 -0.279600 0.442200
vn -0.831800 -0.063800 0.551400
vn -0.078600 0.965000 0.249900
vn -0.786500 0.019300 -0.617200
vn 0.759800 -0.624000 -0.182000
vn 0.992800 0.113400 -0.037500
vn 0.882800 0.461000 0.090000
vn 0.831700 -0.553700 -0.040900
vn -0.045200 -0.899900 -0.433700
vn -0.302100 -0.324300 -0.896400
vn 0.338400 -0.481900 -0.808200
vn -0.983200 0.182400 -0.003500
vn -0.928400 -0.183700 0.322900
vn -0.957200 0.120400 0.263000
vn -0.997600 -0.014300 0.067400
vn -0.969000 0.173900 -0.175500
vn -0.982700 0.013100 -0.184500
vn -0.759000 -0.635500 -0.141600
vn -0.947800 0.302500 -0.100600
vn -0.910900 0.051200 -0.409300
vn -0.688300 -0.574400 0.443000
vn 0.070900 0.645000 0.760800
vn -0.165100 0.148000 0.975100
vn -0.822600 -0.332000 0.461600
vn -0.846200 -0.523400 0.099100
vn -0.970200 -0.230600 0.074100
vn -0.968900 -0.187300 -0.161400
vn -0.786600 0.366500 0.496900
vn 0.653000 0.195800 0.731600
vn 0.558200 -0.683900 0.469700
vn 0.066000 -0.432700 -0.899100
vn -0.314600 0.722700 0.615400
vn 0.290900 -0.636300 -0.714400
vn -0.055600 -0.326600 -0.943500
vn 0.089300 -0.097800 -0.991200
vn -0.066600 -0.969700 0.235100
vn 0.676200 -0.605700 0.419400
vn -0.092100 -0.953900 0.285400
vn -0.647900 -0.586600 0.485900
vn -0.036500 -0.950100 0.309700
vn -0.033600 -0.971500 0.234700
vn -0.021100 -0.999800 0.006100
vn -0.068400 -0.212100 -0.974800
vn 0.488400 -0.398300 -0.776400
vn 0.930600 -0.349800 0.107100
vn -0.005000 -0.971300 0.237900
vn -0.877600 -0.404400 0.257200
vn 0.614600 -0.397700 -0.681200
vn 0.709000 -0.565300 0.421400
vn -0.599300 -0.589700 0.541400
vn 0.088500 0.492400 0.865800
vn 0.125000 0.315800 0.940500
vn 0.347900 -0.762900 -0.544800
vn 0.339600 -0.920500 -0.193100
vn -0.659800 -0.748600 0.064400
vn -0.735800 -0.677100 0.012800
vn -0.768400 0.359700 0.529400
vn -0.936600 -0.342500 0.073600
vn -0.941600 -0.302700 -0.147700
vn -0.880700 -0.267800 -0.390600
vn 0.037700 -0.970300 0.238800
vn 0.008500 -0.948500 0.316400
vn -0.022900 -0.998200 0.055800
vn 0.062400 -0.935100 0.348700
vn 0.015900 -0.950800 0.309400
vn 0.040000 -0.998700 0.029900
vn -0.765000 -0.427600 0.481600
vn -0.706700 -0.541300 0.455500
vn -0.069200 -0.262500 -0.962400
vn 0.296600 0.833300 0.466400
vn 0.845600 0.322200 0.425500
vn 0.672900 -0.598800 0.434300
vn 0.636700 -0.282000 -0.717700
vn 0.036400 0.438400 0.898000
vn 0.931900 -0.224200 -0.284900
vn 0.969300 -0.210900 0.126600
vn 0.906200 -0.373900 0.197400
vn -0.333000 -0.868400 0.367400
vn -0.717500 -0.619500 0.318400
vn 0.185300 0.371800 0.909600
vn 0.052800 0.537500 0.841600
vn 0.905900 -0.339500 0.253000
vn -0.086100 -0.968000 -0.235500
vn 0.066700 -0.971200 0.228700
vn -0.670700 -0.561800 0.484200
vn -0.084500 -0.901200 0.424900
vn -0.937300 -0.304800 0.168600
vn -0.975200 -0.212600 -0.061800
vn -0.907900 -0.158900 -0.387900
vn -0.713300 -0.252300 -0.653900
vn -0.664900 -0.198500 -0.720000
vn -0.721500 -0.407600 0.559600
vn 0.341900 -0.252300 -0.905200
vn 0.933600 -0.145900 -0.327200
vn 0.971100 -0.178600 0.158200
vn -0.921100 0.139700 -0.363300
vn -0.550000 0.084100 -0.830900
vn -0.954200 -0.068800 0.291000
vn -0.997400 -0.068900 -0.019000
vn -0.940200 -0.336600 -0.051900
vn -0.975600 0.194200 0.101800
vn -0.984200 0.051900 -0.169300
vn -0.899000 -0.180600 -0.398800
vn -0.608500 -0.255500 -0.751300
vn -0.768200 -0.621300 0.154500
vn -0.830200 -0.557100 0.019000
vn -0.629300 -0.765800 0.132300
vn -0.661900 -0.242200 0.709400
vn 0.472100 -0.351500 -0.808400
vn 0.951300 -0.217900 -0.218100
vn -0.743200 0.021500 -0.668800
vn -0.814200 -0.173600 -0.553900
vn 0.964100 -0.171200 0.202800
vn -0.615500 0.210500 -0.759500
vn -0.975200 0.058800 0.213400
vn -0.987000 -0.044400 -0.154500
vn -0.127800 0.453400 -0.882100
vn -0.899700 -0.124200 -0.418500
vn -0.832300 -0.540900 0.120800
vn -0.807800 -0.576900 0.121300
vn -0.764500 -0.148700 -0.627300
vn -0.678900 -0.010500 0.734200
vn 0.457300 -0.292700 -0.839700
vn 0.940200 -0.219600 -0.260400
vn 0.971700 -0.127200 0.199000
vn 0.722500 -0.663500 0.194300
vn 0.182900 -0.884400 0.429300
vn 0.084700 -0.995000 0.053300
vn 0.936300 0.265500 0.230000
vn 0.793300 0.327600 0.513100
vn 0.764900 -0.458100 0.452800
vn -0.986500 0.162300 0.022400
vn -0.980500 0.123800 0.152500
vn -0.980900 0.177900 -0.078400
vn -0.956800 0.101700 0.272300
vn -0.975200 0.212000 0.063100
vn -0.956900 0.238500 -0.165800
vn 0.084700 0.553800 0.828300
vn -0.895100 0.057500 0.442100
vn -0.656100 0.159100 0.737700
vn -0.931600 0.146600 0.332600
vn -0.889000 0.455300 -0.048300
vn -0.577400 0.789200 0.209300
vn -0.702400 0.711400 -0.024200
vn -0.850400 0.497400 0.171400
vn 0.006300 0.669100 0.743100
vn 0.920700 -0.259800 0.291200
vn 0.709500 -0.482800 0.513400
vn -0.316700 0.906400 0.279500
vn -0.361000 0.932500 0.005500
vn 0.131100 0.899200 0.417300
vn 0.085400 -0.888300 0.451200
vn -0.511500 0.816200 0.268800
vn -0.512700 0.858500 0.011200
vn 0.751700 0.414400 0.513000
vn -0.758700 0.590400 -0.275400
vn -0.900400 0.386200 -0.200300
vn -0.746000 0.607900 -0.271900
vn -0.888100 0.348500 -0.299500
vn 0.081400 -0.919700 0.384000
vn 0.766800 -0.431800 0.474800
vn 0.072200 -0.888500 0.453100
vn -0.447100 0.837900 -0.312900
vn -0.403500 0.868200 -0.288700
vn 0.955400 -0.275200 0.106900
vn 0.019700 -0.741200 0.671000
vn -0.807700 -0.587900 0.043500
vn -0.504000 0.829800 -0.239600
vn -0.633500 -0.518400 0.574300
vn -0.535800 0.837200 0.109600
vn -0.849700 0.516300 0.107100
vn -0.192700 0.972700 0.129200
vn -0.112400 -0.890600 0.440700
vn -0.717500 -0.501100 0.483800
vn -0.151300 -0.854500 0.497000
vn -0.045900 0.988100 0.146900
vn 0.769400 -0.482300 0.418700
vn -0.976100 0.130800 0.173300
vn -0.902100 -0.241100 0.357900
vn -0.990600 -0.043200 -0.129600
vn -0.971400 -0.061900 0.228900
vn -0.926500 -0.372100 0.056900
vn -0.317900 0.419100 0.850400
vn -0.231500 0.717100 0.657400
vn 0.938600 -0.177800 0.295600
vn -0.908300 0.354800 -0.221400
vn -0.410500 0.907300 -0.091000
vn -0.052900 -0.686400 0.725200
vn -0.740700 0.661200 -0.118300
vn -0.134700 0.989300 -0.054600
vn -0.447000 -0.854300 -0.265100
vn -0.909700 -0.200700 -0.363400
vn -0.662700 -0.285200 -0.692400
vn -0.017700 0.999100 -0.039300
vn 0.531200 -0.752900 -0.388400
vn 0.704700 -0.419400 -0.572200
vn 0.901800 -0.217100 -0.373500
vn 0.097800 -0.565900 -0.818600
vn 0.834100 -0.323700 -0.446700
vn -0.815100 -0.411500 0.407700
vn 0.625900 -0.537400 0.565100
vn -0.856000 -0.500200 0.130000
vn -0.820100 -0.127200 -0.557800
vn -0.993100 0.116200 -0.013800
vn -0.916800 -0.213400 -0.337400
vn 0.941700 0.298400 0.155300
vn 0.939900 0.341300 -0.004500
vn 0.488300 0.863700 0.124200
vn -0.996300 -0.003300 0.085200
vn -0.899800 -0.020400 0.435700
vn 0.640100 0.683700 0.350500
vn 0.257700 0.789900 0.556300
vn -0.981800 -0.183200 0.048500
vn -0.877300 -0.134000 0.460900
vn 0.753600 -0.657200 0.014300
vn -0.429600 -0.017800 0.902800
vn -0.614800 0.063100 0.786200
vn -0.635900 -0.059500 0.769500
vn 0.161900 -0.907700 -0.387200
vn 0.045200 -0.998500 -0.029600
vn -0.331200 -0.855100 -0.398900
vn -0.992400 -0.121400 -0.017800
vn -0.930300 -0.000600 0.366800
vn -0.997100 -0.069000 0.031200
vn -0.875400 0.114500 0.469600
vn -0.312000 0.198400 0.929100
vn -0.571500 0.020000 0.820300
vn -0.834000 -0.217100 -0.507200
vn -0.858400 -0.232300 -0.457400
vn 0.664400 -0.325400 0.672700
vn -0.055000 -0.245300 0.967900
vn 0.998600 -0.051100 -0.014800
vn 0.675600 -0.283200 -0.680700
vn -0.464900 0.521900 0.715100
vn -0.577500 0.064100 0.813800
vn -0.837400 -0.504600 0.210100
vn -0.961000 0.238000 0.140700
vn -0.588100 -0.808200 0.031100
vn -0.918200 -0.383100 -0.100000
vn -0.805700 0.538700 -0.246200
vn -0.383400 0.870000 -0.310000
vn -0.725700 -0.607400 0.323000
vn -0.812600 -0.582200 -0.025700
vn -0.550300 0.754400 0.357700
vn -0.568000 0.699700 0.433200
vn -0.930400 -0.058700 0.361600
vn -0.918300 0.218700 0.329800
vn -0.957600 0.026500 0.286800
vn -0.938100 0.257000 0.232000
vn -0.368100 0.707600 0.603100
vn -0.240700 0.504300 0.829300
vn -0.490900 0.670700 0.556000
vn -0.533700 0.693400 0.484200
vn -0.875000 0.246200 0.416900
vn -0.974200 -0.063100 0.216400
vn -0.951400 0.288100 0.108600
vn -0.621800 -0.016300 0.783000
vn -0.594800 -0.073100 0.800500
vn -0.772900 -0.006600 0.634500
vn -0.664600 0.214400 0.715700
vn -0.900800 0.320900 0.292300
vn -0.904600 0.386400 0.179800
vn -0.970200 0.138600 0.198900
vn -0.912000 0.302500 0.277000
vn -0.977100 -0.151800 0.149100
vn -0.813600 0.441800 0.377800
vn -0.817900 0.485700 0.308300
vn -0.689000 0.487300 0.536400
vn -0.772000 0.525100 0.358000
vn -0.390900 0.438800 0.809100
vn -0.770300 0.511600 0.380600
vn -0.584300 -0.128600 0.801200
vn -0.385400 -0.080800 0.919200
vn -0.487700 0.213400 0.846500
vn -0.681800 0.017800 0.731300
vn -0.844500 0.442700 0.301200
vn -0.478200 0.751400 0.454700
vn -0.953100 0.134000 0.271500
vn -0.874400 -0.190100 0.446400
vn -0.258000 0.385500 0.885900
vn -0.267000 0.207300 0.941100
vn -0.286800 0.355400 0.889600
vn -0.146100 0.067700 0.986900
vn -0.408900 -0.187600 0.893000
vn -0.645800 -0.569800 0.508300
vn -0.653500 -0.281600 0.702600
vn -0.580200 -0.478000 0.659400
vn -0.730300 -0.210500 0.649900
vn -0.779100 -0.360800 0.512600
vn -0.228100 0.749400 0.621600
vn -0.526700 0.731900 0.432200
vn -0.536200 0.753900 0.379600
vn -0.275800 0.786500 0.552500
vn -0.753000 0.470000 0.460500
vn -0.821900 0.530400 0.207600
vn -0.936400 0.298100 0.184900
vn -0.764800 0.269500 0.585100
vn -0.688200 -0.008600 0.725500
vn -0.674900 -0.275100 0.684700
vn -0.760600 -0.124200 0.637300
vn -0.916000 -0.002300 0.401200
vn -0.761300 0.137100 0.633800
vn -0.799000 -0.048900 0.599300
vn -0.930900 -0.228000 0.285200
vn -0.735800 0.092900 0.670800
vn -0.332000 0.772900 0.540600
vn -0.564100 0.569000 0.598400
vn -0.692900 0.359500 0.625000
vn -0.063700 0.710200 0.701000
vn -0.108700 0.521900 0.846000
vn -0.048700 0.625800 0.778500
vn -0.044300 0.823000 0.566300
vn -0.135100 0.472100 0.871100
vn -0.173700 0.368500 0.913200
vn -0.448800 0.507800 0.735300
vn -0.770600 0.421900 0.477600
vn -0.949300 0.181800 0.256500
vn -0.519200 0.049700 0.853200
vn -0.710400 0.096800 0.697000
vn -0.739500 0.095000 0.666300
vn -0.925000 -0.251500 0.284800
vn -0.765500 -0.196400 0.612700
vn -0.918200 0.125500 0.375600
vn -0.701700 0.229500 0.674500
vn -0.746300 0.356600 0.562000
vn -0.201100 0.855000 0.478000
vn -0.415000 0.758200 0.502800
vn -0.611700 0.527000 0.590000
vn 0.034400 0.895400 0.444000
vn -0.850000 -0.270400 0.451900
vn -0.656100 -0.520700 0.546200
vn -0.679800 0.147600 0.718400
vn -0.675600 0.171900 0.716800
vn -0.638900 0.242000 0.730200
vn -0.638400 0.046700 0.768200
vn -0.625400 -0.210600 0.751300
vn -0.619600 -0.380400 0.686600
vn -0.936500 -0.325100 0.131100
vn -0.959200 -0.273400 0.071500
vn -0.543900 -0.824500 -0.155800
vn -0.892700 -0.433200 0.123800
vn -0.617500 -0.777000 -0.122200
vn -0.536800 -0.836000 0.113700
vn -0.781700 -0.491700 0.383500
vn -0.349100 -0.845400 0.404100
vn -0.433300 -0.531100 0.728200
vn -0.678900 -0.727100 0.102100
vn -0.552800 -0.739800 0.383500
vn -0.457300 -0.801800 0.384800
vn -0.572500 -0.448900 0.686100
vn -0.635400 -0.319100 0.703100
vn -0.584400 -0.265800 0.766700
vn -0.681800 -0.278400 0.676500
vn -0.427700 -0.346400 0.834900
vn -0.762300 -0.300400 0.573200
vn -0.537300 -0.578300 0.613900
vn -0.008000 -0.830700 0.556700
vn -0.620500 -0.199500 0.758400
vn 0.242600 -0.732100 0.636500
vn -0.288900 -0.116700 0.950200
vn -0.712600 -0.106200 0.693500
vn -0.681400 -0.317900 0.659300
vn -0.724700 -0.372400 0.579800
vn -0.564900 -0.485400 0.667200
vn -0.856900 -0.386200 0.341400
vn -0.645200 -0.458800 0.610900
vn -0.491000 -0.594900 0.636300
vn -0.337300 -0.217000 0.916000
vn -0.924600 0.209500 0.318000
vn -0.558800 0.540700 0.628800
vn -0.925600 -0.108000 0.362800
vn -0.194300 0.507700 0.839300
vn -0.245800 -0.042400 0.968400
vn -0.960000 -0.242400 0.139800
vn -0.685600 -0.413600 0.599000
vn -0.219600 -0.571100 0.790900
vn -0.198800 0.493100 0.846900
vn -0.171500 0.387800 0.905600
vn -0.155200 0.326700 0.932300
vn -0.111300 0.293100 0.949600
vn -0.377100 0.199500 0.904400
vn -0.737600 0.097200 0.668100
vn -0.883300 -0.065300 0.464200
vn -0.900600 -0.253400 -0.353100
vn -0.559300 -0.397200 -0.727600
vn 0.907500 -0.160500 -0.388100
vn 0.997400 0.071200 0.010900
vn 0.165100 0.711200 0.683300
vn 0.020400 0.964800 -0.262000
vn -0.944200 0.292000 0.152000
vn -0.909900 0.412200 -0.045900
vn 0.832000 0.454800 0.317600
vn -0.648000 0.716600 0.258000
vn -0.931500 0.363800 0.003100
vn -0.910300 0.413900 0.005900
vn -0.535000 0.841000 0.080800
vn -0.923500 0.375600 0.078200
vn 0.879400 0.469400 0.079700
vn 0.781500 -0.612600 0.118300
vn -0.098300 0.980700 0.169200
vn -0.267200 0.948900 0.167900
vn -0.172900 0.837400 0.518400
vn 0.130200 0.969800 0.205900
vn 0.251500 0.766600 0.590800
vn 0.464600 0.866200 0.183800
vn 0.375800 0.916500 0.137300
vn -0.393700 0.903200 0.170800
vn 0.313900 0.927100 0.204800
vn 0.057400 0.988300 0.141500
vn 0.076900 0.976700 0.200400
vn -0.276600 0.940300 0.198300
vn -0.265500 0.930100 0.253600
vn -0.131400 0.982100 0.135200
vn -0.129300 0.961300 0.243300
vn 0.765000 -0.377500 -0.521700
vn 0.565200 -0.276000 -0.777300
vn 0.910300 -0.196100 -0.364500
vn 0.930300 -0.257800 -0.260900
vn 0.998800 -0.035100 -0.033800
vn -0.888300 0.219400 -0.403500
vn -0.697900 -0.010000 -0.716100
vn -0.706500 0.029600 -0.707100
vn -0.229500 -0.684200 0.692200
vn 0.853600 -0.452900 0.257200
vn -0.233000 0.697900 0.677200
vn -0.148000 0.883200 0.444900
vn -0.905800 0.317100 0.281000
vn -0.168900 0.847000 0.503900
vn -0.169100 0.769000 0.616400
vn -0.139800 0.697700 0.702500
vn -0.755700 0.346400 0.555700
vn 0.780100 0.217900 0.586500
vn 0.085400 0.266600 0.960000
vn 0.135800 0.511300 0.848600
vn 0.912900 -0.407600 -0.020000
vn 0.045500 -0.921900 0.384600
vn -0.838800 -0.506700 0.199200
vn -0.053400 0.779800 0.623700
vn 0.841200 0.258200 0.475100
vn -0.043600 0.932700 0.358000
vn 0.095700 0.843300 0.528900
vn 0.049800 0.966000 0.253500
vn 0.001400 0.862200 0.506500
vn -0.779300 0.394200 0.487200
vn 0.058600 0.545200 0.836300
vn -0.092000 -0.956300 0.277400
vn -0.919900 -0.377400 0.106600
vn -0.873600 -0.462400 0.151700
vn 0.137500 0.791700 0.595200
vn 0.864700 0.255700 0.432400
vn -0.638100 0.415900 0.647800
vn 0.205300 0.940400 0.271000
vn 0.929600 0.338500 0.145400
vn 0.738300 -0.659200 0.142800
vn -0.995800 0.090800 0.011500
vn -0.691800 0.325600 0.644500
vn 0.342400 0.161400 0.925600
vn 0.823600 0.062300 0.563600
vn -0.148800 0.259700 0.954200
vn -0.444900 -0.201800 -0.872600
vn -0.262200 -0.152400 -0.952900
vn 0.994200 -0.067600 0.083000
vn -0.926600 0.050500 -0.372700
vn 0.231600 -0.178300 0.956300
vn -0.151500 -0.101700 0.983200
vn 0.766500 -0.129000 0.629100
vn -0.655000 -0.297500 -0.694600
vn -0.880900 -0.350000 -0.318500
vn -0.619900 -0.520800 -0.586900
vn -0.907700 -0.134400 -0.397500
vn -0.997600 -0.061700 -0.030200
vn -0.977700 0.205800 0.040500
vn 0.932800 -0.200700 -0.299100
vn 0.741900 -0.370700 -0.558700
vn 0.904800 -0.260800 -0.336700
vn 0.964400 0.258900 0.053600
vn 0.999200 0.012300 0.037000
vn -0.333800 -0.541800 -0.771300
vn -0.173800 0.790900 0.586700
vn 0.424600 0.378600 0.822400
vn -0.189500 0.384100 0.903600
vn -0.693700 0.641900 0.326500
vn -0.855600 0.233100 0.462200
vn 0.854400 0.202800 0.478300
vn 0.806100 0.282200 0.520200
vn -0.996300 -0.005200 0.085800
vn -0.987000 -0.154000 -0.046400
vn -0.917900 0.357100 -0.172900
vn -0.948200 0.265500 -0.174100
vn -0.844400 0.327000 -0.424300
vn -0.956400 0.291400 -0.019800
vn -0.946600 -0.282700 0.155000
vn -0.812400 -0.573700 -0.103800
vn -0.957600 0.264300 0.114100
vn -0.971900 0.201600 -0.121700
vn -0.954300 0.272400 -0.123000
vn -0.794300 0.605100 -0.054400
vn -0.914000 0.372400 -0.161000
vn -0.789700 0.590200 -0.167100
vn -0.909400 0.410500 0.067400
vn -0.473000 0.863000 -0.177200
vn -0.464800 0.854100 -0.233300
vn -0.976800 0.091000 -0.193900
vn -0.938400 -0.153500 -0.309300
vn -0.563700 -0.290600 -0.773100
vn -0.937000 -0.319400 0.141500
vn -0.642400 -0.548900 -0.534800
vn -0.941300 -0.274300 0.196400
vn -0.961600 0.040700 0.271200
vn -0.934200 0.247500 0.256900
vn -0.872000 0.448700 0.195300
vn -0.749600 0.660600 0.042000
vn -0.443600 0.893900 -0.063700
vn -0.309200 -0.947900 0.076600
vn -0.591600 -0.801200 0.089600
vn -0.657300 -0.753500 0.009100
vn -0.809200 -0.581100 0.086700
vn -0.998400 -0.056300 -0.005100
vn -0.997600 -0.051400 -0.046000
vn -0.997300 -0.069700 0.021700
vn -0.997800 -0.065100 0.010100
vn -0.421700 0.345300 -0.838400
vn -0.838100 -0.292500 -0.460400
vn -0.831200 -0.232300 -0.505100
vn -0.792200 -0.234500 -0.563400
vn -0.815400 -0.205100 -0.541300
vn -0.443500 -0.223400 -0.868000
vn -0.464100 -0.271500 -0.843100
vn 0.700200 -0.709900 0.076000
vn 0.220700 0.951800 0.212700
vn 0.421900 0.888200 0.181900
vn 0.221700 0.946700 0.233600
vn -0.708800 -0.458800 0.535800
vn -0.713800 0.422300 0.558600
vn 0.025200 0.841000 0.540400
vn -0.803300 -0.585900 0.106500
vn -0.176200 0.649200 0.739900
vn 0.948100 -0.225900 0.223800
vn 0.112100 -0.791100 0.601300
vn -0.894900 -0.441700 0.063400
vn -0.049200 -0.778600 0.625500
vn -0.119800 0.757700 0.641500
vn -0.742400 -0.484500 0.462700
vn -0.047900 0.904000 0.424900
vn -0.780400 0.421900 0.461500
vn 0.025900 0.969400 0.244100
vn 0.013300 0.900400 0.434700
vn 0.083100 0.975800 0.202100
vn 0.100800 0.967000 0.233700
vn 0.017500 -0.996100 0.086400
vn -0.133400 0.883600 0.448700
vn -0.006800 0.947800 0.318600
vn -0.079600 0.973700 0.213500
vn -0.097500 0.969300 0.225500
vn -0.046600 -0.926500 0.373300
vn -0.748800 0.386700 0.538300
vn -0.081600 0.871000 0.484400
vn 0.761200 0.381000 0.524700
vn 0.098200 0.613400 0.783600
vn 0.956100 -0.241500 0.166000
vn -0.040900 -0.703000 0.710000
vn -0.829700 -0.557100 0.034100
vn -0.118100 0.767300 0.630300
vn -0.085100 0.710400 0.698600
vn -0.164900 0.846200 0.506600
vn -0.020100 0.562500 0.826600
vn 0.733100 0.400700 0.549500
vn -0.803600 0.346500 0.483900
vn -0.135000 0.935900 0.325300
vn -0.327900 0.821500 0.466500
vn -0.175800 0.961100 0.212900
vn -0.195900 0.953000 0.230900
vn -0.237900 -0.893000 0.382000
vn -0.054100 -0.995600 0.076300
vn -0.854400 0.417900 0.308700
vn -0.180700 0.928800 0.323300
vn -0.375600 0.902200 0.212000
vn 0.566200 0.353400 0.744600
vn -0.780300 -0.464200 0.419000
vn -0.854900 0.257400 0.450500
vn -0.293800 0.793400 0.533100
vn -0.786300 -0.617800 -0.002400
vn -0.993400 0.074900 -0.086200
vn 0.965200 -0.058500 -0.254800
vn 0.097800 0.966000 0.239200
vn -0.087600 0.974500 0.206600
vn -0.198500 0.964800 0.172200
vn -0.497800 0.859600 0.115000
vn -0.973000 0.230600 0.004600
vn 0.083300 -0.898400 0.431100
vn -0.629700 -0.770000 -0.102600
vn -0.653700 -0.756000 0.032700
vn -0.010900 -0.999000 -0.042600
vn 0.528800 -0.776100 -0.343500
vn 0.254300 -0.857100 -0.447900
vn -0.793400 -0.608400 -0.019200
vn -0.012900 -0.564300 -0.825500
vn 0.000000 -0.758700 0.651400
vn -0.608700 -0.101000 0.787000
vn -0.939500 -0.141500 0.311900
vn -0.947600 -0.187300 0.258700
vn -0.951000 -0.171300 0.257300
vn -0.948300 -0.110600 0.297500
vn -0.773200 -0.144100 0.617500
vn -0.828500 -0.135500 0.543400
vn -0.935700 -0.154600 0.317100
vn -0.896600 -0.230300 0.378200
vn -0.903100 -0.218500 0.369700
vn -0.945200 -0.104800 0.309300
vn -0.653700 -0.210300 0.726900
vn -0.702400 -0.232900 0.672600
vn -0.103100 0.580100 0.808000
vn 0.000000 -0.992800 0.119600
vn 0.975600 0.194200 0.101800
vn 0.000000 0.398000 0.917400
vn -0.018100 -0.884200 0.466800
vn 0.000000 -0.943400 0.331500
vn 0.793400 -0.608400 -0.019200
vn -0.992800 0.113400 -0.037500
vn 0.000000 -0.878400 0.477800
vn 0.045200 -0.899900 -0.433700
vn -0.832000 0.454800 0.317600
vn 0.092100 -0.953900 0.285400
vn 0.647900 -0.586600 0.485900
vn -0.008500 -0.948500 0.316400
vn -0.015900 -0.950800 0.309400
vn 0.444900 -0.201800 -0.872600
vn 0.814200 -0.173600 -0.553900
vn 0.743200 0.021500 -0.668800
vn 0.832300 -0.540900 0.120800
vn 0.005200 0.935300 -0.353600
vn 1.000000 0.000000 0.000000
vn 0.717500 -0.501100 0.483800
vn 0.331200 -0.855100 -0.398900
vn -0.717200 -0.677500 -0.163300
vn 0.867500 -0.335100 0.367500
vn 0.000000 0.966200 -0.257900
vn 0.838100 -0.292500 -0.460400
vn 0.831200 -0.232300 -0.505100
vn -0.485400 -0.349600 0.801400
vn -0.514900 -0.243400 0.821900
vn 0.018100 -0.884200 0.466800
vn -0.580300 -0.330500 0.744300
vn 0.653700 -0.731600 -0.193400
vn -0.589600 -0.730200 -0.345200
vn -0.435600 -0.754400 -0.490900
vn 0.679900 -0.603400 0.416600
vn -0.741800 -0.605000 0.289200
vn -0.872400 -0.435400 -0.222000
vn 0.655000 -0.704100 -0.274300
vn 0.717200 -0.677500 -0.163300
vn -0.783700 -0.266400 -0.561000
vn -0.856200 -0.326400 -0.400500
vn -0.867500 -0.335100 0.367500
vn -0.800400 -0.204100 -0.563500
usemtl None
s 1
f 2/1/1 4/1/2 5/1/3
f 6/1/4 7/1/5 8/1/6
f 10/1/7 1/1/8 3/1/9
f 18/1/10 19/1/11 11/1/12
f 2/1/1 1/1/8 20/1/13
f 2/1/1 20/1/13 21/1/14
f 22/1/15 23/1/16 24/1/17
f 4/1/2 2/1/1 21/1/14
f 22/1/15 24/1/17 25/1/18
f 10/1/7 9/1/19 26/1/20
f 10/1/7 26/1/20 20/1/13
f 1/1/8 10/1/7 20/1/13
f 6/1/4 4/1/2 21/1/14
f 6/1/4 21/1/14 29/1/21
f 7/1/5 6/1/4 29/1/21
f 7/1/5 29/1/21 31/1/22
f 21/1/14 20/1/13 34/1/23
f 20/1/13 26/1/20 34/1/23
f 29/1/21 21/1/14 34/1/23
f 31/1/22 29/1/21 34/1/23
f 31/1/22 34/1/23 41/1/24
f 9/1/19 41/1/24 26/1/20
f 7/1/5 31/1/22 41/1/24
f 26/1/20 41/1/24 34/1/23
f 14/1/25 12/1/26 15/1/27
f 12/1/26 46/1/28 47/1/29
f 48/1/30 49/1/31 50/1/32
f 12/1/26 47/1/29 15/1/27
f 51/1/33 52/1/34 53/1/35
f 51/1/33 50/1/32 52/1/34
f 11/1/12 54/1/36 46/1/28
f 11/1/12 46/1/28 12/1/26
f 48/1/30 50/1/32 51/1/33
f 56/1/37 58/1/38 57/1/39
f 19/1/11 62/1/40 54/1/36
f 19/1/11 54/1/36 11/1/12
f 57/1/39 58/1/38 65/1/41
f 57/1/39 65/1/41 66/1/42
f 67/1/43 68/1/44 69/1/45
f 67/1/43 69/1/45 72/1/46
f 72/1/46 69/1/45 74/1/47
f 72/1/46 74/1/47 76/1/48
f 76/1/48 74/1/47 79/1/49
f 80/1/50 75/1/51 81/1/52
f 76/1/48 79/1/49 82/1/53
f 80/1/50 81/1/52 83/1/54
f 82/1/53 79/1/49 84/1/55
f 82/1/53 84/1/55 86/1/56
f 86/1/56 84/1/55 87/1/57
f 88/1/58 89/1/59 90/1/60
f 86/1/56 87/1/57 91/1/61
f 93/1/62 94/1/63 95/1/64
f 93/1/62 95/1/64 97/1/65
f 98/1/66 99/1/67 100/1/68
f 97/1/65 95/1/64 101/1/69
f 69/1/45 68/1/44 104/1/70
f 69/1/45 104/1/70 106/1/71
f 107/1/72 108/1/73 109/1/74
f 74/1/47 69/1/45 106/1/71
f 74/1/47 106/1/71 110/1/75
f 79/1/49 74/1/47 110/1/75
f 79/1/49 110/1/75 112/1/76
f 84/1/55 79/1/49 112/1/76
f 84/1/55 112/1/76 115/1/77
f 87/1/57 84/1/55 115/1/77
f 87/1/57 115/1/77 116/1/78
f 95/1/64 94/1/63 117/1/79
f 95/1/64 117/1/79 119/1/80
f 110/1/75 106/1/71 121/1/81
f 112/1/76 110/1/75 121/1/81
f 112/1/76 121/1/81 126/1/82
f 115/1/77 112/1/76 126/1/82
f 115/1/77 126/1/82 129/1/83
f 130/1/84 131/1/85 132/1/86
f 116/1/78 115/1/77 129/1/83
f 116/1/78 129/1/83 134/1/87
f 126/1/82 121/1/81 135/1/88
f 136/1/89 130/1/84 132/1/86
f 126/1/82 135/1/88 137/1/90
f 136/1/89 132/1/86 138/1/91
f 129/1/83 126/1/82 137/1/90
f 139/1/92 127/1/93 133/1/94
f 129/1/83 137/1/90 140/1/95
f 134/1/87 129/1/83 140/1/95
f 134/1/87 140/1/95 144/1/96
f 139/1/92 133/1/94 131/1/85
f 145/1/97 146/1/98 23/1/16
f 145/1/97 23/1/16 22/1/15
f 135/1/88 22/1/15 25/1/18
f 135/1/88 25/1/18 137/1/90
f 137/1/90 25/1/18 27/1/99
f 154/1/100 155/1/101 156/1/102
f 137/1/90 27/1/99 140/1/95
f 155/1/101 157/1/103 158/1/104
f 155/1/101 158/1/104 156/1/102
f 161/1/105 162/1/106 163/1/107
f 161/1/105 163/1/107 165/1/108
f 28/1/109 32/1/110 40/1/111
f 28/1/109 40/1/111 160/1/112
f 166/1/113 160/1/112 40/1/111
f 37/1/114 38/1/115 172/1/116
f 172/1/116 38/1/115 174/1/117
f 157/1/103 167/1/118 175/1/119
f 172/1/116 174/1/117 176/1/120
f 157/1/103 175/1/119 158/1/104
f 177/1/121 178/1/122 179/1/123
f 180/1/124 177/1/121 179/1/123
f 183/1/125 180/1/124 179/1/123
f 185/1/126 172/1/116 176/1/120
f 186/2/127 184/3/128 173/4/129
f 35/1/130 187/1/131 36/1/132
f 38/1/115 39/1/133 191/1/134
f 38/1/115 191/1/134 174/1/117
f 187/1/131 194/1/135 195/1/136
f 187/1/131 195/1/136 36/1/132
f 194/1/135 178/1/122 177/1/121
f 194/1/135 177/1/121 195/1/136
f 36/1/132 195/1/136 201/1/137
f 36/1/132 201/1/137 39/1/133
f 202/1/138 203/1/139 204/1/140
f 195/1/136 177/1/121 180/1/124
f 195/1/136 180/1/124 201/1/137
f 39/1/133 201/1/137 207/1/141
f 39/1/133 207/1/141 191/1/134
f 201/1/137 180/1/124 183/1/125
f 201/1/137 183/1/125 207/1/141
f 44/1/142 185/1/126 144/1/96
f 185/1/126 44/1/142 37/1/114
f 185/1/126 37/1/114 172/1/116
f 140/1/95 27/1/99 44/1/142
f 140/1/95 44/1/142 144/1/96
f 214/1/143 215/1/144 216/1/145
f 214/1/143 216/1/145 217/1/146
f 218/1/147 214/1/143 217/1/146
f 218/1/147 217/1/146 220/1/148
f 199/1/149 221/1/150 222/1/151
f 42/1/152 218/1/147 220/1/148
f 199/1/149 222/1/151 200/1/153
f 42/1/152 220/1/148 43/1/154
f 221/1/150 223/1/155 224/1/156
f 223/1/155 225/1/157 224/1/156
f 226/1/158 227/1/159 49/1/31
f 226/1/158 49/1/31 48/1/30
f 217/1/146 216/1/145 230/1/160
f 217/1/146 230/1/160 232/1/161
f 220/1/148 217/1/146 232/1/161
f 220/1/148 232/1/161 234/1/162
f 43/1/154 220/1/148 234/1/162
f 43/1/154 234/1/162 45/1/163
f 237/1/164 235/1/165 228/1/166
f 238/1/167 239/1/168 240/1/169
f 241/1/170 242/1/171 243/1/172
f 244/1/173 235/1/165 237/1/164
f 241/1/170 243/1/172 245/1/174
f 33/1/175 32/1/110 246/1/176
f 33/1/175 246/1/176 248/1/177
f 28/1/109 30/1/178 246/1/176
f 28/1/109 246/1/176 32/1/110
f 226/1/158 48/1/30 251/1/179
f 226/1/158 251/1/179 243/1/172
f 254/1/180 255/1/181 256/1/182
f 48/1/30 51/1/33 257/1/183
f 48/1/30 257/1/183 251/1/179
f 258/1/184 259/1/185 255/1/181
f 245/1/174 243/1/172 251/1/179
f 258/1/184 260/1/186 259/1/185
f 261/1/187 262/1/188 263/1/189
f 261/1/187 263/1/189 265/1/190
f 266/1/191 264/1/192 260/1/186
f 262/1/188 241/1/170 245/1/174
f 262/1/188 245/1/174 263/1/189
f 258/1/184 267/1/193 260/1/186
f 245/1/174 251/1/179 257/1/183
f 245/1/174 257/1/183 263/1/189
f 234/1/162 232/1/161 269/1/194
f 234/1/162 269/1/194 270/1/195
f 271/1/196 272/1/197 264/1/192
f 45/1/163 234/1/162 270/1/195
f 45/1/163 270/1/195 273/1/198
f 271/1/196 264/1/192 266/1/191
f 232/1/161 230/1/160 278/1/199
f 232/1/161 278/1/199 269/1/194
f 272/1/197 279/1/200 280/1/201
f 257/1/183 51/1/33 53/1/35
f 257/1/183 53/1/35 282/1/202
f 263/1/189 257/1/183 282/1/202
f 263/1/189 282/1/202 284/1/203
f 280/1/201 279/1/200 283/1/204
f 263/1/189 284/1/203 285/1/205
f 263/1/189 285/1/205 265/1/190
f 286/1/206 280/1/201 287/1/207
f 290/1/208 287/1/207 291/1/209
f 265/1/190 285/1/205 56/1/37
f 293/1/210 294/1/211 295/1/212
f 265/1/190 56/1/37 55/1/213
f 296/1/214 297/1/215 298/1/216
f 119/1/80 289/1/217 95/1/64
f 286/1/206 287/1/207 290/1/208
f 95/1/64 289/1/217 288/1/218
f 280/1/201 283/1/204 299/1/219
f 95/1/64 288/1/218 101/1/69
f 280/1/201 299/1/219 287/1/207
f 117/1/79 300/1/220 301/1/221
f 117/1/79 301/1/221 119/1/80
f 300/1/220 261/1/187 265/1/190
f 304/1/222 267/1/193 258/1/184
f 300/1/220 265/1/190 301/1/221
f 119/1/80 301/1/221 55/1/213
f 119/1/80 55/1/213 289/1/217
f 295/1/212 294/1/211 305/1/223
f 265/1/190 55/1/213 301/1/221
f 302/1/224 306/1/225 303/1/226
f 270/1/195 269/1/194 307/1/227
f 270/1/195 307/1/227 309/1/228
f 273/1/198 270/1/195 309/1/228
f 273/1/198 309/1/228 311/1/229
f 313/1/230 314/1/231 315/1/232
f 269/1/194 278/1/199 316/1/233
f 269/1/194 316/1/233 307/1/227
f 282/1/202 53/1/35 59/1/234
f 284/1/203 282/1/202 59/1/234
f 63/1/235 315/1/232 314/1/231
f 284/1/203 59/1/234 319/1/236
f 285/1/205 284/1/203 319/1/236
f 320/1/237 321/1/238 322/1/239
f 285/1/205 319/1/236 58/1/38
f 323/1/240 324/1/241 325/1/242
f 56/1/37 285/1/205 58/1/38
f 309/1/228 307/1/227 328/1/243
f 309/1/228 328/1/243 329/1/244
f 311/1/229 309/1/228 329/1/244
f 311/1/229 329/1/244 332/1/245
f 316/1/233 61/1/246 63/1/235
f 316/1/233 63/1/235 338/1/247
f 307/1/227 316/1/233 338/1/247
f 339/1/248 89/1/59 88/1/58
f 307/1/227 338/1/247 328/1/243
f 339/1/248 88/1/58 340/1/249
f 319/1/236 59/1/234 60/1/250
f 319/1/236 60/1/250 341/1/251
f 58/1/38 319/1/236 341/1/251
f 58/1/38 341/1/251 65/1/41
f 23/1/16 345/1/252 24/1/17
f 329/1/244 328/1/243 346/1/253
f 329/1/244 346/1/253 347/1/254
f 332/1/245 329/1/244 347/1/254
f 332/1/245 347/1/254 348/1/255
f 333/1/256 332/1/245 348/1/255
f 333/1/256 348/1/255 351/1/257
f 328/1/243 338/1/247 352/1/258
f 328/1/243 352/1/258 346/1/253
f 341/1/251 60/1/250 308/1/259
f 341/1/251 308/1/259 356/1/260
f 321/1/238 357/1/261 322/1/239
f 65/1/41 341/1/251 356/1/260
f 355/1/262 353/1/263 326/1/264
f 65/1/41 356/1/260 358/1/265
f 359/1/266 357/1/261 321/1/238
f 66/1/42 65/1/41 358/1/265
f 360/1/267 361/1/268 362/1/269
f 363/1/270 88/1/58 90/1/60
f 363/1/270 90/1/60 365/1/271
f 367/1/272 368/1/273 369/1/274
f 367/1/272 369/1/274 370/1/275
f 368/1/273 372/1/276 373/1/277
f 368/1/273 373/1/277 369/1/274
f 365/1/271 90/1/60 71/1/278
f 365/1/271 71/1/278 70/1/279
f 370/1/275 369/1/274 376/1/280
f 377/1/281 378/1/282 379/1/283
f 370/1/275 376/1/280 380/1/284
f 377/1/281 381/1/285 378/1/282
f 369/1/274 373/1/277 382/1/286
f 369/1/274 382/1/286 376/1/280
f 386/1/287 387/1/288 388/1/289
f 386/1/287 388/1/289 389/1/290
f 387/1/288 392/1/291 393/1/292
f 387/1/288 393/1/292 388/1/289
f 392/1/291 397/1/293 398/1/294
f 392/1/291 398/1/294 393/1/292
f 401/1/295 398/1/294 402/1/296
f 371/1/297 361/1/268 399/1/298
f 373/1/277 386/1/287 389/1/290
f 373/1/277 389/1/290 382/1/286
f 406/1/299 407/1/300 408/1/301
f 406/1/299 408/1/301 411/1/302
f 407/1/300 387/1/288 386/1/287
f 407/1/300 386/1/287 408/1/301
f 415/1/303 416/1/304 407/1/300
f 417/1/305 418/1/306 419/1/307
f 415/1/303 407/1/300 406/1/299
f 416/1/304 392/1/291 387/1/288
f 422/1/308 410/1/309 423/1/310
f 416/1/304 387/1/288 407/1/300
f 424/1/311 397/1/293 392/1/291
f 427/1/312 397/1/293 424/1/311
f 427/1/312 424/1/311 428/1/313
f 424/1/311 392/1/291 416/1/304
f 425/1/314 428/1/313 424/1/311
f 411/1/302 408/1/301 372/1/276
f 372/1/276 408/1/301 386/1/287
f 372/1/276 386/1/287 373/1/277
f 389/1/290 388/1/289 430/1/315
f 389/1/290 430/1/315 431/1/316
f 388/1/289 393/1/292 434/1/317
f 435/1/318 436/1/319 437/1/320
f 388/1/289 434/1/317 430/1/315
f 393/1/292 398/1/294 440/1/321
f 393/1/292 440/1/321 434/1/317
f 441/1/322 440/1/321 442/1/323
f 443/1/324 433/1/325 444/1/326
f 73/1/327 75/1/51 80/1/50
f 77/1/328 445/1/329 78/1/330
f 414/1/331 446/1/332 438/1/333
f 382/1/286 389/1/290 431/1/316
f 382/1/286 431/1/316 447/1/334
f 450/1/335 451/1/336 452/1/337
f 448/1/338 449/1/339 453/1/340
f 450/1/335 452/1/337 454/1/341
f 451/1/336 447/1/334 457/1/342
f 458/1/343 459/1/344 460/1/345
f 451/1/336 457/1/342 452/1/337
f 431/1/316 430/1/315 461/1/346
f 431/1/316 461/1/346 463/1/347
f 430/1/315 434/1/317 466/1/348
f 467/1/349 465/1/350 468/1/351
f 430/1/315 466/1/348 461/1/346
f 469/1/352 468/1/351 470/1/353
f 434/1/317 440/1/321 471/1/354
f 444/1/326 433/1/325 432/1/355
f 434/1/317 471/1/354 466/1/348
f 472/1/356 471/1/354 473/1/357
f 474/1/358 475/1/359 476/1/360
f 474/1/358 476/1/360 477/1/361
f 78/1/330 450/1/335 454/1/341
f 78/1/330 454/1/341 85/1/362
f 447/1/334 431/1/316 463/1/347
f 479/1/363 474/1/358 477/1/361
f 447/1/334 463/1/347 457/1/342
f 480/1/364 481/1/365 482/1/366
f 370/1/275 485/1/367 486/1/368
f 370/1/275 486/1/368 367/1/272
f 485/1/367 488/1/369 489/1/370
f 485/1/367 489/1/370 486/1/368
f 445/1/329 92/1/371 491/1/372
f 362/1/269 361/1/268 371/1/297
f 445/1/329 491/1/372 380/1/284
f 492/1/373 493/1/374 494/1/375
f 92/1/371 96/1/376 495/1/377
f 92/1/371 495/1/377 491/1/372
f 488/1/369 501/1/378 502/1/379
f 359/1/266 321/1/238 503/1/380
f 488/1/369 502/1/379 489/1/370
f 501/1/378 504/1/381 505/1/382
f 321/1/238 506/1/383 503/1/380
f 501/1/378 505/1/382 502/1/379
f 321/1/238 320/1/237 506/1/383
f 99/1/67 98/1/66 507/1/384
f 99/1/67 507/1/384 508/1/385
f 508/1/385 507/1/384 504/1/381
f 508/1/385 504/1/381 501/1/378
f 489/1/370 502/1/379 509/1/386
f 489/1/370 509/1/386 510/1/387
f 92/1/371 445/1/329 77/1/328
f 493/1/374 469/1/352 470/1/353
f 512/1/388 513/1/389 511/1/390
f 196/1/391 512/1/388 511/1/390
f 196/1/391 511/1/390 197/1/392
f 102/1/393 71/1/278 103/1/394
f 118/1/395 517/1/396 518/1/397
f 103/1/394 71/1/278 90/1/60
f 103/1/394 90/1/60 111/1/398
f 517/1/396 100/1/68 99/1/67
f 105/1/399 103/1/394 111/1/398
f 517/1/396 99/1/67 518/1/397
f 105/1/399 111/1/398 114/1/400
f 108/1/73 105/1/399 114/1/400
f 108/1/73 114/1/400 113/1/401
f 355/1/262 326/1/264 278/1/199
f 519/1/402 414/1/331 413/1/403
f 355/1/262 278/1/199 230/1/160
f 410/1/309 409/1/404 412/1/405
f 519/1/402 446/1/332 414/1/331
f 522/1/406 523/1/407 524/1/408
f 376/1/280 525/1/409 380/1/284
f 376/1/280 451/1/336 450/1/335
f 376/1/280 450/1/335 525/1/409
f 380/1/284 525/1/409 445/1/329
f 445/1/329 525/1/409 450/1/335
f 445/1/329 450/1/335 78/1/330
f 382/1/286 447/1/334 451/1/336
f 382/1/286 451/1/336 376/1/280
f 454/1/341 452/1/337 330/1/410
f 454/1/341 330/1/410 527/1/411
f 452/1/337 457/1/342 528/1/412
f 452/1/337 528/1/412 330/1/410
f 463/1/347 461/1/346 141/1/413
f 463/1/347 141/1/413 529/1/414
f 461/1/346 466/1/348 142/1/415
f 461/1/346 142/1/415 141/1/413
f 466/1/348 471/1/354 147/1/416
f 147/1/416 471/1/354 472/1/356
f 466/1/348 147/1/416 142/1/415
f 85/1/362 454/1/341 527/1/411
f 85/1/362 527/1/411 530/1/417
f 457/1/342 463/1/347 529/1/414
f 457/1/342 529/1/414 528/1/412
f 532/1/418 533/1/419 534/1/420
f 532/1/418 534/1/420 535/1/421
f 536/1/422 537/1/423 538/1/424
f 536/1/422 538/1/424 539/1/425
f 540/1/426 541/1/427 542/1/428
f 540/1/426 542/1/428 543/1/429
f 540/1/426 543/1/429 544/1/430
f 540/1/426 544/1/430 545/1/431
f 546/1/432 545/1/431 544/1/430
f 546/1/432 544/1/430 547/1/433
f 546/1/432 547/1/433 534/1/420
f 546/1/432 534/1/420 533/1/419
f 548/1/434 549/1/435 550/1/436
f 548/1/434 550/1/436 551/1/437
f 548/1/434 551/1/437 552/1/438
f 548/1/434 552/1/438 553/1/439
f 548/1/434 553/1/439 554/1/440
f 548/1/434 554/1/440 555/1/441
f 548/1/434 555/1/441 556/1/442
f 548/1/434 556/1/442 549/1/435
f 557/1/443 549/1/435 556/1/442
f 557/1/443 556/1/442 558/1/444
f 557/1/443 558/1/444 538/1/424
f 557/1/443 538/1/424 537/1/423
f 557/1/443 559/1/445 550/1/436
f 557/1/443 550/1/436 549/1/435
f 532/1/418 560/1/446 561/1/447
f 532/1/418 561/1/447 533/1/419
f 560/1/446 539/1/425 538/1/424
f 560/1/446 538/1/424 561/1/447
f 545/1/431 562/1/448 563/1/449
f 545/1/431 563/1/449 540/1/426
f 562/1/448 556/1/442 555/1/441
f 562/1/448 555/1/441 563/1/449
f 540/1/426 563/1/449 564/1/450
f 540/1/426 564/1/450 541/1/427
f 563/1/449 555/1/441 554/1/440
f 563/1/449 554/1/440 564/1/450
f 533/1/419 561/1/447 565/1/451
f 533/1/419 565/1/451 546/1/432
f 561/1/447 538/1/424 558/1/444
f 561/1/447 558/1/444 565/1/451
f 546/1/432 565/1/451 562/1/448
f 546/1/432 562/1/448 545/1/431
f 565/1/451 558/1/444 556/1/442
f 565/1/451 556/1/442 562/1/448
f 122/1/452 125/1/453 124/1/454
f 122/1/452 124/1/454 123/1/455
f 553/1/439 552/1/438 127/1/93
f 553/1/439 127/1/93 139/1/92
f 554/1/440 553/1/439 139/1/92
f 552/1/438 566/1/456 128/1/457
f 552/1/438 128/1/457 127/1/93
f 566/1/456 567/1/458 568/1/459
f 566/1/456 568/1/459 128/1/457
f 532/1/418 569/1/460 570/1/461
f 532/1/418 570/1/461 560/1/446
f 571/1/462 539/1/425 560/1/446
f 571/1/462 560/1/446 570/1/461
f 536/1/422 539/1/425 571/1/462
f 536/1/422 571/1/462 572/1/463
f 542/1/428 541/1/427 573/1/464
f 542/1/428 573/1/464 574/1/465
f 564/1/450 554/1/440 575/1/466
f 564/1/450 575/1/466 576/1/467
f 541/1/427 564/1/450 576/1/467
f 541/1/427 576/1/467 573/1/464
f 575/1/466 554/1/440 139/1/92
f 575/1/466 139/1/92 577/1/468
f 139/1/92 130/1/84 578/1/469
f 139/1/92 578/1/469 577/1/468
f 130/1/84 136/1/89 579/1/470
f 130/1/84 579/1/470 578/1/469
f 579/1/470 136/1/89 580/1/471
f 579/1/470 580/1/471 581/1/472
f 582/1/473 583/1/474 584/1/475
f 582/1/473 584/1/475 585/1/476
f 583/1/474 586/1/477 587/1/478
f 583/1/474 587/1/478 584/1/475
f 587/1/478 586/1/477 588/1/479
f 587/1/478 588/1/479 589/1/480
f 130/1/84 139/1/92 131/1/85
f 580/1/471 136/1/89 138/1/91
f 580/1/471 138/1/91 590/1/481
f 568/1/459 580/1/471 590/1/481
f 589/1/480 588/1/479 591/1/482
f 589/1/480 591/1/482 592/1/483
f 581/1/472 580/1/471 593/1/484
f 581/1/472 593/1/484 594/1/485
f 592/1/483 591/1/482 595/1/486
f 585/1/476 584/1/475 596/1/487
f 584/1/475 587/1/478 597/1/488
f 584/1/475 597/1/488 596/1/487
f 587/1/478 589/1/480 598/1/489
f 587/1/478 598/1/489 597/1/488
f 582/1/473 585/1/476 599/1/490
f 582/1/473 599/1/490 600/1/491
f 601/1/492 600/1/491 599/1/490
f 585/1/476 596/1/487 602/1/493
f 585/1/476 602/1/493 599/1/490
f 599/1/490 602/1/493 601/1/492
f 601/1/492 602/1/493 603/1/494
f 601/1/492 603/1/494 604/1/495
f 143/1/496 142/1/415 147/1/416
f 605/1/497 582/1/473 600/1/491
f 605/1/497 600/1/491 606/1/498
f 607/1/499 583/1/474 582/1/473
f 607/1/499 582/1/473 605/1/497
f 583/1/474 607/1/499 608/1/500
f 583/1/474 608/1/500 586/1/477
f 586/1/477 608/1/500 609/1/501
f 586/1/477 609/1/501 588/1/479
f 588/1/479 609/1/501 591/1/482
f 568/1/459 567/1/458 593/1/484
f 568/1/459 593/1/484 580/1/471
f 567/1/458 566/1/456 610/1/502
f 567/1/458 610/1/502 611/1/503
f 593/1/484 567/1/458 611/1/503
f 593/1/484 611/1/503 595/1/486
f 551/1/437 610/1/502 566/1/456
f 551/1/437 566/1/456 552/1/438
f 612/1/504 613/1/505 155/1/101
f 612/1/504 155/1/101 154/1/100
f 614/1/506 612/1/504 154/1/100
f 614/1/506 154/1/100 615/1/507
f 597/1/488 148/1/508 151/1/509
f 597/1/488 151/1/509 596/1/487
f 148/1/508 149/1/510 151/1/509
f 598/1/489 150/1/511 148/1/508
f 598/1/489 148/1/508 597/1/488
f 614/1/506 615/1/507 150/1/511
f 614/1/506 150/1/511 598/1/489
f 596/1/487 151/1/509 152/1/512
f 596/1/487 152/1/512 602/1/493
f 602/1/493 152/1/512 616/1/513
f 602/1/493 616/1/513 603/1/494
f 152/1/512 153/1/514 616/1/513
f 551/1/437 550/1/436 617/1/515
f 155/1/101 613/1/505 618/1/516
f 155/1/101 618/1/516 157/1/103
f 592/1/483 619/1/517 589/1/480
f 595/1/486 620/1/518 619/1/517
f 595/1/486 619/1/517 592/1/483
f 620/1/518 614/1/506 619/1/517
f 610/1/502 621/1/519 622/1/520
f 610/1/502 622/1/520 611/1/503
f 621/1/519 613/1/505 612/1/504
f 621/1/519 612/1/504 622/1/520
f 611/1/503 622/1/520 620/1/518
f 611/1/503 620/1/518 595/1/486
f 551/1/437 623/1/521 621/1/519
f 551/1/437 621/1/519 610/1/502
f 623/1/521 613/1/505 621/1/519
f 613/1/505 623/1/521 624/1/522
f 613/1/505 624/1/522 618/1/516
f 623/1/521 551/1/437 617/1/515
f 623/1/521 617/1/515 624/1/522
f 589/1/480 619/1/517 614/1/506
f 589/1/480 614/1/506 598/1/489
f 41/1/24 615/1/507 154/1/100
f 625/1/523 182/1/524 162/1/106
f 625/1/523 162/1/106 161/1/105
f 559/1/445 182/1/524 625/1/523
f 559/1/445 625/1/523 627/1/525
f 625/1/523 161/1/105 628/1/526
f 625/1/523 628/1/526 629/1/527
f 161/1/105 165/1/108 630/1/528
f 161/1/105 630/1/528 628/1/526
f 165/1/108 169/1/529 631/1/530
f 165/1/108 631/1/530 630/1/528
f 169/1/529 626/1/531 632/1/532
f 169/1/529 632/1/532 631/1/530
f 629/1/527 628/1/526 633/1/533
f 629/1/527 633/1/533 634/1/534
f 628/1/526 630/1/528 635/1/535
f 628/1/526 635/1/535 633/1/533
f 630/1/528 631/1/530 636/1/536
f 630/1/528 636/1/536 635/1/535
f 631/1/530 632/1/532 636/1/536
f 625/1/523 629/1/527 637/1/537
f 625/1/523 637/1/537 627/1/525
f 629/1/527 634/1/534 638/1/538
f 629/1/527 638/1/538 637/1/537
f 637/1/537 638/1/538 639/1/539
f 637/1/537 639/1/539 640/1/540
f 640/1/540 639/1/539 641/1/541
f 640/1/540 641/1/541 642/1/542
f 642/1/542 641/1/541 168/1/543
f 642/1/542 168/1/543 167/1/118
f 643/1/544 644/1/545 645/1/546
f 643/1/544 645/1/546 646/1/547
f 646/1/547 645/1/546 647/1/548
f 646/1/547 647/1/548 648/1/549
f 649/1/550 648/1/549 650/1/551
f 649/1/550 650/1/551 651/1/552
f 648/1/549 647/1/548 652/1/553
f 648/1/549 652/1/553 650/1/551
f 653/1/554 654/1/555 655/1/556
f 653/1/554 655/1/556 656/1/557
f 649/1/550 653/1/554 656/1/557
f 649/1/550 656/1/557 657/1/558
f 648/1/549 649/1/550 657/1/558
f 648/1/549 657/1/558 658/1/559
f 643/1/544 646/1/547 659/1/560
f 643/1/544 659/1/560 660/1/561
f 646/1/547 648/1/549 658/1/559
f 646/1/547 658/1/559 659/1/560
f 656/1/557 655/1/556 661/1/562
f 657/1/558 656/1/557 661/1/562
f 658/1/559 657/1/558 661/1/562
f 660/1/561 659/1/560 661/1/562
f 659/1/560 658/1/559 661/1/562
f 618/1/516 642/1/542 167/1/118
f 618/1/516 167/1/118 157/1/103
f 662/1/563 637/1/537 640/1/540
f 662/1/563 640/1/540 663/1/564
f 618/1/516 624/1/522 663/1/564
f 618/1/516 663/1/564 640/1/540
f 618/1/516 640/1/540 642/1/542
f 550/1/436 559/1/445 627/1/525
f 550/1/436 627/1/525 617/1/515
f 617/1/515 662/1/563 663/1/564
f 617/1/515 663/1/564 624/1/522
f 654/1/555 664/1/565 665/1/566
f 654/1/555 665/1/566 655/1/556
f 664/1/565 643/1/544 660/1/561
f 664/1/565 660/1/561 665/1/566
f 655/1/556 665/1/566 661/1/562
f 665/1/566 660/1/561 661/1/562
f 569/1/460 666/1/567 667/1/568
f 569/1/460 667/1/568 570/1/461
f 666/1/567 654/1/555 653/1/554
f 666/1/567 653/1/554 667/1/568
f 570/1/461 667/1/568 668/1/569
f 570/1/461 668/1/569 571/1/462
f 667/1/568 653/1/554 649/1/550
f 667/1/568 649/1/550 668/1/569
f 571/1/462 668/1/569 572/1/463
f 669/1/570 670/1/571 569/1/460
f 669/1/570 569/1/460 671/1/572
f 672/1/573 673/1/574 670/1/571
f 672/1/573 670/1/571 669/1/570
f 673/1/574 672/1/573 644/1/545
f 644/1/545 643/1/544 664/1/565
f 644/1/545 664/1/565 673/1/574
f 569/1/460 670/1/571 666/1/567
f 569/1/460 532/1/418 535/1/421
f 569/1/460 535/1/421 671/1/572
f 664/1/565 670/1/571 673/1/574
f 654/1/555 666/1/567 670/1/571
f 654/1/555 670/1/571 664/1/565
f 536/1/422 181/1/575 674/1/576
f 536/1/422 674/1/576 537/1/423
f 181/1/575 182/1/524 674/1/576
f 572/1/463 188/1/577 181/1/575
f 572/1/463 181/1/575 536/1/422
f 674/1/576 182/1/524 559/1/445
f 188/1/577 572/1/463 651/1/552
f 188/1/577 651/1/552 189/1/578
f 650/1/551 675/1/579 189/1/578
f 650/1/551 189/1/578 651/1/552
f 675/1/579 190/1/580 189/1/578
f 652/1/553 192/1/581 675/1/579
f 652/1/553 675/1/579 650/1/551
f 557/1/443 537/1/423 674/1/576
f 557/1/443 674/1/576 559/1/445
f 573/1/464 676/1/582 677/1/583
f 573/1/464 677/1/583 574/1/465
f 676/1/582 601/1/492 604/1/495
f 676/1/582 604/1/495 677/1/583
f 576/1/467 678/1/584 676/1/582
f 576/1/467 676/1/582 573/1/464
f 678/1/584 600/1/491 601/1/492
f 678/1/584 601/1/492 676/1/582
f 577/1/468 679/1/585 680/1/586
f 577/1/468 680/1/586 575/1/466
f 679/1/585 605/1/497 606/1/498
f 679/1/585 606/1/498 680/1/586
f 578/1/469 681/1/587 679/1/585
f 578/1/469 679/1/585 577/1/468
f 681/1/587 607/1/499 605/1/497
f 681/1/587 605/1/497 679/1/585
f 607/1/499 681/1/587 682/1/588
f 607/1/499 682/1/588 608/1/500
f 681/1/587 578/1/469 579/1/470
f 681/1/587 579/1/470 682/1/588
f 608/1/500 682/1/588 683/1/589
f 608/1/500 683/1/589 609/1/501
f 682/1/588 579/1/470 581/1/472
f 682/1/588 581/1/472 683/1/589
f 609/1/501 683/1/589 594/1/485
f 609/1/501 594/1/485 591/1/482
f 683/1/589 581/1/472 594/1/485
f 575/1/466 680/1/586 678/1/584
f 575/1/466 678/1/584 576/1/467
f 680/1/586 606/1/498 600/1/491
f 680/1/586 600/1/491 678/1/584
f 593/1/484 595/1/486 591/1/482
f 593/1/484 591/1/482 594/1/485
f 684/1/590 322/1/239 509/1/386
f 520/1/591 685/1/592 113/1/401
f 505/1/382 684/1/590 509/1/386
f 505/1/382 509/1/386 502/1/379
f 108/1/73 113/1/401 685/1/592
f 108/1/73 685/1/592 109/1/74
f 54/1/36 62/1/40 330/1/410
f 54/1/36 330/1/410 528/1/412
f 9/1/19 13/1/593 150/1/511
f 41/1/24 9/1/19 150/1/511
f 41/1/24 150/1/511 615/1/507
f 46/1/28 54/1/36 528/1/412
f 46/1/28 528/1/412 529/1/414
f 686/1/594 529/1/414 141/1/413
f 46/1/28 529/1/414 686/1/594
f 46/1/28 686/1/594 47/1/29
f 198/1/595 47/1/29 686/1/594
f 141/1/413 198/1/595 686/1/594
f 106/1/71 104/1/70 687/1/596
f 106/1/71 687/1/596 688/1/597
f 106/1/71 688/1/597 121/1/81
f 200/1/153 689/1/598 690/1/599
f 200/1/153 690/1/599 203/1/139
f 691/1/600 203/1/139 690/1/599
f 204/1/140 203/1/139 691/1/600
f 693/1/601 694/1/602 690/1/599
f 693/1/601 690/1/599 695/1/603
f 696/1/604 693/1/601 695/1/603
f 696/1/604 695/1/603 697/1/605
f 698/1/606 696/1/604 697/1/605
f 694/1/602 691/1/600 690/1/599
f 692/1/607 699/1/608 698/1/606
f 692/1/607 698/1/606 205/1/609
f 700/1/610 204/1/140 691/1/600
f 699/1/608 701/1/611 698/1/606
f 702/1/612 703/1/613 696/1/604
f 704/1/614 705/1/615 694/1/602
f 706/1/616 707/1/617 693/1/601
f 705/1/615 700/1/610 691/1/600
f 705/1/615 691/1/600 694/1/602
f 707/1/617 704/1/614 694/1/602
f 707/1/617 694/1/602 693/1/601
f 703/1/613 706/1/616 693/1/601
f 703/1/613 693/1/601 696/1/604
f 701/1/611 702/1/612 696/1/604
f 701/1/611 696/1/604 698/1/606
f 225/1/157 708/1/618 709/1/619
f 225/1/157 709/1/619 224/1/156
f 219/1/620 710/1/621 209/1/622
f 219/1/620 209/1/622 208/1/623
f 213/1/624 212/1/625 710/1/621
f 213/1/624 710/1/621 219/1/620
f 222/1/151 711/1/626 689/1/598
f 222/1/151 689/1/598 200/1/153
f 224/1/156 709/1/619 711/1/626
f 224/1/156 711/1/626 222/1/151
f 221/1/150 224/1/156 222/1/151
f 231/1/627 229/1/628 712/1/629
f 233/1/630 231/1/627 712/1/629
f 713/1/631 237/1/164 228/1/166
f 236/1/632 713/1/631 228/1/166
f 714/1/633 244/1/173 237/1/164
f 714/1/633 237/1/164 713/1/631
f 715/1/634 714/1/633 713/1/631
f 715/1/634 713/1/631 236/1/632
f 714/1/633 700/1/610 705/1/615
f 714/1/633 705/1/615 244/1/173
f 715/1/634 204/1/140 700/1/610
f 715/1/634 700/1/610 714/1/633
f 244/1/173 705/1/615 704/1/614
f 244/1/173 704/1/614 716/1/635
f 716/1/635 704/1/614 707/1/617
f 716/1/635 707/1/617 717/1/636
f 717/1/636 304/1/222 718/1/637
f 717/1/636 718/1/637 719/1/638
f 720/1/639 244/1/173 721/1/640
f 244/1/173 716/1/635 722/1/641
f 244/1/173 722/1/641 721/1/640
f 716/1/635 717/1/636 719/1/638
f 716/1/635 719/1/638 722/1/641
f 719/1/638 718/1/637 723/1/642
f 721/1/640 722/1/641 723/1/642
f 722/1/641 719/1/638 723/1/642
f 723/1/642 718/1/637 724/1/643
f 723/1/642 724/1/643 725/1/644
f 725/1/644 724/1/643 253/1/645
f 252/1/646 725/1/644 253/1/645
f 255/1/181 259/1/185 256/1/182
f 726/1/647 266/1/191 260/1/186
f 267/1/193 726/1/647 260/1/186
f 727/1/648 271/1/196 266/1/191
f 727/1/648 266/1/191 726/1/647
f 717/1/636 727/1/648 726/1/647
f 717/1/636 726/1/647 267/1/193
f 304/1/222 717/1/636 267/1/193
f 727/1/648 706/1/616 703/1/613
f 727/1/648 703/1/613 271/1/196
f 717/1/636 707/1/617 706/1/616
f 717/1/636 706/1/616 727/1/648
f 271/1/196 703/1/613 702/1/612
f 271/1/196 702/1/612 728/1/649
f 728/1/649 702/1/612 701/1/611
f 728/1/649 701/1/611 276/1/650
f 272/1/197 271/1/196 279/1/200
f 271/1/196 728/1/649 729/1/651
f 271/1/196 729/1/651 279/1/200
f 728/1/649 276/1/650 281/1/652
f 728/1/649 281/1/652 729/1/651
f 279/1/200 729/1/651 283/1/204
f 729/1/651 281/1/652 283/1/204
f 287/1/207 299/1/219 291/1/209
f 292/1/653 295/1/212 305/1/223
f 730/1/654 731/1/655 293/1/210
f 732/1/656 730/1/654 293/1/210
f 733/1/657 302/1/224 731/1/655
f 733/1/657 731/1/655 730/1/654
f 276/1/650 733/1/657 730/1/654
f 276/1/650 730/1/654 732/1/656
f 277/1/658 276/1/650 732/1/656
f 733/1/657 699/1/608 692/1/607
f 733/1/657 692/1/607 302/1/224
f 276/1/650 701/1/611 699/1/608
f 276/1/650 699/1/608 733/1/657
f 302/1/224 692/1/607 306/1/225
f 690/1/599 689/1/598 734/1/659
f 690/1/599 734/1/659 735/1/660
f 695/1/603 690/1/599 735/1/660
f 695/1/603 735/1/660 737/1/661
f 697/1/605 695/1/603 737/1/661
f 697/1/605 737/1/661 736/1/662
f 710/1/621 212/1/625 312/1/663
f 710/1/621 312/1/663 356/1/260
f 689/1/598 711/1/626 738/1/664
f 689/1/598 738/1/664 734/1/659
f 711/1/626 709/1/619 351/1/257
f 711/1/626 351/1/257 738/1/664
f 735/1/660 734/1/659 346/1/253
f 735/1/660 346/1/253 352/1/258
f 313/1/230 736/1/662 314/1/231
f 737/1/661 735/1/660 352/1/258
f 737/1/661 352/1/258 739/1/665
f 736/1/662 737/1/661 739/1/665
f 736/1/662 739/1/665 314/1/231
f 356/1/260 312/1/663 358/1/265
f 738/1/664 351/1/257 348/1/255
f 739/1/665 352/1/258 338/1/247
f 347/1/254 346/1/253 734/1/659
f 734/1/659 738/1/664 348/1/255
f 734/1/659 348/1/255 347/1/254
f 338/1/247 63/1/235 314/1/231
f 338/1/247 314/1/231 739/1/665
f 335/1/666 354/1/667 349/1/668
f 209/1/622 710/1/621 356/1/260
f 209/1/622 356/1/260 308/1/259
f 740/1/669 741/1/670 742/1/671
f 740/1/669 742/1/671 743/1/672
f 741/1/670 322/1/239 684/1/590
f 741/1/670 684/1/590 742/1/671
f 743/1/672 742/1/671 744/1/673
f 743/1/672 744/1/673 745/1/674
f 742/1/671 684/1/590 505/1/382
f 742/1/671 505/1/382 744/1/673
f 746/1/675 747/1/676 318/1/677
f 746/1/675 318/1/677 317/1/678
f 747/1/676 685/1/592 520/1/591
f 747/1/676 520/1/591 318/1/677
f 748/1/679 749/1/680 747/1/676
f 748/1/679 747/1/676 746/1/675
f 749/1/680 109/1/74 685/1/592
f 749/1/680 685/1/592 747/1/676
f 750/1/681 320/1/237 741/1/670
f 750/1/681 741/1/670 740/1/669
f 320/1/237 322/1/239 741/1/670
f 751/1/682 752/1/683 324/1/241
f 751/1/682 324/1/241 323/1/240
f 752/1/683 507/1/384 98/1/66
f 752/1/683 98/1/66 324/1/241
f 753/1/684 754/1/685 752/1/683
f 753/1/684 752/1/683 751/1/682
f 754/1/685 504/1/381 507/1/384
f 754/1/685 507/1/384 752/1/683
f 755/1/686 749/1/680 748/1/679
f 745/1/674 744/1/673 754/1/685
f 745/1/674 754/1/685 753/1/684
f 744/1/673 505/1/382 504/1/381
f 744/1/673 504/1/381 754/1/685
f 68/1/44 756/1/687 757/1/688
f 68/1/44 757/1/688 104/1/70
f 758/1/689 759/1/690 327/1/691
f 758/1/689 327/1/691 145/1/97
f 759/1/690 218/1/147 42/1/152
f 759/1/690 42/1/152 327/1/691
f 145/1/97 327/1/691 146/1/98
f 218/1/147 759/1/690 760/1/692
f 218/1/147 760/1/692 214/1/143
f 759/1/690 758/1/689 688/1/597
f 759/1/690 688/1/597 760/1/692
f 242/1/171 248/1/177 246/1/176
f 242/1/171 246/1/176 243/1/172
f 30/1/178 226/1/158 243/1/172
f 244/1/173 720/1/639 235/1/165
f 30/1/178 243/1/172 246/1/176
f 214/1/143 760/1/692 215/1/144
f 760/1/692 688/1/597 687/1/596
f 760/1/692 687/1/596 215/1/144
f 215/1/144 687/1/596 104/1/70
f 215/1/144 104/1/70 757/1/688
f 761/1/693 756/1/687 68/1/44
f 761/1/693 68/1/44 67/1/43
f 572/1/463 668/1/569 649/1/550
f 572/1/463 649/1/550 651/1/552
f 762/1/694 763/1/695 764/1/696
f 762/1/694 764/1/696 482/1/366
f 763/1/695 372/1/276 368/1/273
f 763/1/695 368/1/273 764/1/696
f 765/1/697 766/1/698 767/1/699
f 765/1/697 767/1/699 768/1/700
f 766/1/698 406/1/299 411/1/302
f 766/1/698 411/1/302 767/1/699
f 769/1/701 770/1/702 766/1/698
f 769/1/701 766/1/698 765/1/697
f 770/1/702 415/1/303 406/1/299
f 770/1/702 406/1/299 766/1/698
f 771/1/703 770/1/702 769/1/701
f 768/1/700 767/1/699 763/1/695
f 768/1/700 763/1/695 762/1/694
f 767/1/699 411/1/302 372/1/276
f 767/1/699 372/1/276 763/1/695
f 482/1/366 764/1/696 772/1/704
f 482/1/366 772/1/704 480/1/364
f 764/1/696 368/1/273 367/1/272
f 764/1/696 367/1/272 772/1/704
f 486/1/368 773/1/705 772/1/704
f 486/1/368 772/1/704 367/1/272
f 773/1/705 498/1/706 480/1/364
f 773/1/705 480/1/364 772/1/704
f 498/1/706 773/1/705 510/1/387
f 489/1/370 510/1/387 773/1/705
f 489/1/370 773/1/705 486/1/368
f 761/1/693 334/1/707 336/1/708
f 761/1/693 336/1/708 756/1/687
f 756/1/687 336/1/708 337/1/709
f 756/1/687 337/1/709 757/1/688
f 215/1/144 757/1/688 337/1/709
f 215/1/144 337/1/709 216/1/145
f 481/1/365 480/1/364 498/1/706
f 481/1/365 498/1/706 774/1/710
f 67/1/43 775/1/711 776/1/712
f 67/1/43 776/1/712 761/1/693
f 775/1/711 482/1/366 481/1/365
f 775/1/711 481/1/365 776/1/712
f 72/1/46 777/1/713 775/1/711
f 72/1/46 775/1/711 67/1/43
f 777/1/713 762/1/694 482/1/366
f 777/1/713 482/1/366 775/1/711
f 76/1/48 778/1/714 777/1/713
f 76/1/48 777/1/713 72/1/46
f 778/1/714 768/1/700 762/1/694
f 778/1/714 762/1/694 777/1/713
f 82/1/53 779/1/715 778/1/714
f 82/1/53 778/1/714 76/1/48
f 779/1/715 765/1/697 768/1/700
f 779/1/715 768/1/700 778/1/714
f 86/1/56 780/1/716 779/1/715
f 86/1/56 779/1/715 82/1/53
f 780/1/716 769/1/701 765/1/697
f 780/1/716 765/1/697 779/1/715
f 91/1/61 781/1/717 780/1/716
f 91/1/61 780/1/716 86/1/56
f 781/1/717 771/1/703 769/1/701
f 781/1/717 769/1/701 780/1/716
f 97/1/65 340/1/249 782/1/718
f 97/1/65 782/1/718 93/1/62
f 340/1/249 88/1/58 363/1/270
f 340/1/249 363/1/270 782/1/718
f 761/1/693 776/1/712 783/1/719
f 761/1/693 783/1/719 334/1/707
f 776/1/712 481/1/365 774/1/710
f 776/1/712 774/1/710 783/1/719
f 784/1/720 398/1/294 397/1/293
f 784/1/720 785/1/721 398/1/294
f 786/1/722 787/1/723 424/1/311
f 397/1/293 787/1/723 784/1/720
f 397/1/293 424/1/311 787/1/723
f 440/1/321 398/1/294 785/1/721
f 146/1/98 344/1/724 788/1/725
f 146/1/98 788/1/725 23/1/16
f 333/1/256 792/1/726 791/1/727
f 23/1/16 788/1/725 345/1/252
f 22/1/15 135/1/88 145/1/97
f 135/1/88 758/1/689 145/1/97
f 758/1/689 135/1/88 688/1/597
f 135/1/88 121/1/81 688/1/597
f 510/1/387 794/1/728 498/1/706
f 794/1/728 499/1/729 498/1/706
f 509/1/386 357/1/261 510/1/387
f 794/1/728 510/1/387 357/1/261
f 499/1/729 794/1/728 357/1/261
f 499/1/729 357/1/261 359/1/266
f 357/1/261 509/1/386 322/1/239
f 364/1/730 483/1/731 795/1/732
f 394/1/733 796/1/734 797/1/735
f 394/1/733 798/1/736 796/1/734
f 797/1/735 483/1/731 364/1/730
f 797/1/735 796/1/734 483/1/731
f 394/1/733 800/1/737 799/1/738
f 394/1/733 797/1/735 800/1/737
f 797/1/735 366/1/739 800/1/737
f 797/1/735 364/1/730 366/1/739
f 381/1/285 799/1/738 374/1/740
f 799/1/738 800/1/737 374/1/740
f 800/1/737 366/1/739 374/1/740
f 381/1/285 375/1/741 378/1/282
f 381/1/285 374/1/740 375/1/741
f 379/1/283 378/1/282 383/1/742
f 378/1/282 375/1/741 383/1/742
f 384/1/743 801/1/744 385/1/745
f 801/1/744 391/1/746 385/1/745
f 429/1/747 801/1/744 384/1/743
f 429/1/747 390/1/748 801/1/744
f 390/1/748 391/1/746 801/1/744
f 802/1/749 405/1/750 390/1/748
f 396/1/751 802/1/749 390/1/748
f 803/1/752 405/1/750 802/1/749
f 803/1/752 394/1/733 405/1/750
f 395/1/753 802/1/749 396/1/751
f 395/1/753 803/1/752 802/1/749
f 803/1/752 798/1/736 394/1/733
f 803/1/752 804/1/754 798/1/736
f 395/1/753 804/1/754 803/1/752
f 395/1/753 805/1/755 804/1/754
f 400/1/756 519/1/402 413/1/403
f 443/1/324 806/1/757 807/1/758
f 443/1/324 808/1/759 806/1/757
f 807/1/758 805/1/755 395/1/753
f 807/1/758 806/1/757 805/1/755
f 443/1/324 809/1/760 409/1/404
f 443/1/324 807/1/758 809/1/760
f 807/1/758 403/1/761 809/1/760
f 807/1/758 395/1/753 403/1/761
f 409/1/404 809/1/760 412/1/405
f 809/1/760 403/1/761 412/1/405
f 422/1/308 423/1/310 810/1/762
f 810/1/762 423/1/310 421/1/763
f 423/1/310 420/1/764 421/1/763
f 418/1/306 811/1/765 419/1/307
f 812/1/766 444/1/326 432/1/355
f 437/1/320 812/1/766 432/1/355
f 813/1/767 444/1/326 812/1/766
f 813/1/767 443/1/324 444/1/326
f 436/1/319 812/1/766 437/1/320
f 436/1/319 813/1/767 812/1/766
f 813/1/767 808/1/759 443/1/324
f 813/1/767 814/1/768 808/1/759
f 436/1/319 814/1/768 813/1/767
f 436/1/319 815/1/769 814/1/768
f 816/1/770 817/1/771 818/1/772
f 816/1/770 526/1/773 817/1/771
f 818/1/772 815/1/769 436/1/319
f 818/1/772 817/1/771 815/1/769
f 816/1/770 821/1/774 820/1/775
f 816/1/770 818/1/772 821/1/774
f 818/1/772 819/1/776 821/1/774
f 818/1/772 436/1/319 819/1/776
f 820/1/775 821/1/774 455/1/777
f 821/1/774 819/1/776 455/1/777
f 460/1/345 459/1/344 462/1/778
f 459/1/344 456/1/779 462/1/778
f 475/1/359 478/1/780 476/1/360
f 465/1/350 743/1/672 468/1/351
f 465/1/350 740/1/669 743/1/672
f 468/1/351 745/1/674 470/1/353
f 468/1/351 743/1/672 745/1/674
f 476/1/360 317/1/678 477/1/361
f 476/1/360 746/1/675 317/1/678
f 478/1/780 746/1/675 476/1/360
f 478/1/780 748/1/679 746/1/675
f 798/1/736 822/1/781 484/1/782
f 798/1/736 804/1/754 822/1/781
f 805/1/755 823/1/783 822/1/781
f 805/1/755 806/1/757 823/1/783
f 808/1/759 824/1/784 823/1/783
f 808/1/759 814/1/768 824/1/784
f 815/1/769 825/1/785 824/1/784
f 815/1/769 817/1/771 825/1/785
f 806/1/757 808/1/759 823/1/783
f 814/1/768 815/1/769 824/1/784
f 804/1/754 805/1/755 822/1/781
f 796/1/734 798/1/736 484/1/782
f 817/1/771 526/1/773 825/1/785
f 483/1/731 796/1/734 484/1/782
f 824/1/784 825/1/785 753/1/684
f 484/1/782 822/1/781 323/1/240
f 822/1/781 751/1/682 323/1/240
f 822/1/781 823/1/783 751/1/682
f 823/1/783 753/1/684 751/1/682
f 823/1/783 824/1/784 753/1/684
f 490/1/786 795/1/732 483/1/731
f 526/1/773 494/1/375 825/1/785
f 825/1/785 494/1/375 753/1/684
f 470/1/353 753/1/684 494/1/375
f 470/1/353 745/1/674 753/1/684
f 478/1/780 487/1/787 748/1/679
f 400/1/756 361/1/268 519/1/402
f 399/1/298 361/1/268 400/1/756
f 519/1/402 361/1/268 497/1/788
f 446/1/332 519/1/402 497/1/788
f 359/1/266 503/1/380 826/1/789
f 359/1/266 826/1/789 354/1/667
f 359/1/266 354/1/667 499/1/729
f 320/1/237 750/1/681 506/1/383
f 250/1/790 274/1/791 511/1/390
f 274/1/791 197/1/392 511/1/390
f 827/1/792 514/1/793 511/1/390
f 513/1/389 827/1/792 511/1/390
f 15/1/27 47/1/29 16/1/794
f 53/1/35 52/1/34 64/1/795
f 53/1/35 64/1/795 59/1/234
f 637/1/537 662/1/563 627/1/525
f 662/1/563 617/1/515 627/1/525
f 487/1/787 755/1/686 748/1/679
f 464/1/796 740/1/669 465/1/350
f 464/1/796 750/1/681 740/1/669
f 531/1/797 829/1/798 830/1/799
f 831/1/800 501/1/378 488/1/369
f 495/1/377 831/1/800 488/1/369
f 831/1/800 508/1/385 501/1/378
f 508/1/385 831/1/800 518/1/397
f 508/1/385 518/1/397 99/1/67
f 831/1/800 495/1/377 96/1/376
f 831/1/800 96/1/376 518/1/397
f 118/1/395 518/1/397 96/1/376
f 491/1/372 485/1/367 370/1/275
f 493/1/374 470/1/353 494/1/375
f 491/1/372 370/1/275 380/1/284
f 492/1/373 494/1/375 526/1/773
f 495/1/377 488/1/369 485/1/367
f 495/1/377 485/1/367 491/1/372
f 326/1/264 61/1/246 316/1/233
f 326/1/264 316/1/233 278/1/199
f 429/1/747 396/1/751 390/1/748
f 612/1/504 614/1/506 620/1/518
f 612/1/504 620/1/518 622/1/520
f 832/1/801 833/1/802 834/1/803
f 832/1/801 835/1/804 833/1/802
f 836/1/805 835/1/804 832/1/801
f 836/1/805 837/1/806 835/1/804
f 838/1/807 837/1/806 836/1/805
f 838/1/807 839/1/808 837/1/806
f 840/1/809 841/1/810 842/1/811
f 840/1/809 843/1/812 841/1/810
f 842/1/811 844/1/813 845/1/814
f 842/1/811 841/1/810 844/1/813
f 845/1/814 846/1/815 847/1/816
f 845/1/814 844/1/813 846/1/815
f 471/1/354 440/1/321 441/1/322
f 471/1/354 441/1/322 473/1/357
f 398/1/294 397/1/293 427/1/312
f 398/1/294 427/1/312 402/1/296
f 371/1/297 399/1/298 404/1/817
f 410/1/309 420/1/764 423/1/310
f 410/1/309 412/1/405 420/1/764
f 440/1/321 398/1/294 401/1/295
f 440/1/321 401/1/295 442/1/323
f 469/1/352 467/1/349 468/1/351
f 848/1/818 849/1/819 850/1/820
f 856/1/821 857/1/822 858/1/823
f 851/1/824 860/1/825 852/1/826
f 861/1/827 863/1/828 862/1/829
f 861/1/827 864/1/830 863/1/828
f 850/1/820 866/1/831 848/1/818
f 850/1/820 868/1/832 866/1/831
f 851/1/824 868/1/832 850/1/820
f 855/1/833 871/1/834 854/1/835
f 870/1/836 872/1/837 873/1/838
f 855/1/833 866/1/831 871/1/834
f 874/1/839 875/1/840 876/1/841
f 848/1/818 866/1/831 855/1/833
f 852/1/826 868/1/832 851/1/824
f 852/1/826 877/1/842 868/1/832
f 853/1/843 877/1/842 852/1/826
f 876/1/841 875/1/840 878/1/844
f 853/1/843 879/1/845 877/1/842
f 868/1/832 881/1/846 866/1/831
f 35/1/130 882/1/847 883/1/848
f 866/1/831 881/1/846 871/1/834
f 884/1/849 885/1/850 882/1/847
f 877/1/842 881/1/846 868/1/832
f 882/1/847 886/1/851 883/1/848
f 879/1/845 881/1/846 877/1/842
f 879/1/845 887/1/852 881/1/846
f 882/1/847 885/1/850 886/1/851
f 854/1/835 871/1/834 887/1/852
f 888/1/853 889/1/854 890/1/855
f 853/1/843 887/1/852 879/1/845
f 873/1/838 872/1/837 891/1/856
f 871/1/834 881/1/846 887/1/852
f 873/1/838 891/1/856 884/1/849
f 888/1/853 892/1/857 889/1/854
f 892/1/857 893/1/858 889/1/854
f 857/1/822 894/1/859 895/1/860
f 857/1/822 862/1/829 894/1/859
f 858/1/823 895/1/860 900/1/861
f 901/1/862 902/1/863 903/1/864
f 858/1/823 857/1/822 895/1/860
f 896/1/865 898/1/866 897/1/867
f 901/1/862 904/1/868 902/1/863
f 908/1/869 909/1/870 910/1/871
f 865/1/872 900/1/861 911/1/873
f 908/1/869 912/1/874 909/1/870
f 865/1/872 858/1/823 900/1/861
f 911/1/873 867/1/875 865/1/872
f 914/1/876 915/1/877 916/1/878
f 70/1/279 917/1/879 918/1/880
f 914/1/876 919/1/881 915/1/877
f 70/1/279 73/1/327 917/1/879
f 919/1/881 920/1/882 915/1/877
f 73/1/327 921/1/883 917/1/879
f 919/1/881 922/1/884 920/1/882
f 922/1/884 924/1/885 920/1/882
f 922/1/884 925/1/886 924/1/885
f 925/1/886 926/1/887 924/1/885
f 925/1/886 928/1/888 926/1/887
f 928/1/888 87/1/57 926/1/887
f 930/1/889 931/1/890 932/1/891
f 928/1/888 91/1/61 87/1/57
f 93/1/62 935/1/892 94/1/63
f 936/1/893 934/1/894 933/1/895
f 93/1/62 937/1/896 935/1/892
f 938/1/897 939/1/898 940/1/899
f 915/1/877 944/1/900 916/1/878
f 942/1/901 945/1/902 943/1/903
f 915/1/877 946/1/904 944/1/900
f 920/1/882 946/1/904 915/1/877
f 920/1/882 949/1/905 946/1/904
f 950/1/906 932/1/891 931/1/890
f 924/1/885 949/1/905 920/1/882
f 950/1/906 931/1/890 951/1/907
f 924/1/885 952/1/908 949/1/905
f 950/1/906 953/1/909 954/1/910
f 926/1/887 952/1/908 924/1/885
f 950/1/906 951/1/907 955/1/911
f 926/1/887 956/1/912 952/1/908
f 87/1/57 956/1/912 926/1/887
f 950/1/906 955/1/911 953/1/909
f 87/1/57 116/1/78 956/1/912
f 958/1/913 954/1/910 953/1/909
f 935/1/892 117/1/79 94/1/63
f 935/1/892 959/1/914 117/1/79
f 83/1/54 120/1/915 957/1/916
f 949/1/905 960/1/917 946/1/904
f 952/1/908 960/1/917 949/1/905
f 124/1/454 961/1/918 962/1/919
f 952/1/908 963/1/920 960/1/917
f 964/1/921 965/1/922 966/1/923
f 956/1/912 963/1/920 952/1/908
f 956/1/912 967/1/924 963/1/920
f 116/1/78 967/1/924 956/1/912
f 116/1/78 134/1/87 967/1/924
f 966/1/923 965/1/922 970/1/925
f 963/1/920 971/1/926 960/1/917
f 963/1/920 973/1/927 971/1/926
f 967/1/924 973/1/927 963/1/920
f 967/1/924 976/1/928 973/1/927
f 977/1/929 978/1/930 979/1/931
f 134/1/87 976/1/928 967/1/924
f 977/1/929 980/1/932 978/1/930
f 134/1/87 144/1/96 976/1/928
f 971/1/926 870/1/836 869/1/933
f 971/1/926 973/1/927 870/1/836
f 973/1/927 872/1/837 870/1/836
f 973/1/927 976/1/928 872/1/837
f 874/1/839 991/1/934 875/1/840
f 990/1/935 164/1/936 159/1/937
f 990/1/935 994/1/938 164/1/936
f 884/1/849 998/1/939 885/1/850
f 998/1/939 174/1/117 885/1/850
f 989/1/940 1001/1/941 995/1/942
f 998/1/939 176/1/120 174/1/117
f 1002/1/943 179/1/123 178/1/122
f 1003/1/944 179/1/123 1002/1/943
f 1004/1/945 1005/1/946 1006/1/947
f 183/1/125 179/1/123 1003/1/944
f 185/1/126 176/1/120 998/1/939
f 35/1/130 883/1/848 187/1/131
f 1007/1/948 1004/1/945 1006/1/947
f 885/1/850 191/1/134 886/1/851
f 885/1/850 174/1/117 191/1/134
f 187/1/131 1009/1/949 194/1/135
f 187/1/131 883/1/848 1009/1/949
f 979/1/931 1011/1/950 977/1/929
f 194/1/135 1002/1/943 178/1/122
f 194/1/135 1009/1/949 1002/1/943
f 883/1/848 1015/1/951 1009/1/949
f 883/1/848 886/1/851 1015/1/951
f 1009/1/949 1003/1/944 1002/1/943
f 1009/1/949 1015/1/951 1003/1/944
f 1018/1/952 1019/1/953 1020/1/954
f 886/1/851 207/1/141 1015/1/951
f 886/1/851 191/1/134 207/1/141
f 1015/1/951 183/1/125 1003/1/944
f 1015/1/951 207/1/141 183/1/125
f 1018/1/952 1020/1/954 1023/1/955
f 891/1/856 144/1/96 185/1/126
f 185/1/126 884/1/849 891/1/856
f 1024/1/956 1025/1/957 1021/1/958
f 185/1/126 998/1/939 884/1/849
f 976/1/928 891/1/856 872/1/837
f 976/1/928 144/1/96 891/1/856
f 1029/1/959 1030/1/960 1031/1/961
f 1029/1/959 1032/1/962 1030/1/960
f 1033/1/963 1032/1/962 1029/1/959
f 1033/1/963 1035/1/964 1032/1/962
f 890/1/855 1035/1/964 1033/1/963
f 1014/1/965 1013/1/966 1036/1/967
f 890/1/855 889/1/854 1035/1/964
f 1040/1/968 1041/1/969 1042/1/970
f 1032/1/962 1043/1/971 1030/1/960
f 1040/1/968 1044/1/972 1041/1/969
f 1032/1/962 1045/1/973 1043/1/971
f 1035/1/964 1045/1/973 1032/1/962
f 1035/1/964 1047/1/974 1045/1/973
f 889/1/854 1047/1/974 1035/1/964
f 889/1/854 893/1/858 1047/1/974
f 1040/1/968 1042/1/970 1049/1/975
f 1050/1/976 1042/1/970 1048/1/977
f 241/1/170 1054/1/978 242/1/171
f 1055/1/979 1050/1/976 1048/1/977
f 241/1/170 1056/1/980 1054/1/978
f 33/1/175 1057/1/981 880/1/982
f 1058/1/983 1059/1/984 1060/1/985
f 33/1/175 248/1/177 1057/1/981
f 1060/1/985 1061/1/986 1053/1/987
f 875/1/840 1057/1/981 878/1/844
f 1053/1/987 1051/1/988 1062/1/989
f 875/1/840 880/1/982 1057/1/981
f 1058/1/983 1060/1/985 1062/1/989
f 1039/1/990 1063/1/991 896/1/865
f 1039/1/990 1054/1/978 1063/1/991
f 1066/1/992 1067/1/993 1068/1/994
f 896/1/865 1069/1/995 898/1/866
f 1070/1/996 1068/1/994 1071/1/997
f 896/1/865 1063/1/991 1069/1/995
f 1071/1/997 1068/1/994 1072/1/998
f 1056/1/980 1063/1/991 1054/1/978
f 1071/1/997 1072/1/998 1073/1/999
f 261/1/187 1074/1/1000 262/1/188
f 261/1/187 1075/1/1001 1074/1/1000
f 262/1/188 1056/1/980 241/1/170
f 1051/1/988 1052/1/1002 1077/1/1003
f 262/1/188 1074/1/1000 1056/1/980
f 1071/1/997 1073/1/999 1078/1/1004
f 1056/1/980 1069/1/995 1063/1/991
f 1070/1/996 1066/1/992 1068/1/994
f 1056/1/980 1074/1/1000 1069/1/995
f 1047/1/974 1080/1/1005 1045/1/973
f 1047/1/974 1081/1/1006 1080/1/1005
f 893/1/858 1081/1/1006 1047/1/974
f 893/1/858 1084/1/1007 1081/1/1006
f 1083/1/1008 1079/1/1009 1085/1/1010
f 1087/1/1011 1088/1/1012 1010/1/1013
f 1045/1/973 1091/1/1014 1043/1/971
f 1088/1/1012 1092/1/1015 1083/1/1008
f 1045/1/973 1080/1/1005 1091/1/1014
f 1069/1/995 899/1/1016 898/1/866
f 1089/1/1017 1094/1/1018 1090/1/1019
f 1069/1/995 1095/1/1020 899/1/1016
f 1094/1/1018 1096/1/1021 1090/1/1019
f 1074/1/1000 1095/1/1020 1069/1/995
f 1074/1/1000 1097/1/1022 1095/1/1020
f 1074/1/1000 1098/1/1023 1097/1/1022
f 1096/1/1021 1099/1/1024 1090/1/1019
f 1074/1/1000 1075/1/1001 1098/1/1023
f 903/1/864 1101/1/1025 1102/1/1026
f 903/1/864 902/1/863 1101/1/1025
f 1075/1/1001 904/1/868 1098/1/1023
f 1106/1/1027 1108/1/1028 1107/1/1029
f 1075/1/1001 902/1/863 904/1/868
f 959/1/914 935/1/892 1101/1/1025
f 935/1/892 1102/1/1026 1101/1/1025
f 117/1/79 1112/1/1030 300/1/220
f 117/1/79 959/1/914 1112/1/1030
f 300/1/220 1075/1/1001 261/1/187
f 300/1/220 1112/1/1030 1075/1/1001
f 959/1/914 902/1/863 1112/1/1030
f 1109/1/1031 1110/1/1032 1087/1/1011
f 959/1/914 1101/1/1025 902/1/863
f 1108/1/1028 1115/1/1033 1107/1/1029
f 1075/1/1001 1112/1/1030 902/1/863
f 1081/1/1006 1117/1/1034 1080/1/1005
f 1081/1/1006 1119/1/1035 1117/1/1034
f 1084/1/1007 1119/1/1035 1081/1/1006
f 1084/1/1007 1120/1/1036 1119/1/1035
f 1086/1/1037 1120/1/1036 1084/1/1007
f 1086/1/1037 1124/1/1038 1120/1/1036
f 1080/1/1005 1126/1/1039 1091/1/1014
f 1080/1/1005 1117/1/1034 1126/1/1039
f 1095/1/1020 906/1/1040 899/1/1016
f 1097/1/1022 906/1/1040 1095/1/1020
f 1097/1/1022 1130/1/1041 906/1/1040
f 1098/1/1023 1130/1/1041 1097/1/1022
f 1098/1/1023 905/1/1042 1130/1/1041
f 1136/1/1043 982/1/1044 888/1/853
f 904/1/868 905/1/1042 1098/1/1023
f 1119/1/1035 1139/1/1045 1117/1/1034
f 1119/1/1035 1140/1/1046 1139/1/1045
f 1120/1/1036 1140/1/1046 1119/1/1035
f 1141/1/1047 1142/1/1048 1143/1/1049
f 1120/1/1036 1144/1/1050 1140/1/1046
f 1124/1/1038 1144/1/1050 1120/1/1036
f 867/1/875 1143/1/1049 1142/1/1048
f 1124/1/1038 1146/1/1051 1144/1/1050
f 1147/1/1052 1149/1/1053 1148/1/1054
f 1126/1/1039 912/1/874 908/1/869
f 1126/1/1039 1151/1/1055 912/1/874
f 1117/1/1034 1151/1/1055 1126/1/1039
f 1117/1/1034 1139/1/1045 1151/1/1055
f 1130/1/1041 907/1/1056 906/1/1040
f 1130/1/1041 1153/1/1057 907/1/1056
f 905/1/1042 1153/1/1057 1130/1/1041
f 892/1/857 1155/1/1058 1156/1/1059
f 905/1/1042 913/1/1060 1153/1/1057
f 892/1/857 888/1/853 1155/1/1058
f 888/1/853 1157/1/1061 1155/1/1058
f 888/1/853 982/1/1044 1157/1/1061
f 1140/1/1046 1159/1/1062 1139/1/1045
f 1140/1/1046 1160/1/1063 1159/1/1062
f 873/1/838 884/1/849 882/1/847
f 1144/1/1050 1160/1/1063 1140/1/1046
f 873/1/838 882/1/847 1158/1/1064
f 1144/1/1050 1161/1/1065 1160/1/1063
f 1148/1/1054 1162/1/1066 1163/1/1067
f 1146/1/1051 1161/1/1065 1144/1/1050
f 1146/1/1051 1164/1/1068 1161/1/1065
f 1139/1/1045 1165/1/1069 1151/1/1055
f 1139/1/1045 1159/1/1062 1165/1/1069
f 1153/1/1057 1118/1/1070 907/1/1056
f 1153/1/1057 1168/1/1071 1118/1/1070
f 913/1/1060 1168/1/1071 1153/1/1057
f 913/1/1060 1170/1/1072 1168/1/1071
f 1171/1/1073 1172/1/1074 1173/1/1075
f 363/1/270 931/1/890 930/1/889
f 363/1/270 365/1/271 931/1/890
f 1174/1/1076 1176/1/1077 1175/1/1078
f 1177/1/1079 1178/1/1080 1179/1/1081
f 1177/1/1079 1180/1/1082 1178/1/1080
f 1179/1/1081 1181/1/1083 1182/1/1084
f 1179/1/1081 1178/1/1080 1181/1/1083
f 1176/1/1077 1183/1/1085 1175/1/1078
f 365/1/271 918/1/880 931/1/890
f 365/1/271 70/1/279 918/1/880
f 1180/1/1082 1185/1/1086 1178/1/1080
f 1180/1/1082 1188/1/1087 1185/1/1086
f 1178/1/1080 1190/1/1088 1181/1/1083
f 1178/1/1080 1185/1/1086 1190/1/1088
f 1194/1/1089 1195/1/1090 1196/1/1091
f 1194/1/1089 1197/1/1092 1195/1/1090
f 1198/1/1093 1199/1/1094 1200/1/1095
f 1196/1/1091 1201/1/1096 1202/1/1097
f 1203/1/1098 1200/1/1095 1204/1/1099
f 1196/1/1091 1195/1/1090 1201/1/1096
f 1202/1/1097 1207/1/1100 1208/1/1101
f 1202/1/1097 1201/1/1096 1207/1/1100
f 401/1/295 402/1/296 1207/1/1100
f 1181/1/1083 1197/1/1092 1194/1/1089
f 1181/1/1083 1190/1/1088 1197/1/1092
f 1212/1/1102 1198/1/1093 1200/1/1095
f 1213/1/1103 1214/1/1104 1215/1/1105
f 1213/1/1103 1218/1/1106 1214/1/1104
f 1215/1/1105 1194/1/1089 1196/1/1091
f 1210/1/1107 1220/1/1108 1221/1/1109
f 1215/1/1105 1214/1/1104 1194/1/1089
f 1223/1/1110 1215/1/1105 1224/1/1111
f 1225/1/1112 1226/1/1113 1227/1/1114
f 1223/1/1110 1213/1/1103 1215/1/1105
f 1224/1/1111 1196/1/1091 1202/1/1097
f 1224/1/1111 1215/1/1105 1196/1/1091
f 1231/1/1115 1202/1/1097 1208/1/1101
f 427/1/312 428/1/313 1231/1/1115
f 427/1/312 1231/1/1115 1208/1/1101
f 1231/1/1115 1224/1/1111 1202/1/1097
f 425/1/314 1231/1/1115 428/1/313
f 1218/1/1106 1182/1/1084 1214/1/1104
f 1221/1/1109 1220/1/1108 1222/1/1116
f 1182/1/1084 1194/1/1089 1214/1/1104
f 1182/1/1084 1181/1/1083 1194/1/1089
f 1197/1/1092 1234/1/1117 1195/1/1090
f 1197/1/1092 1235/1/1118 1234/1/1117
f 1195/1/1090 1237/1/1119 1201/1/1096
f 1195/1/1090 1234/1/1117 1237/1/1119
f 1240/1/1120 1241/1/1121 1242/1/1122
f 1201/1/1096 1243/1/1123 1207/1/1100
f 1201/1/1096 1237/1/1119 1243/1/1123
f 441/1/322 442/1/323 1243/1/1123
f 73/1/327 80/1/50 921/1/883
f 1190/1/1088 1235/1/1118 1197/1/1092
f 1240/1/1120 1246/1/1124 1241/1/1121
f 1190/1/1088 1249/1/1125 1235/1/1118
f 1251/1/1126 1252/1/1127 1253/1/1128
f 1251/1/1126 1254/1/1129 1252/1/1127
f 1255/1/1130 1256/1/1131 1257/1/1132
f 1253/1/1128 1258/1/1133 1249/1/1125
f 1253/1/1128 1252/1/1127 1258/1/1133
f 1235/1/1118 1261/1/1134 1234/1/1117
f 1256/1/1131 1262/1/1135 1257/1/1132
f 1235/1/1118 1263/1/1136 1261/1/1134
f 1234/1/1117 1266/1/1137 1237/1/1119
f 1267/1/1138 1268/1/1139 1264/1/1140
f 1234/1/1117 1261/1/1134 1266/1/1137
f 1237/1/1119 1270/1/1141 1243/1/1123
f 1237/1/1119 1266/1/1137 1270/1/1141
f 472/1/356 473/1/357 1270/1/1141
f 1271/1/1142 1273/1/1143 1272/1/1144
f 1273/1/1143 1128/1/1145 1127/1/1146
f 923/1/1147 1254/1/1129 1251/1/1126
f 1255/1/1130 1257/1/1132 1276/1/1148
f 923/1/1147 927/1/1149 1254/1/1129
f 1249/1/1125 1263/1/1136 1235/1/1118
f 1249/1/1125 1258/1/1133 1263/1/1136
f 1277/1/1150 1278/1/1151 1279/1/1152
f 1280/1/1153 1281/1/1154 1282/1/1155
f 1180/1/1082 1283/1/1156 1284/1/1157
f 1180/1/1082 1177/1/1079 1283/1/1156
f 1282/1/1155 1137/1/1158 1133/1/1159
f 1284/1/1157 1285/1/1160 1286/1/1161
f 1287/1/1162 1281/1/1154 1280/1/1153
f 1284/1/1157 1283/1/1156 1285/1/1160
f 1247/1/1163 1288/1/1164 933/1/895
f 1247/1/1163 1188/1/1087 1288/1/1164
f 933/1/895 1291/1/1165 936/1/893
f 933/1/895 1288/1/1164 1291/1/1165
f 1295/1/1166 1292/1/1167 1296/1/1168
f 1286/1/1161 1297/1/1169 1298/1/1170
f 1286/1/1161 1285/1/1160 1297/1/1169
f 1298/1/1170 1300/1/1171 1301/1/1172
f 1298/1/1170 1297/1/1169 1300/1/1171
f 940/1/899 1303/1/1173 938/1/897
f 1010/1/1013 1109/1/1031 1087/1/1011
f 940/1/899 1304/1/1174 1303/1/1173
f 1010/1/1013 1083/1/1008 1085/1/1010
f 1304/1/1174 1301/1/1172 1303/1/1173
f 1010/1/1013 1088/1/1012 1083/1/1008
f 1304/1/1174 1298/1/1170 1301/1/1172
f 1085/1/1010 1079/1/1009 1058/1/983
f 1285/1/1160 1305/1/1175 1297/1/1169
f 1062/1/989 1085/1/1010 1058/1/983
f 1285/1/1160 1306/1/1176 1305/1/1175
f 1281/1/1154 1137/1/1158 1282/1/1155
f 943/1/903 931/1/890 918/1/880
f 943/1/903 951/1/907 931/1/890
f 1312/1/1177 940/1/899 939/1/898
f 945/1/902 951/1/907 943/1/903
f 1312/1/1177 1311/1/1178 940/1/899
f 945/1/902 955/1/911 951/1/907
f 948/1/1179 955/1/911 945/1/902
f 948/1/1179 953/1/909 955/1/911
f 958/1/913 953/1/909 1314/1/1180
f 1315/1/1181 524/1/408 523/1/407
f 1185/1/1086 1188/1/1087 1316/1/1182
f 1185/1/1086 1251/1/1126 1253/1/1128
f 1185/1/1086 1316/1/1182 1251/1/1126
f 1188/1/1087 1247/1/1163 1316/1/1182
f 1247/1/1163 1251/1/1126 1316/1/1182
f 1247/1/1163 923/1/1147 1251/1/1126
f 1190/1/1088 1253/1/1128 1249/1/1125
f 1317/1/1183 1318/1/1184 1289/1/1185
f 1190/1/1088 1185/1/1086 1253/1/1128
f 1254/1/1129 1143/1/1049 1252/1/1127
f 1254/1/1129 1319/1/1186 1143/1/1049
f 1252/1/1127 1320/1/1187 1258/1/1133
f 1252/1/1127 1143/1/1049 1320/1/1187
f 1263/1/1136 979/1/931 1261/1/1134
f 1263/1/1136 1321/1/1188 979/1/931
f 1261/1/1134 978/1/930 1266/1/1137
f 1261/1/1134 979/1/931 978/1/930
f 1266/1/1137 147/1/416 1270/1/1141
f 147/1/416 472/1/356 1270/1/1141
f 1266/1/1137 978/1/930 147/1/416
f 929/1/1189 1322/1/1190 927/1/1149
f 927/1/1149 1319/1/1186 1254/1/1129
f 927/1/1149 1322/1/1190 1319/1/1186
f 1258/1/1133 1321/1/1188 1263/1/1136
f 1258/1/1133 1320/1/1187 1321/1/1188
f 1323/1/1191 534/1/420 1324/1/1192
f 1323/1/1191 535/1/421 534/1/420
f 1325/1/1193 1326/1/1194 1327/1/1195
f 1325/1/1193 1328/1/1196 1326/1/1194
f 1329/1/1197 542/1/428 1330/1/1198
f 1329/1/1197 543/1/429 542/1/428
f 1329/1/1197 544/1/430 543/1/429
f 1329/1/1197 1331/1/1199 544/1/430
f 1332/1/1200 544/1/430 1331/1/1199
f 1332/1/1200 547/1/433 544/1/430
f 1332/1/1200 534/1/420 547/1/433
f 1332/1/1200 1324/1/1192 534/1/420
f 1333/1/1201 1334/1/1202 1335/1/1203
f 1333/1/1201 1336/1/1204 1334/1/1202
f 1333/1/1201 1337/1/1205 1336/1/1204
f 1333/1/1201 1338/1/1206 1337/1/1205
f 1333/1/1201 1339/1/1207 1338/1/1206
f 1333/1/1201 1340/1/1208 1339/1/1207
f 1333/1/1201 1341/1/1209 1340/1/1208
f 1333/1/1201 1335/1/1203 1341/1/1209
f 1342/1/1210 1341/1/1209 1335/1/1203
f 1342/1/1210 1343/1/1211 1341/1/1209
f 1342/1/1210 1326/1/1194 1343/1/1211
f 1342/1/1210 1327/1/1195 1326/1/1194
f 1342/1/1210 1334/1/1202 1344/1/1212
f 1342/1/1210 1335/1/1203 1334/1/1202
f 1323/1/1191 1345/1/1213 1346/1/1214
f 1323/1/1191 1324/1/1192 1345/1/1213
f 1346/1/1214 1326/1/1194 1328/1/1196
f 1346/1/1214 1345/1/1213 1326/1/1194
f 1331/1/1199 1347/1/1215 1348/1/1216
f 1331/1/1199 1329/1/1197 1347/1/1215
f 1348/1/1216 1340/1/1208 1341/1/1209
f 1348/1/1216 1347/1/1215 1340/1/1208
f 1329/1/1197 1349/1/1217 1347/1/1215
f 1329/1/1197 1330/1/1198 1349/1/1217
f 1347/1/1215 1339/1/1207 1340/1/1208
f 1347/1/1215 1349/1/1217 1339/1/1207
f 1324/1/1192 1350/1/1218 1345/1/1213
f 1324/1/1192 1332/1/1200 1350/1/1218
f 1345/1/1213 1343/1/1211 1326/1/1194
f 1345/1/1213 1350/1/1218 1343/1/1211
f 1332/1/1200 1348/1/1216 1350/1/1218
f 1332/1/1200 1331/1/1199 1348/1/1216
f 1350/1/1218 1341/1/1209 1343/1/1211
f 1350/1/1218 1348/1/1216 1341/1/1209
f 1338/1/1206 964/1/921 1337/1/1205
f 1338/1/1206 975/1/1219 964/1/921
f 1339/1/1207 975/1/1219 1338/1/1206
f 1337/1/1205 966/1/923 1351/1/1220
f 1337/1/1205 964/1/921 966/1/923
f 1351/1/1220 1352/1/1221 1353/1/1222
f 1351/1/1220 966/1/923 1352/1/1221
f 1323/1/1191 1354/1/1223 1355/1/1224
f 1323/1/1191 1346/1/1214 1354/1/1223
f 1356/1/1225 1346/1/1214 1328/1/1196
f 1356/1/1225 1354/1/1223 1346/1/1214
f 1325/1/1193 1356/1/1225 1328/1/1196
f 1325/1/1193 1357/1/1226 1356/1/1225
f 542/1/428 1358/1/1227 1330/1/1198
f 542/1/428 574/1/465 1358/1/1227
f 1349/1/1217 1359/1/1228 1339/1/1207
f 1349/1/1217 1360/1/1229 1359/1/1228
f 1330/1/1198 1360/1/1229 1349/1/1217
f 1330/1/1198 1358/1/1227 1360/1/1229
f 1359/1/1228 975/1/1219 1339/1/1207
f 1359/1/1228 1361/1/1230 975/1/1219
f 975/1/1219 1362/1/1231 968/1/1232
f 975/1/1219 1361/1/1230 1362/1/1231
f 968/1/1232 1363/1/1233 972/1/1234
f 968/1/1232 1362/1/1231 1363/1/1233
f 1363/1/1233 1364/1/1235 972/1/1234
f 1363/1/1233 1365/1/1236 1364/1/1235
f 1366/1/1237 1367/1/1238 1368/1/1239
f 1366/1/1237 1369/1/1240 1367/1/1238
f 1368/1/1239 1370/1/1241 1371/1/1242
f 1368/1/1239 1367/1/1238 1370/1/1241
f 1370/1/1241 1372/1/1243 1371/1/1242
f 1370/1/1241 1373/1/1244 1372/1/1243
f 966/1/923 970/1/925 1352/1/1221
f 968/1/1232 969/1/1245 975/1/1219
f 1364/1/1235 974/1/1246 972/1/1234
f 1364/1/1235 1374/1/1247 974/1/1246
f 1352/1/1221 1374/1/1247 1364/1/1235
f 1352/1/1221 970/1/925 1374/1/1247
f 1373/1/1244 1375/1/1248 1372/1/1243
f 1373/1/1244 1376/1/1249 1375/1/1248
f 1365/1/1236 1377/1/1250 1364/1/1235
f 1365/1/1236 1378/1/1251 1377/1/1250
f 1376/1/1249 1379/1/1252 1375/1/1248
f 1369/1/1240 1380/1/1253 1367/1/1238
f 1367/1/1238 1381/1/1254 1370/1/1241
f 1367/1/1238 1380/1/1253 1381/1/1254
f 1370/1/1241 1382/1/1255 1373/1/1244
f 1370/1/1241 1381/1/1254 1382/1/1255
f 1366/1/1237 1383/1/1256 1369/1/1240
f 1366/1/1237 1384/1/1257 1383/1/1256
f 1385/1/1258 1383/1/1256 1384/1/1257
f 1369/1/1240 1386/1/1259 1380/1/1253
f 1369/1/1240 1383/1/1256 1386/1/1259
f 1383/1/1256 1385/1/1258 1386/1/1259
f 1385/1/1258 603/1/494 1386/1/1259
f 1385/1/1258 604/1/495 603/1/494
f 980/1/932 147/1/416 978/1/930
f 1387/1/1260 1384/1/1257 1366/1/1237
f 1387/1/1260 1388/1/1261 1384/1/1257
f 1389/1/1262 1366/1/1237 1368/1/1239
f 1389/1/1262 1387/1/1260 1366/1/1237
f 1368/1/1239 1390/1/1263 1389/1/1262
f 1368/1/1239 1371/1/1242 1390/1/1263
f 1371/1/1242 1391/1/1264 1390/1/1263
f 1371/1/1242 1372/1/1243 1391/1/1264
f 1372/1/1243 1375/1/1248 1391/1/1264
f 1352/1/1221 1377/1/1250 1353/1/1222
f 1352/1/1221 1364/1/1235 1377/1/1250
f 1353/1/1222 1392/1/1265 1351/1/1220
f 1353/1/1222 1393/1/1266 1392/1/1265
f 1377/1/1250 1393/1/1266 1353/1/1222
f 1377/1/1250 1379/1/1252 1393/1/1266
f 1336/1/1204 1351/1/1220 1392/1/1265
f 1336/1/1204 1337/1/1205 1351/1/1220
f 1394/1/1267 988/1/1268 1395/1/1269
f 1394/1/1267 987/1/1270 988/1/1268
f 1396/1/1271 987/1/1270 1394/1/1267
f 1396/1/1271 1397/1/1272 987/1/1270
f 1381/1/1254 985/1/1273 983/1/1274
f 1381/1/1254 1380/1/1253 985/1/1273
f 1382/1/1255 983/1/1274 984/1/1275
f 1382/1/1255 1381/1/1254 983/1/1274
f 1396/1/1271 984/1/1275 1397/1/1272
f 1396/1/1271 1382/1/1255 984/1/1275
f 1380/1/1253 986/1/1276 985/1/1273
f 1380/1/1253 1386/1/1259 986/1/1276
f 1386/1/1259 616/1/513 986/1/1276
f 1386/1/1259 603/1/494 616/1/513
f 986/1/1276 616/1/513 153/1/514
f 1336/1/1204 1398/1/1277 1334/1/1202
f 988/1/1268 1399/1/1278 1395/1/1269
f 988/1/1268 989/1/940 1399/1/1278
f 1376/1/1249 1373/1/1244 1400/1/1279
f 1379/1/1252 1400/1/1279 1401/1/1280
f 1379/1/1252 1376/1/1249 1400/1/1279
f 1401/1/1280 1400/1/1279 1396/1/1271
f 1392/1/1265 1402/1/1281 1403/1/1282
f 1392/1/1265 1393/1/1266 1402/1/1281
f 1403/1/1282 1394/1/1267 1395/1/1269
f 1403/1/1282 1402/1/1281 1394/1/1267
f 1393/1/1266 1401/1/1280 1402/1/1281
f 1393/1/1266 1379/1/1252 1401/1/1280
f 1336/1/1204 1403/1/1282 1404/1/1283
f 1336/1/1204 1392/1/1265 1403/1/1282
f 1404/1/1283 1403/1/1282 1395/1/1269
f 1395/1/1269 1405/1/1284 1404/1/1283
f 1395/1/1269 1399/1/1278 1405/1/1284
f 1404/1/1283 1398/1/1277 1336/1/1204
f 1404/1/1283 1405/1/1284 1398/1/1277
f 1373/1/1244 1396/1/1271 1400/1/1279
f 1373/1/1244 1382/1/1255 1396/1/1271
f 887/1/852 987/1/1270 1397/1/1272
f 994/1/938 523/1/407 164/1/936
f 994/1/938 1315/1/1181 523/1/407
f 1344/1/1212 1406/1/1285 1005/1/946
f 1344/1/1212 1407/1/1286 1406/1/1285
f 1406/1/1285 1408/1/1287 992/1/1288
f 1406/1/1285 1409/1/1289 1408/1/1287
f 992/1/1288 1410/1/1290 993/1/1291
f 992/1/1288 1408/1/1287 1410/1/1290
f 993/1/1291 1411/1/1292 996/1/1293
f 993/1/1291 1410/1/1290 1411/1/1292
f 996/1/1293 632/1/532 626/1/531
f 996/1/1293 1411/1/1292 632/1/532
f 1409/1/1289 633/1/533 1408/1/1287
f 1409/1/1289 634/1/534 633/1/533
f 1408/1/1287 635/1/535 1410/1/1290
f 1408/1/1287 633/1/533 635/1/535
f 1410/1/1290 636/1/536 1411/1/1292
f 1410/1/1290 635/1/535 636/1/536
f 1411/1/1292 636/1/536 632/1/532
f 1406/1/1285 1412/1/1294 1409/1/1289
f 1406/1/1285 1407/1/1286 1412/1/1294
f 1409/1/1289 638/1/538 634/1/534
f 1409/1/1289 1412/1/1294 638/1/538
f 1412/1/1294 639/1/539 638/1/538
f 1412/1/1294 1413/1/1295 639/1/539
f 1413/1/1295 641/1/541 639/1/539
f 1413/1/1295 1414/1/1296 641/1/541
f 1414/1/1296 168/1/543 641/1/541
f 1414/1/1296 995/1/942 168/1/543
f 1415/1/1297 645/1/546 644/1/545
f 1415/1/1297 1416/1/1298 645/1/546
f 1416/1/1298 647/1/548 645/1/546
f 1416/1/1298 1417/1/1299 647/1/548
f 1418/1/1300 1419/1/1301 1417/1/1299
f 1418/1/1300 1420/1/1302 1419/1/1301
f 1417/1/1299 652/1/553 647/1/548
f 1417/1/1299 1419/1/1301 652/1/553
f 1421/1/1303 1422/1/1304 1423/1/1305
f 1421/1/1303 1424/1/1306 1422/1/1304
f 1418/1/1300 1424/1/1306 1421/1/1303
f 1418/1/1300 1425/1/1307 1424/1/1306
f 1417/1/1299 1425/1/1307 1418/1/1300
f 1417/1/1299 1426/1/1308 1425/1/1307
f 1415/1/1297 1427/1/1309 1416/1/1298
f 1415/1/1297 1428/1/1310 1427/1/1309
f 1416/1/1298 1426/1/1308 1417/1/1299
f 1416/1/1298 1427/1/1309 1426/1/1308
f 1424/1/1306 1429/1/1311 1422/1/1304
f 1425/1/1307 1429/1/1311 1424/1/1306
f 1426/1/1308 1429/1/1311 1425/1/1307
f 1428/1/1310 1429/1/1311 1427/1/1309
f 1427/1/1309 1429/1/1311 1426/1/1308
f 1399/1/1278 995/1/942 1414/1/1296
f 1399/1/1278 989/1/940 995/1/942
f 1430/1/1312 1413/1/1295 1412/1/1294
f 1430/1/1312 1431/1/1313 1413/1/1295
f 1399/1/1278 1431/1/1313 1405/1/1284
f 1399/1/1278 1413/1/1295 1431/1/1313
f 1399/1/1278 1414/1/1296 1413/1/1295
f 1334/1/1202 1407/1/1286 1344/1/1212
f 1334/1/1202 1398/1/1277 1407/1/1286
f 1398/1/1277 1431/1/1313 1430/1/1312
f 1398/1/1277 1405/1/1284 1431/1/1313
f 1423/1/1305 1432/1/1314 1433/1/1315
f 1423/1/1305 1422/1/1304 1432/1/1314
f 1433/1/1315 1428/1/1310 1415/1/1297
f 1433/1/1315 1432/1/1314 1428/1/1310
f 1422/1/1304 1429/1/1311 1432/1/1314
f 1432/1/1314 1429/1/1311 1428/1/1310
f 1355/1/1224 1434/1/1316 1435/1/1317
f 1355/1/1224 1354/1/1223 1434/1/1316
f 1435/1/1317 1421/1/1303 1423/1/1305
f 1435/1/1317 1434/1/1316 1421/1/1303
f 1354/1/1223 1436/1/1318 1434/1/1316
f 1354/1/1223 1356/1/1225 1436/1/1318
f 1434/1/1316 1418/1/1300 1421/1/1303
f 1434/1/1316 1436/1/1318 1418/1/1300
f 1356/1/1225 1357/1/1226 1436/1/1318
f 669/1/570 1355/1/1224 1437/1/1319
f 669/1/570 671/1/572 1355/1/1224
f 672/1/573 1437/1/1319 1438/1/1320
f 672/1/573 669/1/570 1437/1/1319
f 1438/1/1320 644/1/545 672/1/573
f 644/1/545 1433/1/1315 1415/1/1297
f 644/1/545 1438/1/1320 1433/1/1315
f 1355/1/1224 1435/1/1317 1437/1/1319
f 1355/1/1224 535/1/421 1323/1/1191
f 1355/1/1224 671/1/572 535/1/421
f 1433/1/1315 1438/1/1320 1437/1/1319
f 1423/1/1305 1437/1/1319 1435/1/1317
f 1423/1/1305 1433/1/1315 1437/1/1319
f 1325/1/1193 1439/1/1321 1004/1/945
f 1325/1/1193 1327/1/1195 1439/1/1321
f 1004/1/945 1439/1/1321 1005/1/946
f 1357/1/1226 1004/1/945 1007/1/948
f 1357/1/1226 1325/1/1193 1004/1/945
f 1439/1/1321 1344/1/1212 1005/1/946
f 1007/1/948 1420/1/1302 1357/1/1226
f 1007/1/948 1008/1/1322 1420/1/1302
f 1419/1/1301 1008/1/1322 1440/1/1323
f 1419/1/1301 1420/1/1302 1008/1/1322
f 652/1/553 1440/1/1323 192/1/581
f 652/1/553 1419/1/1301 1440/1/1323
f 1342/1/1210 1439/1/1321 1327/1/1195
f 1342/1/1210 1344/1/1212 1439/1/1321
f 1358/1/1227 677/1/583 1441/1/1324
f 1358/1/1227 574/1/465 677/1/583
f 1441/1/1324 604/1/495 1385/1/1258
f 1441/1/1324 677/1/583 604/1/495
f 1360/1/1229 1441/1/1324 1442/1/1325
f 1360/1/1229 1358/1/1227 1441/1/1324
f 1442/1/1325 1385/1/1258 1384/1/1257
f 1442/1/1325 1441/1/1324 1385/1/1258
f 1361/1/1230 1443/1/1326 1444/1/1327
f 1361/1/1230 1359/1/1228 1443/1/1326
f 1444/1/1327 1388/1/1261 1387/1/1260
f 1444/1/1327 1443/1/1326 1388/1/1261
f 1362/1/1231 1444/1/1327 1445/1/1328
f 1362/1/1231 1361/1/1230 1444/1/1327
f 1445/1/1328 1387/1/1260 1389/1/1262
f 1445/1/1328 1444/1/1327 1387/1/1260
f 1389/1/1262 1446/1/1329 1445/1/1328
f 1389/1/1262 1390/1/1263 1446/1/1329
f 1445/1/1328 1363/1/1233 1362/1/1231
f 1445/1/1328 1446/1/1329 1363/1/1233
f 1390/1/1263 1447/1/1330 1446/1/1329
f 1390/1/1263 1391/1/1264 1447/1/1330
f 1446/1/1329 1365/1/1236 1363/1/1233
f 1446/1/1329 1447/1/1330 1365/1/1236
f 1391/1/1264 1378/1/1251 1447/1/1330
f 1391/1/1264 1375/1/1248 1378/1/1251
f 1447/1/1330 1378/1/1251 1365/1/1236
f 1359/1/1228 1442/1/1325 1443/1/1326
f 1359/1/1228 1360/1/1229 1442/1/1325
f 1443/1/1326 1384/1/1257 1388/1/1261
f 1443/1/1326 1442/1/1325 1384/1/1257
f 1377/1/1250 1375/1/1248 1379/1/1252
f 1377/1/1250 1378/1/1251 1375/1/1248
f 1448/1/1331 1305/1/1175 1132/1/1332
f 1314/1/1180 953/1/909 1449/1/1333
f 1300/1/1171 1305/1/1175 1448/1/1331
f 1300/1/1171 1297/1/1169 1305/1/1175
f 1062/1/989 1060/1/985 1053/1/987
f 948/1/1179 1449/1/1333 953/1/909
f 948/1/1179 947/1/1334 1449/1/1333
f 900/1/861 1143/1/1049 911/1/873
f 900/1/861 1320/1/1187 1143/1/1049
f 854/1/835 984/1/1275 859/1/1335
f 887/1/852 984/1/1275 854/1/835
f 887/1/852 1397/1/1272 984/1/1275
f 895/1/860 1320/1/1187 900/1/861
f 895/1/860 1321/1/1188 1320/1/1187
f 1450/1/1336 979/1/931 1321/1/1188
f 895/1/860 1450/1/1336 1321/1/1188
f 895/1/860 894/1/859 1450/1/1336
f 1011/1/950 1450/1/1336 894/1/859
f 979/1/931 1450/1/1336 1011/1/950
f 946/1/904 1451/1/1337 944/1/900
f 946/1/904 1452/1/1338 1451/1/1337
f 946/1/904 960/1/917 1452/1/1338
f 1019/1/953 1453/1/1339 1020/1/954
f 1013/1/966 1454/1/1340 1455/1/1341
f 1013/1/966 1016/1/1342 1454/1/1340
f 1456/1/1343 1454/1/1340 1016/1/1342
f 1017/1/1344 1456/1/1343 1016/1/1342
f 1023/1/955 1457/1/1345 1116/1/1346
f 1023/1/955 1020/1/954 1457/1/1345
f 1458/1/1347 1454/1/1340 1459/1/1348
f 1458/1/1347 1460/1/1349 1454/1/1340
f 1461/1/1350 1460/1/1349 1458/1/1347
f 1461/1/1350 1462/1/1351 1460/1/1349
f 1463/1/1352 1462/1/1351 1461/1/1350
f 1463/1/1352 1453/1/1339 1462/1/1351
f 1459/1/1348 1454/1/1340 1456/1/1343
f 1457/1/1345 1463/1/1352 1464/1/1353
f 1457/1/1345 1020/1/954 1463/1/1352
f 1465/1/1354 1456/1/1343 1017/1/1344
f 1464/1/1353 1463/1/1352 1466/1/1355
f 1467/1/1356 1461/1/1350 1468/1/1357
f 1469/1/1358 1459/1/1348 1470/1/1359
f 1471/1/1360 1458/1/1347 1472/1/1361
f 1470/1/1359 1456/1/1343 1465/1/1354
f 1470/1/1359 1459/1/1348 1456/1/1343
f 1472/1/1361 1459/1/1348 1469/1/1358
f 1472/1/1361 1458/1/1347 1459/1/1348
f 1468/1/1357 1458/1/1347 1471/1/1360
f 1468/1/1357 1461/1/1350 1458/1/1347
f 1466/1/1355 1461/1/1350 1467/1/1356
f 1466/1/1355 1463/1/1352 1461/1/1350
f 1034/1/1362 1022/1/1363 1475/1/1364
f 1034/1/1362 1021/1/958 1022/1/1363
f 1028/1/1365 1475/1/1364 1027/1/1366
f 1028/1/1365 1034/1/1362 1475/1/1364
f 1036/1/967 1455/1/1341 1476/1/1367
f 1036/1/967 1013/1/966 1455/1/1341
f 1037/1/1368 1476/1/1367 1473/1/1369
f 1037/1/1368 1036/1/967 1476/1/1367
f 1044/1/972 1477/1/1370 1041/1/969
f 1046/1/1371 1477/1/1370 1044/1/972
f 1478/1/1372 1042/1/970 1050/1/976
f 1049/1/975 1042/1/970 1478/1/1372
f 1479/1/1373 1050/1/976 1055/1/979
f 1479/1/1373 1478/1/1372 1050/1/976
f 1480/1/1374 1478/1/1372 1479/1/1373
f 1480/1/1374 1049/1/975 1478/1/1372
f 1479/1/1373 1470/1/1359 1465/1/1354
f 1479/1/1373 1055/1/979 1470/1/1359
f 1480/1/1374 1465/1/1354 1017/1/1344
f 1480/1/1374 1479/1/1373 1465/1/1354
f 1051/1/988 1077/1/1003 1062/1/989
f 1055/1/979 1469/1/1358 1470/1/1359
f 1055/1/979 1481/1/1375 1469/1/1358
f 1481/1/1375 1472/1/1361 1469/1/1358
f 1481/1/1375 1482/1/1376 1472/1/1361
f 1055/1/979 1485/1/1377 1481/1/1375
f 1055/1/979 1484/1/1378 1485/1/1377
f 1481/1/1375 1483/1/1379 1482/1/1376
f 1481/1/1375 1485/1/1377 1483/1/1379
f 1484/1/1378 1486/1/1380 1485/1/1377
f 1485/1/1377 1486/1/1380 1483/1/1379
f 1486/1/1380 1488/1/1381 1487/1/1382
f 1488/1/1381 1064/1/1383 1487/1/1382
f 1065/1/1384 1064/1/1383 1488/1/1381
f 1068/1/994 1067/1/993 1072/1/998
f 1489/1/1385 1073/1/999 1076/1/1386
f 1078/1/1004 1073/1/999 1489/1/1385
f 1490/1/1387 1076/1/1386 1082/1/1388
f 1490/1/1387 1489/1/1385 1076/1/1386
f 1482/1/1376 1489/1/1385 1490/1/1387
f 1482/1/1376 1078/1/1004 1489/1/1385
f 1490/1/1387 1468/1/1357 1471/1/1360
f 1490/1/1387 1082/1/1388 1468/1/1357
f 1482/1/1376 1471/1/1360 1472/1/1361
f 1482/1/1376 1490/1/1387 1471/1/1360
f 1082/1/1388 1467/1/1356 1468/1/1357
f 1082/1/1388 1491/1/1389 1467/1/1356
f 1491/1/1389 1466/1/1355 1467/1/1356
f 1491/1/1389 1089/1/1017 1466/1/1355
f 1082/1/1388 1492/1/1390 1491/1/1389
f 1082/1/1388 1093/1/1391 1492/1/1390
f 1491/1/1389 1094/1/1018 1089/1/1017
f 1491/1/1389 1492/1/1390 1094/1/1018
f 1093/1/1391 1096/1/1021 1492/1/1390
f 1492/1/1390 1096/1/1021 1094/1/1018
f 1096/1/1021 1111/1/1392 1099/1/1024
f 1111/1/1392 1103/1/1393 1099/1/1024
f 1100/1/1394 1103/1/1393 1111/1/1392
f 1105/1/1395 1115/1/1033 1108/1/1028
f 1493/1/1396 1106/1/1027 1494/1/1397
f 1495/1/1398 1106/1/1027 1493/1/1396
f 1496/1/1399 1494/1/1397 1114/1/1400
f 1496/1/1399 1493/1/1396 1494/1/1397
f 1089/1/1017 1493/1/1396 1496/1/1399
f 1089/1/1017 1495/1/1398 1493/1/1396
f 1496/1/1399 1457/1/1345 1464/1/1353
f 1496/1/1399 1114/1/1400 1457/1/1345
f 1089/1/1017 1464/1/1353 1466/1/1355
f 1089/1/1017 1496/1/1399 1464/1/1353
f 1113/1/1401 1109/1/1031 1010/1/1013
f 1114/1/1400 1116/1/1346 1457/1/1345
f 1454/1/1340 1497/1/1402 1455/1/1341
f 1454/1/1340 1498/1/1403 1497/1/1402
f 1453/1/1339 1499/1/1404 1462/1/1351
f 1453/1/1339 1122/1/1405 1499/1/1404
f 1460/1/1349 1498/1/1403 1454/1/1340
f 1460/1/1349 1500/1/1406 1498/1/1403
f 1462/1/1351 1500/1/1406 1460/1/1349
f 1462/1/1351 1499/1/1404 1500/1/1406
f 1473/1/1369 1501/1/1407 1474/1/1408
f 1473/1/1369 1164/1/1068 1501/1/1407
f 1475/1/1364 1121/1/1409 1027/1/1366
f 1475/1/1364 1168/1/1071 1121/1/1409
f 1455/1/1341 1502/1/1410 1476/1/1367
f 1455/1/1341 1497/1/1402 1502/1/1410
f 1476/1/1367 1164/1/1068 1473/1/1369
f 1476/1/1367 1502/1/1410 1164/1/1068
f 1498/1/1403 1159/1/1062 1497/1/1402
f 1498/1/1403 1165/1/1069 1159/1/1062
f 1122/1/1405 1123/1/1411 1499/1/1404
f 1500/1/1406 1165/1/1069 1498/1/1403
f 1500/1/1406 1503/1/1412 1165/1/1069
f 1499/1/1404 1503/1/1412 1500/1/1406
f 1499/1/1404 1123/1/1411 1503/1/1412
f 1121/1/1409 1170/1/1072 1125/1/1413
f 1168/1/1071 1170/1/1072 1121/1/1409
f 1502/1/1410 1161/1/1065 1164/1/1068
f 1503/1/1412 1151/1/1055 1165/1/1069
f 1160/1/1063 1497/1/1402 1159/1/1062
f 1497/1/1402 1161/1/1065 1502/1/1410
f 1497/1/1402 1160/1/1063 1161/1/1065
f 1164/1/1068 1146/1/1051 1501/1/1407
f 1151/1/1055 1123/1/1411 912/1/874
f 1151/1/1055 1503/1/1412 1123/1/1411
f 1022/1/1363 1168/1/1071 1475/1/1364
f 1022/1/1363 1118/1/1070 1168/1/1071
f 1504/1/1414 1505/1/1415 1506/1/1416
f 1504/1/1414 1507/1/1417 1505/1/1415
f 1506/1/1416 1448/1/1331 1132/1/1332
f 1506/1/1416 1505/1/1415 1448/1/1331
f 1507/1/1417 1508/1/1418 1505/1/1415
f 1507/1/1417 1509/1/1419 1508/1/1418
f 1505/1/1415 1300/1/1171 1448/1/1331
f 1505/1/1415 1508/1/1418 1300/1/1171
f 1510/1/1420 1129/1/1421 1511/1/1422
f 1510/1/1420 1127/1/1146 1129/1/1421
f 1511/1/1422 1314/1/1180 1449/1/1333
f 1511/1/1422 1129/1/1421 1314/1/1180
f 1512/1/1423 1511/1/1422 1513/1/1424
f 1512/1/1423 1510/1/1420 1511/1/1422
f 1513/1/1424 1449/1/1333 947/1/1334
f 1513/1/1424 1511/1/1422 1449/1/1333
f 1129/1/1421 958/1/913 1314/1/1180
f 1131/1/1425 1506/1/1416 1132/1/1332
f 1514/1/1426 1134/1/1427 1515/1/1428
f 1514/1/1426 1133/1/1159 1134/1/1427
f 1515/1/1428 938/1/897 1303/1/1173
f 1515/1/1428 1134/1/1427 938/1/897
f 1516/1/1429 1515/1/1428 1517/1/1430
f 1516/1/1429 1514/1/1426 1515/1/1428
f 1517/1/1430 1303/1/1173 1301/1/1172
f 1517/1/1430 1515/1/1428 1303/1/1173
f 1134/1/1427 1135/1/1431 938/1/897
f 1138/1/1432 1513/1/1424 947/1/1334
f 1509/1/1419 1517/1/1430 1508/1/1418
f 1509/1/1419 1516/1/1429 1517/1/1430
f 1508/1/1418 1301/1/1172 1300/1/1171
f 1508/1/1418 1517/1/1430 1301/1/1172
f 916/1/878 1518/1/1433 1519/1/1434
f 916/1/878 944/1/900 1518/1/1433
f 1520/1/1435 1136/1/1043 1521/1/1436
f 1520/1/1435 981/1/1437 1136/1/1043
f 1521/1/1436 890/1/855 1033/1/963
f 1521/1/1436 1136/1/1043 890/1/855
f 981/1/1437 982/1/1044 1136/1/1043
f 1033/1/963 1522/1/1438 1521/1/1436
f 1033/1/963 1029/1/959 1522/1/1438
f 1521/1/1436 1452/1/1338 1520/1/1435
f 1521/1/1436 1522/1/1438 1452/1/1338
f 242/1/171 1057/1/981 248/1/177
f 1060/1/985 1059/1/984 1061/1/986
f 242/1/171 1054/1/978 1057/1/981
f 878/1/844 1054/1/978 1039/1/990
f 878/1/844 1057/1/981 1054/1/978
f 1029/1/959 1031/1/961 1522/1/1438
f 1522/1/1438 1451/1/1337 1452/1/1338
f 1522/1/1438 1031/1/961 1451/1/1337
f 1031/1/961 944/1/900 1451/1/1337
f 1031/1/961 1518/1/1433 944/1/900
f 1523/1/1439 916/1/878 1519/1/1434
f 1523/1/1439 914/1/876 916/1/878
f 1357/1/1226 1418/1/1300 1436/1/1318
f 1357/1/1226 1420/1/1302 1418/1/1300
f 1524/1/1440 1319/1/1186 1322/1/1190
f 1524/1/1440 1141/1/1047 1319/1/1186
f 1141/1/1047 1143/1/1049 1319/1/1186
f 867/1/875 911/1/873 1143/1/1049
f 1525/1/1441 1526/1/1442 1527/1/1443
f 1525/1/1441 1278/1/1151 1526/1/1442
f 1527/1/1443 1179/1/1081 1182/1/1084
f 1527/1/1443 1526/1/1442 1179/1/1081
f 1528/1/1444 1529/1/1445 1530/1/1446
f 1528/1/1444 1531/1/1447 1529/1/1445
f 1530/1/1446 1218/1/1106 1213/1/1103
f 1530/1/1446 1529/1/1445 1218/1/1106
f 1532/1/1448 1530/1/1446 1533/1/1449
f 1532/1/1448 1528/1/1444 1530/1/1446
f 1533/1/1449 1213/1/1103 1223/1/1110
f 1533/1/1449 1530/1/1446 1213/1/1103
f 771/1/703 1532/1/1448 1533/1/1449
f 1531/1/1447 1527/1/1443 1529/1/1445
f 1531/1/1447 1525/1/1441 1527/1/1443
f 1529/1/1445 1182/1/1084 1218/1/1106
f 1529/1/1445 1527/1/1443 1182/1/1084
f 1278/1/1151 1534/1/1450 1526/1/1442
f 1278/1/1151 1277/1/1150 1534/1/1450
f 1526/1/1442 1177/1/1079 1179/1/1081
f 1526/1/1442 1534/1/1450 1177/1/1079
f 1283/1/1156 1534/1/1450 1535/1/1451
f 1283/1/1156 1177/1/1079 1534/1/1450
f 1535/1/1451 1277/1/1150 1294/1/1452
f 1535/1/1451 1534/1/1450 1277/1/1150
f 1294/1/1452 1306/1/1176 1535/1/1451
f 1285/1/1160 1535/1/1451 1306/1/1176
f 1285/1/1160 1283/1/1156 1535/1/1451
f 1523/1/1439 1149/1/1053 1147/1/1052
f 1523/1/1439 1519/1/1434 1149/1/1053
f 1519/1/1434 1150/1/1453 1149/1/1053
f 1519/1/1434 1518/1/1433 1150/1/1453
f 1031/1/961 1150/1/1453 1518/1/1433
f 1031/1/961 1030/1/960 1150/1/1453
f 1279/1/1152 1294/1/1452 1277/1/1150
f 1279/1/1152 1536/1/1454 1294/1/1452
f 914/1/876 1537/1/1455 1538/1/1456
f 914/1/876 1523/1/1439 1537/1/1455
f 1538/1/1456 1279/1/1152 1278/1/1151
f 1538/1/1456 1537/1/1455 1279/1/1152
f 919/1/881 1538/1/1456 1539/1/1457
f 919/1/881 914/1/876 1538/1/1456
f 1539/1/1457 1278/1/1151 1525/1/1441
f 1539/1/1457 1538/1/1456 1278/1/1151
f 922/1/884 1539/1/1457 1540/1/1458
f 922/1/884 919/1/881 1539/1/1457
f 1540/1/1458 1525/1/1441 1531/1/1447
f 1540/1/1458 1539/1/1457 1525/1/1441
f 925/1/886 1540/1/1458 1541/1/1459
f 925/1/886 922/1/884 1540/1/1458
f 1541/1/1459 1531/1/1447 1528/1/1444
f 1541/1/1459 1540/1/1458 1531/1/1447
f 928/1/888 1541/1/1459 1542/1/1460
f 928/1/888 925/1/886 1541/1/1459
f 1542/1/1460 1528/1/1444 1532/1/1448
f 1542/1/1460 1541/1/1459 1528/1/1444
f 91/1/61 1542/1/1460 781/1/717
f 91/1/61 928/1/888 1542/1/1460
f 781/1/717 1532/1/1448 771/1/703
f 781/1/717 1542/1/1460 1532/1/1448
f 937/1/896 782/1/718 1152/1/1461
f 937/1/896 93/1/62 782/1/718
f 938/1/897 1135/1/1431 939/1/898
f 1152/1/1461 363/1/270 930/1/889
f 1152/1/1461 782/1/718 363/1/270
f 941/1/1462 937/1/896 1152/1/1461
f 1147/1/1052 1154/1/1463 1543/1/1464
f 1523/1/1439 1543/1/1464 1537/1/1455
f 1523/1/1439 1147/1/1052 1543/1/1464
f 1537/1/1455 1536/1/1454 1279/1/1152
f 1537/1/1455 1543/1/1464 1536/1/1454
f 1544/1/1465 1208/1/1101 1207/1/1100
f 1544/1/1465 1207/1/1100 1545/1/1466
f 1546/1/1467 1231/1/1115 1547/1/1468
f 1208/1/1101 1544/1/1465 1547/1/1468
f 1208/1/1101 1547/1/1468 1231/1/1115
f 1243/1/1123 1545/1/1466 1207/1/1100
f 982/1/1044 1548/1/1469 1157/1/1061
f 1086/1/1037 1549/1/1470 1550/1/1471
f 1124/1/1038 1550/1/1471 1551/1/1472
f 1124/1/1038 1086/1/1037 1550/1/1471
f 1146/1/1051 1551/1/1472 1552/1/1473
f 1146/1/1051 1124/1/1038 1551/1/1472
f 869/1/933 981/1/1437 971/1/926
f 971/1/926 981/1/1437 1520/1/1435
f 1520/1/1435 1452/1/1338 971/1/926
f 971/1/926 1452/1/1338 960/1/917
f 1146/1/1051 1552/1/1473 1501/1/1407
f 1306/1/1176 1294/1/1452 1553/1/1474
f 1305/1/1175 1306/1/1176 1169/1/1475
f 1553/1/1474 1169/1/1475 1306/1/1176
f 1169/1/1475 1132/1/1332 1305/1/1175
f 1174/1/1076 1554/1/1476 1280/1/1153
f 1203/1/1098 1555/1/1477 1556/1/1478
f 1203/1/1098 1556/1/1478 1557/1/1479
f 1555/1/1477 1174/1/1076 1280/1/1153
f 1555/1/1477 1280/1/1153 1556/1/1478
f 1204/1/1099 1189/1/1480 1558/1/1481
f 1204/1/1099 1558/1/1481 1203/1/1098
f 1203/1/1098 1558/1/1481 1559/1/1482
f 1203/1/1098 1559/1/1482 1555/1/1477
f 1555/1/1477 1559/1/1482 1176/1/1077
f 1555/1/1477 1176/1/1077 1174/1/1076
f 1189/1/1480 1183/1/1085 1558/1/1481
f 1558/1/1481 1183/1/1085 1559/1/1482
f 1559/1/1482 1183/1/1085 1176/1/1077
f 1189/1/1480 1187/1/1483 1184/1/1484
f 1189/1/1480 1184/1/1484 1183/1/1085
f 1186/1/1485 1191/1/1486 1187/1/1483
f 1187/1/1483 1191/1/1486 1184/1/1484
f 1193/1/1487 1192/1/1488 1560/1/1489
f 1560/1/1489 1192/1/1488 1199/1/1094
f 1233/1/1490 1193/1/1487 1560/1/1489
f 1233/1/1490 1560/1/1489 1198/1/1093
f 1198/1/1093 1560/1/1489 1199/1/1094
f 1561/1/1491 1198/1/1093 1212/1/1102
f 1205/1/1492 1198/1/1093 1561/1/1491
f 1562/1/1493 1561/1/1491 1212/1/1102
f 1562/1/1493 1212/1/1102 1203/1/1098
f 1206/1/1494 1205/1/1492 1561/1/1491
f 1206/1/1494 1561/1/1491 1562/1/1493
f 1562/1/1493 1203/1/1098 1557/1/1479
f 1562/1/1493 1557/1/1479 1563/1/1495
f 1206/1/1494 1562/1/1493 1563/1/1495
f 1206/1/1494 1563/1/1495 1564/1/1496
f 1210/1/1107 1221/1/1109 1313/1/1497
f 1244/1/1498 1565/1/1499 1566/1/1500
f 1244/1/1498 1566/1/1500 1567/1/1501
f 1565/1/1499 1206/1/1494 1564/1/1496
f 1565/1/1499 1564/1/1496 1566/1/1500
f 1216/1/1502 1217/1/1503 1244/1/1498
f 1244/1/1498 1217/1/1503 1568/1/1504
f 1244/1/1498 1568/1/1504 1565/1/1499
f 1565/1/1499 1568/1/1504 1211/1/1505
f 1565/1/1499 1211/1/1505 1206/1/1494
f 1217/1/1503 1219/1/1506 1568/1/1504
f 1568/1/1504 1219/1/1506 1211/1/1505
f 1569/1/1507 1229/1/1508 1230/1/1509
f 1230/1/1509 1229/1/1508 1228/1/1510
f 1227/1/1114 1226/1/1113 1570/1/1511
f 1571/1/1512 1236/1/1513 1245/1/1514
f 1238/1/1515 1236/1/1513 1571/1/1512
f 1572/1/1516 1571/1/1512 1245/1/1514
f 1572/1/1516 1245/1/1514 1244/1/1498
f 1239/1/1517 1238/1/1515 1571/1/1512
f 1239/1/1517 1571/1/1512 1572/1/1516
f 1572/1/1516 1244/1/1498 1567/1/1501
f 1572/1/1516 1567/1/1501 1573/1/1518
f 1239/1/1517 1572/1/1516 1573/1/1518
f 1239/1/1517 1573/1/1518 1574/1/1519
f 1242/1/1122 1250/1/1520 1248/1/1521
f 1317/1/1183 1575/1/1522 1318/1/1184
f 1575/1/1522 1576/1/1523 1577/1/1524
f 1575/1/1522 1577/1/1524 1318/1/1184
f 1576/1/1523 1239/1/1517 1574/1/1519
f 1576/1/1523 1574/1/1519 1577/1/1524
f 1239/1/1517 1578/1/1525 1276/1/1148
f 1317/1/1183 1260/1/1526 1579/1/1527
f 1317/1/1183 1579/1/1527 1575/1/1522
f 1575/1/1522 1579/1/1527 1580/1/1528
f 1575/1/1522 1580/1/1528 1576/1/1523
f 1576/1/1523 1580/1/1528 1578/1/1525
f 1576/1/1523 1578/1/1525 1239/1/1517
f 1578/1/1525 1255/1/1130 1276/1/1148
f 1260/1/1526 1255/1/1130 1579/1/1527
f 1579/1/1527 1255/1/1130 1580/1/1528
f 1580/1/1528 1255/1/1130 1578/1/1525
f 1260/1/1526 1259/1/1529 1256/1/1131
f 1260/1/1526 1256/1/1131 1255/1/1130
f 1259/1/1529 1262/1/1135 1256/1/1131
f 1264/1/1140 1268/1/1139 1507/1/1417
f 1264/1/1140 1507/1/1417 1504/1/1414
f 1268/1/1139 1269/1/1530 1509/1/1419
f 1268/1/1139 1509/1/1419 1507/1/1417
f 1272/1/1144 1273/1/1143 1127/1/1146
f 1272/1/1144 1127/1/1146 1510/1/1420
f 1274/1/1531 1272/1/1144 1510/1/1420
f 1274/1/1531 1510/1/1420 1512/1/1423
f 1557/1/1479 1282/1/1155 1581/1/1532
f 1557/1/1479 1581/1/1532 1563/1/1495
f 1564/1/1496 1581/1/1532 1582/1/1533
f 1564/1/1496 1582/1/1533 1566/1/1500
f 1567/1/1501 1582/1/1533 1583/1/1534
f 1567/1/1501 1583/1/1534 1573/1/1518
f 1574/1/1519 1583/1/1534 1584/1/1535
f 1574/1/1519 1584/1/1535 1577/1/1524
f 1566/1/1500 1582/1/1533 1567/1/1501
f 1573/1/1518 1583/1/1534 1574/1/1519
f 1563/1/1495 1581/1/1532 1564/1/1496
f 1556/1/1478 1282/1/1155 1557/1/1479
f 1577/1/1524 1584/1/1535 1318/1/1184
f 1280/1/1153 1282/1/1155 1556/1/1478
f 1583/1/1534 1516/1/1429 1584/1/1535
f 1282/1/1155 1133/1/1159 1581/1/1532
f 1581/1/1532 1133/1/1159 1514/1/1426
f 1581/1/1532 1514/1/1426 1582/1/1533
f 1582/1/1533 1514/1/1426 1516/1/1429
f 1582/1/1533 1516/1/1429 1583/1/1534
f 1287/1/1162 1280/1/1153 1554/1/1476
f 1318/1/1184 1584/1/1535 1290/1/1536
f 1584/1/1535 1516/1/1429 1290/1/1536
f 1269/1/1530 1290/1/1536 1516/1/1429
f 1269/1/1530 1516/1/1429 1509/1/1419
f 1242/1/1122 1248/1/1521 1240/1/1120
f 1210/1/1107 1313/1/1497 1173/1/1075
f 1209/1/1537 1210/1/1107 1173/1/1075
f 1313/1/1497 1292/1/1167 1173/1/1075
f 1248/1/1521 1292/1/1167 1313/1/1497
f 1586/1/1538 1292/1/1167 1585/1/1539
f 1062/1/989 1307/1/1540 1085/1/1010
f 1085/1/1010 1307/1/1540 1010/1/1013
f 1588/1/1541 1307/1/1540 1309/1/1542
f 1077/1/1003 1307/1/1540 1062/1/989
f 1589/1/1543 1307/1/1540 1077/1/1003
f 862/1/829 863/1/828 894/1/859
f 1412/1/1294 1407/1/1286 1430/1/1312
f 1430/1/1312 1407/1/1286 1398/1/1277
f 1265/1/1544 1264/1/1140 1504/1/1414
f 929/1/1189 516/1/1545 830/1/799
f 1463/1/1352 1020/1/954 1453/1/1339
f 1590/1/1546 1286/1/1161 1298/1/1170
f 1291/1/1165 1286/1/1161 1590/1/1546
f 1590/1/1546 1298/1/1170 1304/1/1174
f 1304/1/1174 1311/1/1178 1590/1/1546
f 1304/1/1174 940/1/899 1311/1/1178
f 1590/1/1546 936/1/893 1291/1/1165
f 1590/1/1546 1311/1/1178 936/1/893
f 1288/1/1164 1180/1/1082 1284/1/1157
f 1288/1/1164 1188/1/1087 1180/1/1082
f 1289/1/1185 1318/1/1184 1290/1/1536
f 1291/1/1165 1284/1/1157 1286/1/1161
f 1291/1/1165 1288/1/1164 1284/1/1157
f 1136/1/1043 888/1/853 890/1/855
f 1233/1/1490 1198/1/1093 1205/1/1492
f 1394/1/1267 1401/1/1280 1396/1/1271
f 1394/1/1267 1402/1/1281 1401/1/1280
f 1591/1/1547 1592/1/1548 1593/1/1549
f 1591/1/1547 1593/1/1549 1594/1/1550
f 1595/1/1551 1591/1/1547 1594/1/1550
f 1595/1/1551 1594/1/1550 1596/1/1552
f 838/1/807 1595/1/1551 1596/1/1552
f 838/1/807 1596/1/1552 839/1/808
f 1597/1/1553 1598/1/1554 1599/1/1555
f 1597/1/1553 1599/1/1555 1600/1/1556
f 1598/1/1554 1601/1/1557 1602/1/1558
f 1598/1/1554 1602/1/1558 1599/1/1555
f 1601/1/1557 847/1/816 846/1/815
f 1601/1/1557 846/1/815 1602/1/1558
f 1270/1/1141 473/1/357 441/1/322
f 1270/1/1141 441/1/322 1243/1/1123
f 1207/1/1100 402/1/296 427/1/312
f 1207/1/1100 427/1/312 1208/1/1101
f 1203/1/1098 1212/1/1102 1200/1/1095
f 1243/1/1123 442/1/323 401/1/295
f 1243/1/1123 401/1/295 1207/1/1100
f 1/1/8 2/1/1 14/1/25
f 1/1/8 14/1/25 3/1/9
f 2/1/1 5/1/3 14/1/25
f 9/1/19 10/1/7 17/1/1559
f 5/1/3 11/1/12 12/1/26
f 9/1/19 17/1/1559 13/1/593
f 5/1/3 12/1/26 14/1/25
f 6/1/4 8/1/6 18/1/10
f 10/1/7 3/1/9 17/1/1559
f 14/1/25 15/1/27 3/1/9
f 4/1/2 6/1/4 18/1/10
f 3/1/9 15/1/27 16/1/794
f 4/1/2 18/1/10 5/1/3
f 17/1/1559 16/1/794 13/1/593
f 3/1/9 16/1/794 17/1/1559
f 19/1/11 18/1/10 8/1/6
f 25/1/18 166/1/113 27/1/99
f 24/1/17 23/1/16 28/1/109
f 18/1/10 11/1/12 5/1/3
f 25/1/18 24/1/17 166/1/113
f 23/1/16 146/1/98 30/1/178
f 23/1/16 30/1/178 28/1/109
f 32/1/110 33/1/175 35/1/130
f 35/1/130 36/1/132 40/1/111
f 37/1/114 40/1/111 38/1/115
f 40/1/111 36/1/132 39/1/133
f 32/1/110 35/1/130 40/1/111
f 40/1/111 39/1/133 38/1/115
f 227/1/159 42/1/152 43/1/154
f 166/1/113 44/1/142 27/1/99
f 166/1/113 37/1/114 44/1/142
f 227/1/159 43/1/154 49/1/31
f 49/1/31 43/1/154 45/1/163
f 49/1/31 45/1/163 50/1/32
f 326/1/264 355/1/262 55/1/213
f 326/1/264 56/1/37 57/1/39
f 326/1/264 55/1/213 56/1/37
f 59/1/234 333/1/256 60/1/250
f 61/1/246 57/1/39 66/1/42
f 61/1/246 66/1/42 63/1/235
f 59/1/234 64/1/795 333/1/256
f 62/1/40 19/1/11 8/1/6
f 70/1/279 71/1/278 77/1/328
f 70/1/279 77/1/328 73/1/327
f 73/1/327 77/1/328 75/1/51
f 77/1/328 78/1/330 75/1/51
f 75/1/51 78/1/330 85/1/362
f 75/1/51 85/1/362 81/1/52
f 92/1/371 77/1/328 102/1/393
f 96/1/376 92/1/371 102/1/393
f 102/1/393 77/1/328 71/1/278
f 97/1/65 101/1/69 335/1/666
f 118/1/395 102/1/393 103/1/394
f 118/1/395 103/1/394 105/1/399
f 107/1/72 100/1/68 108/1/73
f 499/1/729 90/1/60 89/1/59
f 499/1/729 111/1/398 90/1/60
f 499/1/729 359/1/266 113/1/401
f 499/1/729 114/1/400 111/1/398
f 83/1/54 81/1/52 531/1/797
f 499/1/729 113/1/401 114/1/400
f 321/1/238 113/1/401 359/1/266
f 96/1/376 102/1/393 118/1/395
f 83/1/54 531/1/797 120/1/915
f 182/1/524 122/1/452 123/1/455
f 124/1/454 125/1/453 190/1/580
f 127/1/93 128/1/457 186/1/127
f 124/1/454 190/1/580 793/1/1560
f 127/1/93 186/1/127 133/1/94
f 128/1/457 184/1/128 186/1/127
f 149/1/510 141/1/413 142/1/415
f 149/1/510 142/1/415 143/1/496
f 143/1/496 147/1/416 153/1/514
f 148/1/508 198/1/595 149/1/510
f 150/1/511 198/1/595 148/1/508
f 151/1/509 149/1/510 143/1/496
f 151/1/509 143/1/496 152/1/512
f 152/1/512 143/1/496 153/1/514
f 154/1/100 156/1/102 331/1/1561
f 182/1/524 159/1/937 162/1/106
f 24/1/17 28/1/109 160/1/112
f 162/1/106 159/1/937 164/1/936
f 24/1/17 160/1/112 166/1/113
f 162/1/106 164/1/936 163/1/107
f 167/1/118 168/1/543 829/1/798
f 165/1/108 522/1/406 169/1/529
f 169/1/529 522/1/406 524/1/408
f 159/1/937 182/1/524 170/1/1562
f 165/1/108 163/1/107 522/1/406
f 190/1/580 171/1/1563 793/1/1560
f 132/5/86 131/6/85 173/4/129
f 590/7/481 138/8/91 173/4/129
f 181/1/575 122/1/452 182/1/524
f 184/3/128 590/7/481 173/4/129
f 188/1/577 125/1/453 122/1/452
f 188/1/577 122/1/452 181/1/575
f 125/1/453 189/1/578 190/1/580
f 125/1/453 188/1/577 189/1/578
f 192/1/581 193/1/1564 171/1/1563
f 167/1/118 829/1/798 175/1/119
f 306/1/225 196/1/391 197/1/392
f 141/1/413 149/1/510 198/1/595
f 131/6/85 133/9/94 173/4/129
f 828/1/1565 199/1/149 200/1/153
f 202/1/138 828/1/1565 203/1/139
f 198/1/595 13/1/593 47/1/29
f 512/1/388 205/1/609 206/1/1566
f 828/1/1565 200/1/153 203/1/139
f 521/1/1567 170/1/1562 182/1/524
f 208/1/623 209/1/622 708/1/618
f 512/1/388 196/1/391 205/1/609
f 210/1/1568 514/1/793 208/1/623
f 210/1/1568 208/1/623 225/1/157
f 138/8/91 132/5/86 173/4/129
f 513/1/389 512/1/388 206/1/1566
f 208/1/623 708/1/618 225/1/157
f 206/1/1566 211/1/1569 212/1/625
f 206/1/1566 212/1/625 213/1/624
f 513/1/389 206/1/1566 213/1/624
f 827/1/792 513/1/389 213/1/624
f 827/1/792 213/1/624 219/1/620
f 223/1/155 210/1/1568 225/1/157
f 514/1/793 219/1/620 208/1/623
f 240/1/169 228/1/166 229/1/628
f 240/1/169 229/1/628 231/1/627
f 235/1/165 231/1/627 233/1/630
f 235/1/165 240/1/169 231/1/627
f 228/1/166 233/1/630 229/1/628
f 228/1/166 235/1/165 233/1/630
f 240/1/169 236/1/632 228/1/166
f 239/1/168 236/1/632 240/1/169
f 720/1/639 238/1/167 235/1/165
f 239/1/168 202/1/138 204/1/140
f 304/1/222 247/1/1570 718/1/637
f 247/1/1570 720/1/639 249/1/1571
f 720/1/639 250/1/790 238/1/167
f 304/1/222 250/1/790 247/1/1570
f 724/1/643 252/1/646 253/1/645
f 264/1/192 258/1/184 255/1/181
f 260/1/186 264/1/192 254/1/180
f 238/1/167 202/1/138 239/1/168
f 264/1/192 255/1/181 254/1/180
f 268/1/1572 258/1/184 264/1/192
f 268/1/1572 304/1/222 258/1/184
f 272/1/197 268/1/1572 264/1/192
f 272/1/197 274/1/791 268/1/1572
f 50/1/32 45/1/163 273/1/198
f 50/1/32 273/1/198 52/1/34
f 277/1/658 197/1/392 275/1/1573
f 276/1/650 277/1/658 286/1/206
f 277/1/658 275/1/1573 286/1/206
f 275/1/1573 272/1/197 280/1/201
f 276/1/650 286/1/206 281/1/652
f 281/1/652 286/1/206 283/1/204
f 275/1/1573 280/1/201 286/1/206
f 283/1/204 286/1/206 290/1/208
f 355/1/262 288/1/218 289/1/217
f 355/1/262 289/1/217 55/1/213
f 298/1/216 297/1/215 292/1/653
f 298/1/216 292/1/653 294/1/211
f 293/1/210 298/1/216 294/1/211
f 303/1/226 296/1/214 298/1/216
f 302/1/224 303/1/226 298/1/216
f 303/1/226 306/1/225 197/1/392
f 296/1/214 277/1/658 297/1/215
f 708/1/618 209/1/622 308/1/259
f 708/1/618 308/1/259 310/1/1574
f 212/1/625 211/1/1569 313/1/230
f 212/1/625 313/1/230 312/1/663
f 52/1/34 273/1/198 311/1/229
f 52/1/34 311/1/229 64/1/795
f 312/1/663 313/1/230 315/1/232
f 63/1/235 66/1/42 315/1/232
f 333/1/256 310/1/1574 308/1/259
f 317/1/678 320/1/237 750/1/681
f 317/1/678 318/1/677 320/1/237
f 333/1/256 308/1/259 60/1/250
f 318/1/677 321/1/238 320/1/237
f 324/1/241 107/1/72 325/1/242
f 326/1/264 57/1/39 61/1/246
f 327/1/691 227/1/159 146/1/98
f 323/1/240 325/1/242 755/1/686
f 325/1/242 107/1/72 109/1/74
f 146/1/98 226/1/158 30/1/178
f 7/1/5 331/1/1561 8/1/6
f 156/1/102 330/1/410 331/1/1561
f 64/1/795 311/1/229 332/1/245
f 8/1/6 331/1/1561 330/1/410
f 64/1/795 332/1/245 333/1/256
f 334/1/707 335/1/666 101/1/69
f 334/1/707 101/1/69 336/1/708
f 336/1/708 101/1/69 288/1/218
f 337/1/709 288/1/218 216/1/145
f 335/1/666 339/1/248 340/1/249
f 336/1/708 288/1/218 337/1/709
f 334/1/707 339/1/248 335/1/666
f 49/1/31 342/1/1575 343/1/1576
f 49/1/31 343/1/1576 227/1/159
f 227/1/159 343/1/1576 344/1/724
f 227/1/159 344/1/724 146/1/98
f 50/1/32 342/1/1575 49/1/31
f 24/1/17 345/1/252 166/1/113
f 166/1/113 40/1/111 37/1/114
f 166/1/113 345/1/252 40/1/111
f 101/1/69 349/1/668 350/1/1577
f 101/1/69 335/1/666 349/1/668
f 288/1/218 101/1/69 350/1/1577
f 288/1/218 350/1/1577 353/1/263
f 335/1/666 339/1/248 354/1/667
f 288/1/218 353/1/263 355/1/262
f 66/1/42 358/1/265 315/1/232
f 360/1/267 795/1/732 361/1/268
f 364/1/730 360/1/267 377/1/281
f 364/1/730 377/1/281 366/1/739
f 360/1/267 362/1/269 377/1/281
f 362/1/269 371/1/297 381/1/285
f 362/1/269 381/1/285 377/1/281
f 366/1/739 377/1/281 374/1/740
f 374/1/740 379/1/283 375/1/741
f 374/1/740 377/1/281 379/1/283
f 375/1/741 379/1/283 383/1/742
f 391/1/746 384/1/743 385/1/745
f 404/1/817 384/1/743 391/1/746
f 390/1/748 404/1/817 391/1/746
f 394/1/733 371/1/297 404/1/817
f 400/1/756 395/1/753 396/1/751
f 399/1/298 400/1/756 429/1/747
f 395/1/753 422/1/308 403/1/761
f 399/1/298 429/1/747 404/1/817
f 405/1/750 404/1/817 390/1/748
f 414/1/331 409/1/404 410/1/309
f 403/1/761 422/1/308 412/1/405
f 400/1/756 413/1/403 422/1/308
f 413/1/403 414/1/331 410/1/309
f 420/1/764 810/1/762 421/1/763
f 412/1/405 422/1/308 810/1/762
f 1232/1/1578 424/1/311 416/1/304
f 425/1/314 424/1/311 1232/1/1578
f 425/1/314 1232/1/1578 426/1/1579
f 1232/1/1578 416/1/304 415/1/303
f 413/1/403 410/1/309 422/1/308
f 395/1/753 400/1/756 422/1/308
f 404/1/817 429/1/747 384/1/743
f 433/1/325 439/1/1580 418/1/306
f 432/1/355 433/1/325 417/1/305
f 438/1/333 435/1/318 439/1/1580
f 400/1/756 396/1/751 429/1/747
f 414/1/331 438/1/333 433/1/325
f 443/1/324 414/1/331 433/1/325
f 438/1/333 439/1/1580 433/1/325
f 448/1/338 492/1/373 449/1/339
f 455/1/777 460/1/345 456/1/779
f 458/1/343 453/1/340 459/1/344
f 456/1/779 460/1/345 462/1/778
f 500/1/1581 464/1/796 465/1/350
f 475/1/359 496/1/1582 478/1/780
f 477/1/361 317/1/678 750/1/681
f 455/1/777 458/1/343 460/1/345
f 477/1/361 750/1/681 464/1/796
f 500/1/1581 479/1/363 464/1/796
f 483/1/731 484/1/782 487/1/787
f 496/1/1582 487/1/787 478/1/780
f 484/1/782 323/1/240 755/1/686
f 490/1/786 483/1/731 487/1/787
f 496/1/1582 490/1/786 487/1/787
f 496/1/1582 475/1/359 497/1/788
f 361/1/268 795/1/732 497/1/788
f 498/1/706 499/1/729 89/1/59
f 479/1/363 500/1/1581 497/1/788
f 474/1/358 479/1/363 497/1/788
f 197/1/392 277/1/658 296/1/214
f 197/1/392 274/1/791 272/1/197
f 197/1/392 272/1/197 275/1/1573
f 274/1/791 304/1/222 268/1/1572
f 250/1/790 304/1/222 274/1/791
f 210/1/1568 223/1/155 511/1/390
f 223/1/155 221/1/150 511/1/390
f 221/1/150 199/1/149 511/1/390
f 514/1/793 210/1/1568 511/1/390
f 13/1/593 16/1/794 47/1/29
f 487/1/787 484/1/782 755/1/686
f 77/1/328 75/1/51 515/1/1583
f 77/1/328 515/1/1583 102/1/393
f 75/1/51 516/1/1545 515/1/1583
f 531/1/797 829/1/798 120/1/915
f 517/1/396 118/1/395 105/1/399
f 288/1/218 355/1/262 230/1/160
f 288/1/218 230/1/160 216/1/145
f 321/1/238 520/1/591 113/1/401
f 123/1/455 521/1/1567 182/1/524
f 448/1/338 453/1/340 458/1/343
f 435/1/318 448/1/338 458/1/343
f 449/1/339 492/1/373 526/1/773
f 436/1/319 435/1/318 458/1/343
f 81/1/52 85/1/362 530/1/417
f 81/1/52 530/1/417 531/1/797
f 128/1/457 568/1/459 184/1/128
f 568/1/459 590/1/481 184/1/128
f 41/1/24 154/1/100 331/1/1561
f 163/1/107 164/1/936 523/1/407
f 163/1/107 523/1/407 522/1/406
f 169/1/529 524/1/408 626/1/531
f 133/9/94 186/2/127 173/4/129
f 675/1/579 171/1/1563 190/1/580
f 192/1/581 171/1/1563 675/1/579
f 250/1/790 720/1/639 247/1/1570
f 7/1/5 41/1/24 331/1/1561
f 206/1/1566 205/1/609 211/1/1569
f 196/1/391 306/1/225 692/1/607
f 196/1/391 692/1/607 205/1/609
f 698/1/606 697/1/605 211/1/1569
f 238/1/167 240/1/169 235/1/165
f 239/1/168 715/1/634 236/1/632
f 239/1/168 204/1/140 715/1/634
f 238/1/167 250/1/790 202/1/138
f 720/1/639 721/1/640 249/1/1571
f 249/1/1571 721/1/640 723/1/642
f 249/1/1571 723/1/642 725/1/644
f 249/1/1571 725/1/644 252/1/646
f 259/1/185 254/1/180 256/1/182
f 260/1/186 254/1/180 259/1/185
f 283/1/204 290/1/208 299/1/219
f 299/1/219 290/1/208 291/1/209
f 294/1/211 292/1/653 305/1/223
f 297/1/215 293/1/210 295/1/212
f 297/1/215 295/1/212 292/1/653
f 297/1/215 732/1/656 293/1/210
f 731/1/655 298/1/216 293/1/210
f 277/1/658 732/1/656 297/1/215
f 302/1/224 298/1/216 731/1/655
f 303/1/226 197/1/392 296/1/214
f 211/1/1569 697/1/605 736/1/662
f 211/1/1569 736/1/662 313/1/230
f 709/1/619 708/1/618 310/1/1574
f 709/1/619 310/1/1574 351/1/257
f 312/1/663 315/1/232 358/1/265
f 351/1/257 310/1/1574 333/1/256
f 318/1/677 520/1/591 321/1/238
f 324/1/241 98/1/66 107/1/72
f 755/1/686 325/1/242 749/1/680
f 325/1/242 109/1/74 749/1/680
f 229/1/628 233/1/630 712/1/629
f 514/1/793 827/1/792 219/1/620
f 247/1/1570 249/1/1571 718/1/637
f 718/1/637 249/1/1571 252/1/646
f 718/1/637 252/1/646 724/1/643
f 158/1/104 530/1/417 527/1/411
f 158/1/104 527/1/411 156/1/102
f 156/1/102 527/1/411 330/1/410
f 175/1/119 531/1/797 530/1/417
f 175/1/119 530/1/417 158/1/104
f 8/1/6 330/1/410 62/1/40
f 771/1/703 1145/1/1584 770/1/702
f 1145/1/1584 1232/1/1578 415/1/303
f 1145/1/1584 415/1/303 770/1/702
f 89/1/59 774/1/710 498/1/706
f 475/1/359 474/1/358 497/1/788
f 98/1/66 100/1/68 107/1/72
f 335/1/666 340/1/249 97/1/65
f 334/1/707 783/1/719 339/1/248
f 783/1/719 774/1/710 89/1/59
f 783/1/719 89/1/59 339/1/248
f 786/1/722 424/1/311 1232/1/1578
f 786/1/722 1232/1/1578 1145/1/1584
f 50/1/32 789/1/1585 342/1/1575
f 52/1/34 790/1/1586 789/1/1585
f 52/1/34 789/1/1585 50/1/32
f 64/1/795 791/1/727 790/1/1586
f 64/1/795 790/1/1586 52/1/34
f 333/1/256 791/1/727 64/1/795
f 171/1/1563 193/1/1564 793/1/1560
f 150/1/511 13/1/593 198/1/595
f 333/1/256 310/1/1574 792/1/726
f 339/1/248 89/1/59 499/1/729
f 339/1/248 499/1/729 354/1/667
f 326/1/264 353/1/263 57/1/39
f 364/1/730 795/1/732 360/1/267
f 371/1/297 799/1/738 381/1/285
f 371/1/297 394/1/733 799/1/738
f 414/1/331 443/1/324 409/1/404
f 811/1/765 417/1/305 419/1/307
f 439/1/1580 811/1/765 418/1/306
f 439/1/1580 432/1/355 811/1/765
f 432/1/355 417/1/305 811/1/765
f 439/1/1580 437/1/320 432/1/355
f 435/1/318 446/1/332 448/1/338
f 448/1/338 446/1/332 492/1/373
f 449/1/339 526/1/773 816/1/770
f 436/1/319 458/1/343 819/1/776
f 449/1/339 820/1/775 453/1/340
f 449/1/339 816/1/770 820/1/775
f 819/1/776 458/1/343 455/1/777
f 453/1/340 820/1/775 455/1/777
f 453/1/340 456/1/779 459/1/344
f 453/1/340 455/1/777 456/1/779
f 479/1/363 477/1/361 464/1/796
f 435/1/318 438/1/333 446/1/332
f 492/1/373 446/1/332 497/1/788
f 493/1/374 492/1/373 497/1/788
f 469/1/352 493/1/374 497/1/788
f 467/1/349 469/1/352 497/1/788
f 500/1/1581 467/1/349 497/1/788
f 199/1/149 828/1/1565 511/1/390
f 202/1/138 250/1/790 511/1/390
f 828/1/1565 202/1/138 511/1/390
f 531/1/797 175/1/119 829/1/798
f 81/1/52 531/1/797 830/1/799
f 81/1/52 830/1/799 516/1/1545
f 698/1/606 211/1/1569 205/1/609
f 795/1/732 490/1/786 497/1/788
f 490/1/786 496/1/1582 497/1/788
f 105/1/399 108/1/73 100/1/68
f 75/1/51 81/1/52 516/1/1545
f 105/1/399 100/1/68 517/1/396
f 327/1/691 42/1/152 227/1/159
f 146/1/98 227/1/159 226/1/158
f 412/1/405 810/1/762 420/1/764
f 433/1/325 418/1/306 417/1/305
f 394/1/733 404/1/817 405/1/750
f 467/1/349 500/1/1581 465/1/350
f 435/1/318 437/1/320 439/1/1580
f 848/1/818 861/1/827 849/1/819
f 850/1/820 856/1/821 851/1/824
f 852/1/826 867/1/875 853/1/843
f 850/1/820 849/1/819 856/1/821
f 854/1/835 864/1/830 855/1/833
f 854/1/835 859/1/1335 864/1/830
f 856/1/821 849/1/819 857/1/822
f 855/1/833 861/1/827 848/1/818
f 852/1/826 860/1/825 867/1/875
f 855/1/833 864/1/830 861/1/827
f 849/1/819 861/1/827 862/1/829
f 851/1/824 856/1/821 860/1/825
f 864/1/830 859/1/1335 863/1/828
f 860/1/825 858/1/823 865/1/872
f 865/1/872 867/1/875 860/1/825
f 869/1/933 874/1/839 876/1/841
f 869/1/933 870/1/836 874/1/839
f 860/1/825 856/1/821 858/1/823
f 870/1/836 873/1/838 874/1/839
f 876/1/841 878/1/844 982/1/1044
f 880/1/982 35/1/130 33/1/175
f 880/1/982 882/1/847 35/1/130
f 849/1/819 862/1/829 857/1/822
f 896/1/865 897/1/867 892/1/857
f 892/1/857 897/1/867 893/1/858
f 898/1/866 899/1/1016 1086/1/1037
f 898/1/866 1086/1/1037 897/1/867
f 901/1/862 910/1/871 904/1/868
f 904/1/868 910/1/871 905/1/1042
f 906/1/1040 907/1/1056 1146/1/1051
f 906/1/1040 1146/1/1051 1124/1/1038
f 910/1/871 913/1/1060 905/1/1042
f 910/1/871 909/1/870 913/1/1060
f 917/1/879 921/1/883 923/1/1147
f 80/1/50 929/1/1189 921/1/883
f 80/1/50 83/1/54 929/1/1189
f 921/1/883 927/1/1149 923/1/1147
f 921/1/883 929/1/1189 927/1/1149
f 933/1/895 934/1/894 917/1/879
f 937/1/896 1148/1/1054 935/1/892
f 934/1/894 918/1/880 917/1/879
f 937/1/896 941/1/1462 1148/1/1054
f 942/1/901 943/1/903 934/1/894
f 1135/1/1431 947/1/1334 948/1/1179
f 1135/1/1431 948/1/1179 939/1/898
f 83/1/54 957/1/916 929/1/1189
f 936/1/893 942/1/901 934/1/894
f 1005/1/946 123/1/455 1006/1/947
f 124/1/454 793/1/1560 961/1/918
f 968/1/1232 999/1/1587 969/1/1245
f 964/1/921 1012/1/1588 965/1/922
f 972/1/1234 999/1/1587 968/1/1232
f 972/1/1234 974/1/1246 999/1/1587
f 975/1/1219 1012/1/1588 964/1/921
f 975/1/1219 969/1/1245 1012/1/1588
f 981/1/1437 876/1/841 982/1/1044
f 980/1/932 153/1/514 147/1/416
f 981/1/1437 869/1/933 876/1/841
f 983/1/1274 977/1/929 1011/1/950
f 984/1/1275 983/1/1274 1011/1/950
f 985/1/1273 980/1/932 977/1/929
f 985/1/1273 986/1/1276 980/1/932
f 986/1/1276 153/1/514 980/1/932
f 987/1/1270 1141/1/1047 988/1/1268
f 987/1/1270 1142/1/1048 1141/1/1047
f 988/1/1268 1524/1/1440 989/1/940
f 988/1/1268 1141/1/1047 1524/1/1440
f 1005/1/946 990/1/935 159/1/937
f 992/1/1288 994/1/938 990/1/935
f 992/1/1288 993/1/1291 994/1/938
f 874/1/839 873/1/838 991/1/934
f 875/1/840 882/1/847 880/1/982
f 995/1/942 829/1/798 168/1/543
f 875/1/840 991/1/934 882/1/847
f 993/1/1291 996/1/1293 1315/1/1181
f 996/1/1293 524/1/408 1315/1/1181
f 159/1/937 170/1/1562 1005/1/946
f 873/1/838 882/1/847 991/1/934
f 993/1/1291 1315/1/1181 994/1/938
f 961/1/918 793/1/1560 997/1/1589
f 999/5/1587 1000/4/1590 969/6/1245
f 989/1/940 1524/1/1440 1001/1/941
f 1374/7/1247 1000/4/1590 974/8/1246
f 970/3/925 1000/4/1590 1374/7/1247
f 965/2/922 1000/4/1590 970/3/925
f 1007/1/948 1006/1/947 962/1/919
f 962/1/919 961/1/918 1008/1/1322
f 962/1/919 1008/1/1322 1007/1/948
f 192/1/581 997/1/1589 193/1/1564
f 995/1/942 1001/1/941 829/1/798
f 1116/1/1346 1010/1/1013 1023/1/955
f 969/6/1245 1000/4/1590 1012/9/1588
f 1589/1/1543 1013/1/966 1014/1/965
f 1077/1/1003 1016/1/1342 1589/1/1543
f 1077/1/1003 1017/1/1344 1016/1/1342
f 1011/1/950 894/1/859 859/1/1335
f 1589/1/1543 1016/1/1342 1013/1/966
f 521/1/1567 1005/1/946 170/1/1562
f 1021/1/958 1474/1/1408 1022/1/1363
f 1024/1/956 1021/1/958 1309/1/1542
f 974/8/1246 1000/4/1590 999/5/1587
f 1026/1/1591 1019/1/953 1018/1/952
f 1021/1/958 1025/1/957 1474/1/1408
f 1019/1/953 1027/1/1366 1453/1/1339
f 1019/1/953 1028/1/1365 1027/1/1366
f 1026/1/1591 1028/1/1365 1019/1/953
f 1588/1/1541 1028/1/1365 1026/1/1591
f 1588/1/1541 1034/1/1362 1028/1/1365
f 1014/1/965 1036/1/967 1308/1/1592
f 1308/1/1592 1037/1/1368 1038/1/1593
f 1038/1/1593 1025/1/957 1024/1/956
f 1038/1/1593 1037/1/1368 1025/1/957
f 1039/1/990 892/1/857 888/1/853
f 1309/1/1542 1021/1/958 1034/1/1362
f 1039/1/990 896/1/865 892/1/857
f 1048/1/977 1046/1/1371 1044/1/972
f 1048/1/977 1044/1/972 1040/1/968
f 1042/1/970 1041/1/969 1046/1/1371
f 1042/1/970 1046/1/1371 1048/1/977
f 1052/1/1002 1040/1/968 1049/1/975
f 1051/1/988 1040/1/968 1052/1/1002
f 1053/1/987 1048/1/977 1051/1/988
f 1052/1/1002 1017/1/1344 1077/1/1003
f 1487/1/1382 1064/1/1383 1065/1/1384
f 1073/1/999 1066/1/992 1070/1/996
f 1076/1/1386 1073/1/999 1070/1/996
f 1079/1/1009 1070/1/996 1071/1/997
f 1079/1/1009 1071/1/997 1058/1/983
f 1082/1/1388 1070/1/996 1083/1/1008
f 1083/1/1008 1070/1/996 1079/1/1009
f 897/1/867 1084/1/1007 893/1/858
f 1082/1/1388 1076/1/1386 1070/1/996
f 897/1/867 1086/1/1037 1084/1/1007
f 1089/1/1017 1090/1/1019 1087/1/1011
f 1087/1/1011 1090/1/1019 1088/1/1012
f 1083/1/1008 1092/1/1015 1093/1/1391
f 1088/1/1012 1090/1/1019 1092/1/1015
f 1092/1/1015 1096/1/1021 1093/1/1391
f 1090/1/1019 1100/1/1394 1092/1/1015
f 1099/1/1024 1103/1/1393 1100/1/1394
f 1104/1/1594 1105/1/1395 1110/1/1032
f 1104/1/1594 1107/1/1029 1105/1/1395
f 1106/1/1027 1107/1/1029 1104/1/1594
f 1109/1/1031 1104/1/1594 1110/1/1032
f 1090/1/1019 1099/1/1024 1100/1/1394
f 1092/1/1015 1111/1/1392 1096/1/1021
f 935/1/892 1148/1/1054 1102/1/1026
f 1092/1/1015 1100/1/1394 1111/1/1392
f 1113/1/1401 1104/1/1594 1109/1/1031
f 1114/1/1400 1104/1/1594 1113/1/1401
f 1058/1/983 1071/1/997 1078/1/1004
f 1113/1/1401 1010/1/1013 1116/1/1346
f 1114/1/1400 1113/1/1401 1116/1/1346
f 1474/1/1408 1118/1/1070 1022/1/1363
f 1474/1/1408 1501/1/1407 1118/1/1070
f 1027/1/1366 1122/1/1405 1453/1/1339
f 1027/1/1366 1121/1/1409 1122/1/1405
f 1122/1/1405 1125/1/1413 1123/1/1411
f 1121/1/1409 1125/1/1413 1122/1/1405
f 912/1/874 1125/1/1413 909/1/870
f 1146/1/1051 1118/1/1070 1501/1/1407
f 1127/1/1146 1128/1/1145 1131/1/1425
f 1127/1/1146 1131/1/1425 1129/1/1421
f 1146/1/1051 907/1/1056 1118/1/1070
f 912/1/874 1123/1/1411 1125/1/1413
f 1129/1/1421 1131/1/1425 958/1/913
f 1131/1/1425 1132/1/1332 958/1/913
f 1133/1/1159 1138/1/1432 1134/1/1427
f 1134/1/1427 1138/1/1432 1135/1/1431
f 901/1/862 908/1/869 910/1/871
f 1133/1/1159 1137/1/1158 1138/1/1432
f 1138/1/1432 947/1/1334 1135/1/1431
f 982/1/1044 878/1/844 1039/1/990
f 853/1/843 867/1/875 1142/1/1048
f 1147/1/1052 1148/1/1054 941/1/1462
f 1149/1/1053 1102/1/1026 1148/1/1054
f 1150/1/1453 1030/1/960 1102/1/1026
f 941/1/1462 1152/1/1461 1154/1/1463
f 1154/1/1463 930/1/889 932/1/891
f 1154/1/1463 1152/1/1461 930/1/889
f 1149/1/1053 1150/1/1453 1102/1/1026
f 1147/1/1052 941/1/1462 1154/1/1463
f 897/1/867 892/1/857 1156/1/1059
f 876/1/841 874/1/839 1158/1/1064
f 874/1/839 873/1/838 1158/1/1064
f 1148/1/1054 1163/1/1067 941/1/1462
f 1102/1/1026 1162/1/1066 1148/1/1054
f 1102/1/1026 1166/1/1595 1162/1/1066
f 941/1/1462 1167/1/1596 1154/1/1463
f 1102/1/1026 903/1/864 1166/1/1595
f 958/1/913 1132/1/1332 1169/1/1475
f 903/1/864 901/1/862 1166/1/1595
f 954/1/910 958/1/913 1169/1/1475
f 909/1/870 1170/1/1072 913/1/1060
f 909/1/870 1125/1/1413 1170/1/1072
f 1171/1/1073 1173/1/1075 1554/1/1476
f 1174/1/1076 1175/1/1078 1171/1/1073
f 1171/1/1073 1175/1/1078 1172/1/1074
f 1172/1/1074 1189/1/1480 1204/1/1099
f 1172/1/1074 1175/1/1078 1189/1/1480
f 1183/1/1085 1184/1/1484 1186/1/1485
f 1183/1/1085 1186/1/1485 1175/1/1078
f 1175/1/1078 1186/1/1485 1187/1/1483
f 1175/1/1078 1187/1/1483 1189/1/1480
f 1184/1/1484 1191/1/1486 1186/1/1485
f 1199/1/1094 1192/1/1488 1193/1/1487
f 1200/1/1095 1199/1/1094 1193/1/1487
f 1210/1/1107 1205/1/1492 1206/1/1494
f 1209/1/1537 1233/1/1490 1210/1/1107
f 1206/1/1494 1211/1/1505 1220/1/1108
f 1204/1/1099 1209/1/1537 1173/1/1075
f 1209/1/1537 1200/1/1095 1233/1/1490
f 1216/1/1502 1222/1/1116 1217/1/1503
f 1211/1/1505 1219/1/1506 1220/1/1108
f 1221/1/1109 1222/1/1116 1216/1/1502
f 1228/1/1510 1229/1/1508 1569/1/1507
f 1220/1/1108 1230/1/1509 1222/1/1116
f 1219/1/1506 1569/1/1507 1220/1/1108
f 1232/1/1578 1224/1/1111 1231/1/1115
f 425/1/314 1232/1/1578 1231/1/1115
f 1232/1/1578 1223/1/1110 1224/1/1111
f 1206/1/1494 1220/1/1108 1210/1/1107
f 1200/1/1095 1193/1/1487 1233/1/1490
f 1246/1/1124 1227/1/1114 1241/1/1121
f 1236/1/1513 1225/1/1112 1246/1/1124
f 1242/1/1122 1238/1/1515 1239/1/1517
f 1210/1/1107 1233/1/1490 1205/1/1492
f 1244/1/1498 1245/1/1514 1246/1/1124
f 1216/1/1502 1246/1/1124 1240/1/1120
f 917/1/879 923/1/1147 1247/1/1163
f 1244/1/1498 1246/1/1124 1216/1/1502
f 1216/1/1502 1240/1/1120 1248/1/1521
f 1250/1/1520 1317/1/1183 1289/1/1185
f 1250/1/1520 1260/1/1526 1317/1/1183
f 1276/1/1148 1257/1/1132 1259/1/1529
f 1276/1/1148 1259/1/1529 1260/1/1526
f 1296/1/1168 1264/1/1140 1265/1/1544
f 1586/1/1538 1269/1/1530 1268/1/1139
f 1245/1/1514 1236/1/1513 1246/1/1124
f 1271/1/1142 1272/1/1144 1293/1/1597
f 1293/1/1597 1274/1/1531 1275/1/1598
f 1273/1/1143 1265/1/1544 1128/1/1145
f 1295/1/1166 1273/1/1143 1271/1/1142
f 1296/1/1168 1265/1/1544 1295/1/1166
f 1275/1/1598 1274/1/1531 1281/1/1154
f 1275/1/1598 1281/1/1154 1287/1/1162
f 1172/1/1074 1204/1/1099 1173/1/1075
f 1289/1/1185 1290/1/1536 1585/1/1539
f 1275/1/1598 1292/1/1167 1293/1/1597
f 1173/1/1075 1292/1/1167 1554/1/1476
f 1294/1/1452 932/1/891 950/1/906
f 954/1/910 1299/1/1599 958/1/913
f 1271/1/1142 1292/1/1167 1295/1/1166
f 958/1/913 1299/1/1599 1302/1/1600
f 958/1/913 1302/1/1600 1131/1/1425
f 1024/1/956 1307/1/1540 1038/1/1593
f 1038/1/1593 1307/1/1540 1308/1/1592
f 933/1/895 917/1/879 1247/1/1163
f 1585/1/1539 1269/1/1530 1586/1/1538
f 1018/1/952 1307/1/1540 1026/1/1591
f 1308/1/1592 1307/1/1540 1014/1/965
f 1309/1/1542 1307/1/1540 1024/1/956
f 1023/1/955 1307/1/1540 1018/1/952
f 1023/1/955 1010/1/1013 1307/1/1540
f 859/1/1335 894/1/859 863/1/828
f 934/1/894 943/1/903 918/1/880
f 917/1/879 1310/1/1601 921/1/883
f 917/1/879 934/1/894 1310/1/1601
f 921/1/883 1310/1/1601 516/1/1545
f 942/1/901 1311/1/1178 1312/1/1177
f 957/1/916 120/1/915 829/1/798
f 1312/1/1177 945/1/902 942/1/901
f 1102/1/1026 1043/1/971 903/1/864
f 1102/1/1026 1030/1/960 1043/1/971
f 903/1/864 1091/1/1014 901/1/862
f 1313/1/1497 1221/1/1109 1216/1/1502
f 903/1/864 1043/1/971 1091/1/1014
f 1222/1/1116 1219/1/1506 1217/1/1503
f 1313/1/1497 1216/1/1502 1248/1/1521
f 123/1/455 1005/1/946 521/1/1567
f 1250/1/1520 1276/1/1148 1260/1/1526
f 1242/1/1122 1276/1/1148 1250/1/1520
f 1239/1/1517 1276/1/1148 1242/1/1122
f 929/1/1189 957/1/916 1322/1/1190
f 1006/1/947 124/1/454 962/1/919
f 1006/1/947 123/1/455 124/1/454
f 983/1/1274 985/1/1273 977/1/929
f 887/1/852 1142/1/1048 987/1/1270
f 1406/1/1285 990/1/935 1005/1/946
f 1406/1/1285 992/1/1288 990/1/935
f 996/1/1293 626/1/531 524/1/408
f 1012/9/1588 1000/4/1590 965/2/922
f 1440/1/1323 961/1/918 997/1/1589
f 1440/1/1323 1008/1/1322 961/1/918
f 192/1/581 1440/1/1323 997/1/1589
f 853/1/843 1142/1/1048 887/1/852
f 1025/1/957 1473/1/1369 1474/1/1408
f 1025/1/957 1037/1/1368 1473/1/1369
f 1308/1/1592 1036/1/967 1037/1/1368
f 1051/1/988 1048/1/977 1040/1/968
f 1052/1/1002 1049/1/975 1480/1/1374
f 1052/1/1002 1480/1/1374 1017/1/1344
f 1482/1/1376 1059/1/984 1058/1/983
f 1482/1/1376 1483/1/1379 1059/1/984
f 1053/1/987 1484/1/1378 1055/1/979
f 1053/1/987 1061/1/986 1484/1/1378
f 1483/1/1379 1486/1/1380 1059/1/984
f 1061/1/986 1486/1/1380 1484/1/1378
f 1486/1/1380 1487/1/1382 1059/1/984
f 1061/1/986 1488/1/1381 1486/1/1380
f 1061/1/986 1065/1/1384 1488/1/1381
f 1072/1/998 1067/1/993 1066/1/992
f 1073/1/999 1072/1/998 1066/1/992
f 1058/1/983 1078/1/1004 1482/1/1376
f 1083/1/1008 1093/1/1391 1082/1/1388
f 1107/1/1029 1115/1/1033 1105/1/1395
f 1110/1/1032 1108/1/1028 1106/1/1027
f 1110/1/1032 1105/1/1395 1108/1/1028
f 1110/1/1032 1106/1/1027 1495/1/1398
f 1494/1/1397 1106/1/1027 1104/1/1594
f 1087/1/1011 1495/1/1398 1089/1/1017
f 1087/1/1011 1110/1/1032 1495/1/1398
f 1114/1/1400 1494/1/1397 1104/1/1594
f 941/1/1462 1163/1/1067 1167/1/1596
f 1128/1/1145 1506/1/1416 1131/1/1425
f 1128/1/1145 1504/1/1414 1506/1/1416
f 1137/1/1158 1513/1/1424 1138/1/1432
f 1137/1/1158 1512/1/1423 1513/1/1424
f 1041/1/969 1477/1/1370 1046/1/1371
f 1309/1/1542 1034/1/1362 1588/1/1541
f 1059/1/984 1065/1/1384 1061/1/986
f 1055/1/979 1048/1/977 1053/1/987
f 1059/1/984 1487/1/1382 1065/1/1384
f 1001/1/941 1322/1/1190 957/1/916
f 1001/1/941 1524/1/1440 1322/1/1190
f 771/1/703 1533/1/1449 1145/1/1584
f 1145/1/1584 1223/1/1110 1232/1/1578
f 1145/1/1584 1533/1/1449 1223/1/1110
f 932/1/891 1294/1/1452 1536/1/1454
f 1293/1/1597 1292/1/1167 1271/1/1142
f 1543/1/1464 932/1/891 1536/1/1454
f 1543/1/1464 1154/1/1463 932/1/891
f 1546/1/1467 1232/1/1578 1231/1/1115
f 1546/1/1467 1145/1/1584 1232/1/1578
f 982/1/1044 876/1/841 1548/1/1469
f 897/1/867 1156/1/1059 1549/1/1470
f 1086/1/1037 897/1/867 1549/1/1470
f 876/1/841 1158/1/1064 1548/1/1469
f 997/1/1589 793/1/1560 193/1/1564
f 984/1/1275 1011/1/950 859/1/1335
f 1154/1/1463 950/1/906 932/1/891
f 1154/1/1463 1167/1/1596 950/1/906
f 901/1/862 910/1/871 1166/1/1595
f 1553/1/1474 1294/1/1452 950/1/906
f 950/1/906 1169/1/1475 1553/1/1474
f 950/1/906 954/1/910 1169/1/1475
f 1174/1/1076 1171/1/1073 1554/1/1476
f 1220/1/1108 1569/1/1507 1230/1/1509
f 1570/1/1511 1226/1/1113 1225/1/1112
f 1241/1/1121 1227/1/1114 1570/1/1511
f 1241/1/1121 1570/1/1511 1236/1/1513
f 1236/1/1513 1570/1/1511 1225/1/1112
f 1241/1/1121 1236/1/1513 1238/1/1515
f 1250/1/1520 1289/1/1185 1248/1/1521
f 1257/1/1132 1262/1/1135 1259/1/1529
f 1295/1/1166 1265/1/1544 1273/1/1143
f 1293/1/1597 1272/1/1144 1274/1/1531
f 1274/1/1531 1512/1/1423 1281/1/1154
f 1289/1/1185 1292/1/1167 1248/1/1521
f 1585/1/1539 1292/1/1167 1289/1/1185
f 1267/1/1138 1292/1/1167 1586/1/1538
f 1296/1/1168 1292/1/1167 1267/1/1138
f 954/1/910 1587/1/1602 1299/1/1599
f 954/1/910 1167/1/1596 1587/1/1602
f 954/1/910 950/1/906 1167/1/1596
f 1131/1/1425 1302/1/1600 1128/1/1145
f 1026/1/1591 1307/1/1540 1588/1/1541
f 1014/1/965 1307/1/1540 1589/1/1543
f 899/1/1016 1124/1/1038 1086/1/1037
f 899/1/1016 906/1/1040 1124/1/1038
f 1281/1/1154 1512/1/1423 1137/1/1158
f 957/1/916 829/1/798 1001/1/941
f 929/1/1189 830/1/799 957/1/916
f 1265/1/1544 1504/1/1414 1128/1/1145
f 957/1/916 830/1/799 829/1/798
f 942/1/901 936/1/893 1311/1/1178
f 1585/1/1539 1290/1/1536 1269/1/1530
f 1554/1/1476 1292/1/1167 1287/1/1162
f 1287/1/1162 1292/1/1167 1275/1/1598
f 945/1/902 939/1/898 948/1/1179
f 921/1/883 516/1/1545 929/1/1189
f 945/1/902 1312/1/1177 939/1/898
f 901/1/862 1126/1/1039 908/1/869
f 901/1/862 1091/1/1014 1126/1/1039
f 982/1/1044 1039/1/990 888/1/853
f 1219/1/1506 1228/1/1510 1569/1/1507
f 1246/1/1124 1225/1/1112 1227/1/1114
f 1204/1/1099 1200/1/1095 1209/1/1537
f 1222/1/1116 1230/1/1509 1228/1/1510
f 1222/1/1116 1228/1/1510 1219/1/1506
f 1267/1/1138 1264/1/1140 1296/1/1168
f 1242/1/1122 1241/1/1121 1238/1/1515
f 1586/1/1538 1268/1/1139 1267/1/1138
