# Blender 4.1.1
# www.blender.org
mtllib red_panda_adult.mtl
o red_panda
v 0.000019 1.037940 -2.238351
v 0.000019 1.036701 -2.648185
v 0.140056 1.104778 -2.644938
v -0.140019 1.104778 -2.644938
v 0.119744 1.340561 -2.648209
v 0.123489 1.349008 -3.021355
v 0.000019 1.398163 -3.052034
v -0.123451 1.349008 -3.021355
v -0.119706 1.340561 -2.648209
v 0.000019 1.397830 -2.683503
v 0.102285 1.359880 -3.344355
v 0.000019 1.402955 -3.359804
v -0.102248 1.359880 -3.344355
v 0.061612 1.347287 -3.592378
v -0.061575 1.347287 -3.592378
v 0.000019 1.448422 -1.266160
v 0.000019 1.437752 -1.152288
v 0.000019 1.364618 -1.245389
v 0.000019 1.369127 -1.128711
v 0.000019 1.390368 -1.515517
v 0.000019 1.478700 -1.519756
v 0.000019 1.485551 -2.694714
v 0.000019 1.470150 -2.275944
v 0.000019 1.381862 -2.270855
v 0.000019 1.484759 -3.069972
v 0.000019 1.465932 -3.370354
v 0.189724 1.252743 -3.019217
v -0.189686 1.252743 -3.019217
v 0.143955 1.125846 -3.012515
v 0.122832 1.166609 -3.359952
v 0.168590 1.281173 -3.353024
v -0.168552 1.281173 -3.353024
v -0.122794 1.166609 -3.359952
v -0.143917 1.125846 -3.012515
v 0.074644 1.238049 -3.593107
v 0.103665 1.304039 -3.586447
v -0.103628 1.304039 -3.586447
v -0.074606 1.238049 -3.593107
v 0.000019 1.365247 -3.598344
v 0.000019 0.944669 -2.250649
v 0.000019 0.942801 -2.653975
v 0.000019 1.063721 -3.029613
v 0.000019 0.969654 -3.028149
v 0.000019 1.127653 -3.376945
v 0.000019 1.033810 -3.383606
v 0.000019 1.224335 -3.598913
v 0.000019 1.053958 -1.462807
v 0.000019 1.005521 -1.032328
v 0.000019 0.960810 -1.476004
v 0.189724 1.252743 -3.019217
v 0.185900 1.237926 -2.647494
v 0.299503 1.237926 -2.647494
v -0.299466 1.237926 -2.647494
v -0.185862 1.237926 -2.647494
v -0.189686 1.252743 -3.019217
v 0.168590 1.281173 -3.353024
v 0.303327 1.252743 -3.019217
v -0.303290 1.252743 -3.019217
v -0.168552 1.281173 -3.353024
v 0.000019 1.375026 -1.859520
v 0.000019 1.464821 -1.857605
v 0.000019 0.934830 -1.861856
v 0.000019 1.028277 -1.841936
v 0.000019 1.395178 0.539467
v 0.118366 1.382379 0.561675
v 0.128145 1.417224 0.396246
v -0.128108 1.417224 0.396246
v -0.118329 1.382379 0.561675
v 0.225362 1.326277 0.565088
v 0.264026 1.329846 0.410639
v -0.263988 1.329846 0.410639
v -0.225324 1.326277 0.565088
v 0.229423 1.344380 0.662072
v -0.229385 1.344380 0.662072
v 0.097759 1.402364 0.655242
v -0.097721 1.402364 0.655242
v 0.000019 1.398510 0.643836
v 0.000019 1.290851 -3.450076
v 0.185900 1.237926 -2.647494
v -0.185862 1.237926 -2.647494
v 0.272124 1.281605 -3.390505
v -0.272087 1.281605 -3.390505
v 0.103665 1.304039 -3.586447
v -0.103628 1.304039 -3.586447
v 0.141832 1.091565 1.535221
v 0.102456 1.067767 1.546780
v 0.131133 1.070112 1.526757
v -0.131096 1.070112 1.526757
v -0.102419 1.067767 1.546780
v -0.141795 1.091565 1.535221
v 0.153139 1.068386 1.507453
v 0.142810 1.063544 1.513161
v -0.142772 1.063544 1.513161
v -0.153101 1.068386 1.507453
v 0.203450 1.172770 1.469785
v 0.130183 1.176642 1.537820
v 0.159862 1.145453 1.525416
v -0.159825 1.145453 1.525416
v -0.130146 1.176642 1.537820
v -0.203412 1.172770 1.469785
v 0.219848 1.131213 1.456086
v 0.179828 1.084081 1.496590
v -0.179790 1.084081 1.496590
v -0.219810 1.131213 1.456086
v 0.139640 1.025635 1.502186
v 0.130925 1.035130 1.507017
v -0.130887 1.035130 1.507017
v -0.139602 1.025635 1.502186
v 0.103871 1.010307 1.523780
v 0.105425 1.022863 1.529743
v -0.105388 1.022863 1.529743
v -0.103834 1.010307 1.523780
v 0.071368 1.011883 1.548491
v 0.084366 1.025811 1.546299
v -0.084328 1.025811 1.546299
v -0.071330 1.011883 1.548491
v 0.174283 0.998605 1.475347
v 0.153670 1.018959 1.493026
v -0.153633 1.018959 1.493026
v -0.174245 0.998605 1.475347
v 0.117845 0.973050 1.518445
v 0.108164 0.996001 1.522026
v -0.108127 0.996001 1.522026
v -0.117807 0.973050 1.518445
v 0.100847 1.330362 -2.238716
v -0.100809 1.330362 -2.238716
v 0.165934 1.231494 -2.229242
v 0.119085 1.101851 -2.220977
v -0.119047 1.101851 -2.220977
v -0.165896 1.231494 -2.229242
v 0.165934 1.231494 -2.229242
v 0.279538 1.231494 -2.229242
v -0.279500 1.231494 -2.229242
v -0.165896 1.231494 -2.229242
v 0.076683 1.343768 -1.488358
v 0.089211 1.323016 -1.833433
v -0.089173 1.323016 -1.833433
v -0.076645 1.343768 -1.488358
v 0.108941 1.087620 -1.830853
v -0.108904 1.087620 -1.830853
v 0.097157 1.110049 -1.467204
v -0.097119 1.110049 -1.467204
v 0.156078 1.220809 -1.830255
v 0.142922 1.242213 -1.476943
v -0.142884 1.242213 -1.476943
v -0.156040 1.220809 -1.830255
v 0.316554 1.197035 1.246779
v 0.287993 1.175740 1.315086
v 0.300664 1.108547 1.273294
v -0.300626 1.108547 1.273294
v -0.287955 1.175740 1.315086
v -0.316516 1.197035 1.246779
v 0.324396 1.121873 1.221046
v -0.324359 1.121873 1.221046
v 0.255602 1.101316 1.390459
v 0.268629 1.069564 1.341235
v -0.268592 1.069564 1.341235
v -0.255564 1.101316 1.390459
v 0.279338 1.275041 1.276078
v 0.248292 1.211336 1.359712
v -0.248254 1.211336 1.359712
v -0.279300 1.275041 1.276078
v 0.254353 0.943708 1.219605
v 0.302388 1.035028 1.214177
v 0.270753 1.027349 1.280929
v -0.270715 1.027349 1.280929
v -0.302351 1.035028 1.214177
v -0.254315 0.943708 1.219605
v 0.233163 0.929575 1.257212
v -0.233125 0.929575 1.257212
v 0.232038 0.950853 1.340517
v 0.206744 0.907504 1.322048
v -0.206706 0.907504 1.322048
v -0.232000 0.950853 1.340517
v 0.158026 1.351959 1.351318
v 0.083511 1.374908 1.398768
v 0.072913 1.289537 1.509489
v -0.072875 1.289537 1.509489
v -0.083473 1.374908 1.398768
v -0.157988 1.351959 1.351318
v 0.153664 1.261125 1.475332
v -0.153626 1.261125 1.475332
v 0.000019 1.378892 1.411493
v 0.000019 1.289131 1.514735
v 0.064217 1.194510 1.571719
v -0.064179 1.194510 1.571719
v 0.000019 1.196521 1.578235
v 0.211857 1.332762 1.327063
v 0.211323 1.240439 1.430121
v -0.211285 1.240439 1.430121
v -0.211820 1.332762 1.327063
v 0.092119 1.438332 1.264233
v -0.092082 1.438332 1.264233
v 0.000019 1.446159 1.284623
v 0.146524 1.416580 1.266670
v -0.146486 1.416580 1.266670
v 0.211857 1.332762 1.327063
v 0.200861 1.359839 1.307498
v 0.158026 1.351959 1.351318
v -0.157988 1.351959 1.351318
v -0.200824 1.359839 1.307498
v -0.211820 1.332762 1.327063
v 0.187279 1.406662 1.226816
v -0.187242 1.406662 1.226816
v 0.146524 1.416580 1.266670
v -0.146486 1.416580 1.266670
v 0.254368 1.408021 1.229038
v -0.254330 1.408021 1.229038
v 0.252070 1.433513 1.182665
v -0.252032 1.433513 1.182665
v 0.364419 1.471185 1.126064
v -0.364382 1.471185 1.126064
v 0.347064 1.479875 1.091968
v -0.347026 1.479875 1.091968
v 0.466368 1.516031 1.039168
v -0.466330 1.516031 1.039168
v 0.422283 1.489979 1.031497
v -0.422245 1.489979 1.031497
v 0.418203 1.398207 1.043844
v -0.418165 1.398207 1.043844
v 0.361303 1.394502 1.018123
v -0.361265 1.394502 1.018123
v 0.375925 1.263730 1.051262
v 0.340564 1.283579 1.026382
v -0.340526 1.283579 1.026382
v -0.375887 1.263730 1.051262
v 0.338063 1.218839 1.129998
v 0.325482 1.218963 1.037037
v -0.325444 1.218963 1.037037
v -0.338025 1.218839 1.129998
v 0.279338 1.275041 1.276078
v 0.277687 1.288553 1.203640
v 0.200861 1.359839 1.307498
v -0.200824 1.359839 1.307498
v -0.277649 1.288553 1.203640
v -0.279300 1.275041 1.276078
v 0.211857 1.332762 1.327063
v -0.211820 1.332762 1.327063
v 0.316554 1.197035 1.246779
v 0.338063 1.218839 1.129998
v -0.338025 1.218839 1.129998
v -0.316516 1.197035 1.246779
v 0.254368 1.408021 1.229038
v 0.239976 1.356986 1.219823
v -0.239938 1.356986 1.219823
v -0.254330 1.408021 1.229038
v 0.281440 1.407307 1.176707
v -0.281402 1.407307 1.176707
v 0.364419 1.471185 1.126064
v -0.364382 1.471185 1.126064
v 0.347609 1.453686 1.108641
v -0.347571 1.453686 1.108641
v 0.466368 1.516031 1.039168
v -0.466330 1.516031 1.039168
v 0.437250 1.490617 1.056467
v -0.437213 1.490617 1.056467
v 0.418203 1.398207 1.043844
v -0.418165 1.398207 1.043844
v 0.391353 1.390154 1.050665
v -0.391316 1.390154 1.050665
v 0.375925 1.263730 1.051262
v -0.375887 1.263730 1.051262
v 0.361074 1.280742 1.055797
v -0.361036 1.280742 1.055797
v 0.315558 1.270460 1.097553
v -0.315521 1.270460 1.097553
v 0.280032 1.305033 1.151681
v -0.279994 1.305033 1.151681
v 0.298844 1.380694 1.108941
v -0.298806 1.380694 1.108941
v 0.324396 1.121873 1.221046
v 0.302388 1.035028 1.214177
v 0.297201 1.002353 1.101982
v -0.297163 1.002353 1.101982
v -0.302351 1.035028 1.214177
v -0.324359 1.121873 1.221046
v 0.319067 1.072446 1.097390
v -0.319030 1.072446 1.097390
v 0.254353 0.943708 1.219605
v 0.246939 0.922617 1.109154
v -0.246901 0.922617 1.109154
v -0.254315 0.943708 1.219605
v 0.088909 1.466402 1.149672
v -0.088871 1.466402 1.149672
v 0.000019 1.474615 1.149882
v 0.132006 1.452831 1.174997
v -0.131968 1.452831 1.174997
v 0.132006 1.452831 1.174997
v 0.192171 1.417023 1.078786
v 0.129383 1.437777 1.055681
v -0.129346 1.437777 1.055681
v -0.192134 1.417023 1.078786
v -0.131968 1.452831 1.174997
v 0.281005 1.446644 1.097744
v -0.280967 1.446644 1.097744
v 0.225588 1.431624 1.137938
v -0.225550 1.431624 1.137938
v 0.328132 1.440338 1.049386
v -0.328094 1.440338 1.049386
v 0.202387 1.342336 1.007066
v -0.202349 1.342336 1.007066
v 0.284489 1.386297 1.034914
v -0.284451 1.386297 1.034914
v 0.200352 1.427515 1.163021
v -0.200315 1.427515 1.163021
v 0.073446 0.860499 1.295826
v 0.000019 0.843962 1.293599
v 0.000019 0.845609 1.256606
v -0.073408 0.860499 1.295826
v 0.083964 0.856745 1.257152
v -0.083926 0.856745 1.257152
v 0.135511 0.877761 1.313176
v -0.135474 0.877761 1.313176
v 0.144575 0.879120 1.270345
v -0.144537 0.879120 1.270345
v 0.000019 0.840055 1.213426
v 0.083964 0.849452 1.207427
v -0.083926 0.849452 1.207427
v 0.167011 0.862595 1.237018
v -0.166973 0.862595 1.237018
v 0.083964 0.849452 1.207427
v 0.000019 0.840055 1.213426
v 0.000019 0.824045 1.144284
v -0.083926 0.849452 1.207427
v 0.083964 0.828591 1.137433
v -0.083926 0.828591 1.137433
v 0.167011 0.862595 1.237018
v -0.166973 0.862595 1.237018
v 0.148478 0.865737 1.118202
v -0.148441 0.865737 1.118202
v 0.281345 1.254163 0.956465
v -0.281307 1.254163 0.956465
v 0.304485 1.151148 1.044038
v 0.323268 1.078198 0.977457
v -0.323231 1.078198 0.977457
v -0.304447 1.151148 1.044038
v 0.323302 1.145925 0.948572
v -0.323264 1.145925 0.948572
v 0.298360 0.959612 1.011739
v -0.298323 0.959612 1.011739
v 0.223909 0.889308 1.050052
v -0.223871 0.889308 1.050052
v 0.000019 0.786603 1.071989
v 0.093531 0.798067 1.061330
v -0.093494 0.798067 1.061330
v 0.156375 0.845974 1.054253
v -0.156338 0.845974 1.054253
v 0.325482 1.218963 1.037037
v -0.325444 1.218963 1.037037
v 0.281345 1.254163 0.956465
v -0.281307 1.254163 0.956465
v 0.290138 0.886447 1.009661
v -0.290100 0.886447 1.009661
v 0.195273 0.822209 1.041525
v -0.195236 0.822209 1.041525
v 0.285738 0.762940 1.001567
v 0.364824 0.845131 0.888906
v -0.364786 0.845131 0.888906
v -0.285701 0.762940 1.001567
v 0.361035 0.938267 0.920913
v -0.360997 0.938267 0.920913
v 0.279014 0.662697 0.947542
v 0.367550 0.710029 0.846668
v -0.367512 0.710029 0.846668
v -0.278977 0.662697 0.947542
v 0.127654 0.737572 1.000240
v -0.127617 0.737572 1.000240
v 0.129439 0.641520 0.959324
v -0.129402 0.641520 0.959324
v 0.361708 0.878264 0.608493
v 0.334268 0.728059 0.579779
v 0.142434 0.676733 0.509125
v -0.142396 0.676733 0.509125
v -0.334230 0.728059 0.579779
v -0.361670 0.878264 0.608493
v 0.324300 0.905127 0.510542
v -0.324262 0.905127 0.510542
v 0.343752 1.091258 0.579927
v 0.372090 1.061011 0.450221
v -0.372053 1.061011 0.450221
v -0.343714 1.091258 0.579927
v 0.451599 1.009265 0.043838
v 0.372405 0.775361 0.097775
v 0.368806 0.790448 -0.184146
v -0.368769 0.790448 -0.184146
v -0.372367 0.775361 0.097775
v -0.451561 1.009265 0.043838
v 0.463699 1.014602 -0.197436
v -0.463662 1.014602 -0.197436
v 0.347059 0.797038 -0.333708
v 0.448393 0.988620 -0.347877
v -0.448355 0.988620 -0.347877
v -0.347021 0.797038 -0.333708
v 0.259734 0.746568 -0.411737
v 0.431154 0.949864 -0.483555
v -0.431117 0.949864 -0.483555
v -0.259696 0.746568 -0.411737
v 0.216036 0.705393 -0.486469
v -0.215998 0.705393 -0.486469
v 0.389848 0.715565 -0.511271
v -0.389810 0.715565 -0.511271
v 0.397263 0.674384 -0.876303
v 0.227542 0.652862 -0.939754
v 0.210272 0.884278 -1.039047
v -0.210235 0.884278 -1.039047
v -0.227504 0.652862 -0.939754
v -0.397226 0.674384 -0.876303
v 0.417583 0.889678 -0.954213
v -0.417545 0.889678 -0.954213
v 0.332033 0.805023 0.308674
v 0.402159 1.010991 0.268058
v -0.402122 1.010991 0.268058
v -0.331995 0.805023 0.308674
v 0.306042 1.197482 0.672078
v 0.305095 1.214306 0.557341
v -0.305057 1.214306 0.557341
v -0.306004 1.197482 0.672078
v 0.331100 1.206610 0.419620
v -0.331062 1.206610 0.419620
v 0.314928 1.400256 -0.022463
v 0.414008 1.247329 -0.005919
v 0.421426 1.271899 -0.246404
v -0.421388 1.271899 -0.246404
v -0.413970 1.247329 -0.005919
v -0.314890 1.400256 -0.022463
v 0.331660 1.431005 -0.274274
v -0.331622 1.431005 -0.274274
v 0.424347 1.271409 -0.400975
v -0.424309 1.271409 -0.400975
v 0.333082 1.440018 -0.457429
v -0.333044 1.440018 -0.457429
v 0.466003 1.246788 -0.563519
v -0.465965 1.246788 -0.563519
v 0.357559 1.419035 -0.665478
v -0.357521 1.419035 -0.665478
v 0.364096 1.210619 0.229364
v -0.364058 1.210619 0.229364
v 0.291788 1.361238 0.215379
v -0.291750 1.361238 0.215379
v 0.288649 1.247456 0.814605
v 0.209531 1.349435 0.811312
v -0.209494 1.349435 0.811312
v -0.288611 1.247456 0.814605
v 0.202387 1.342336 1.007066
v -0.202349 1.342336 1.007066
v 0.337683 1.144822 0.832118
v -0.337645 1.144822 0.832118
v 0.469283 0.710767 -0.722580
v 0.486847 0.944149 -0.740362
v -0.486809 0.944149 -0.740362
v -0.469246 0.710767 -0.722580
v 0.397263 0.674384 -0.876303
v 0.417583 0.889678 -0.954213
v -0.417545 0.889678 -0.954213
v -0.397226 0.674384 -0.876303
v 0.461311 1.204986 -0.794664
v 0.348998 1.388265 -0.864861
v -0.348960 1.388265 -0.864861
v -0.461273 1.204986 -0.794664
v 0.378101 1.146964 -0.988108
v 0.268394 1.307958 -1.003905
v -0.268357 1.307958 -1.003905
v -0.378063 1.146964 -0.988108
v 0.288208 0.534540 0.919637
v -0.288170 0.534540 0.919637
v 0.353316 0.556049 0.775482
v -0.353278 0.556049 0.775482
v 0.144716 0.502855 0.925406
v -0.144678 0.502855 0.925406
v 0.334268 0.728059 0.579779
v 0.308416 0.610883 0.583439
v 0.162540 0.575651 0.527279
v -0.162503 0.575651 0.527279
v -0.308378 0.610883 0.583439
v -0.334230 0.728059 0.579779
v 0.142434 0.676733 0.509125
v -0.142396 0.676733 0.509125
v 0.295915 0.541933 0.603229
v 0.166058 0.507028 0.588286
v -0.166020 0.507028 0.588286
v -0.295878 0.541933 0.603229
v 0.285231 0.455773 0.640577
v -0.285194 0.455773 0.640577
v 0.194298 0.443519 0.607796
v -0.194261 0.443519 0.607796
v 0.276753 0.429040 0.892841
v -0.276715 0.429040 0.892841
v 0.342394 0.423109 0.790979
v -0.342356 0.423109 0.790979
v 0.159134 0.412458 0.917461
v -0.159097 0.412458 0.917461
v 0.285231 0.455773 0.640577
v -0.285194 0.455773 0.640577
v 0.295915 0.541933 0.603229
v -0.295878 0.541933 0.603229
v 0.099533 0.401927 0.829203
v 0.083190 0.508279 0.842462
v 0.104143 0.509438 0.638903
v -0.104105 0.509438 0.638903
v -0.083153 0.508279 0.842462
v -0.099495 0.401927 0.829203
v 0.097884 0.420607 0.698630
v -0.097846 0.420607 0.698630
v 0.144716 0.502855 0.925406
v -0.144678 0.502855 0.925406
v 0.159134 0.412458 0.917461
v -0.159097 0.412458 0.917461
v 0.050240 0.653927 0.888856
v 0.054938 0.639597 0.715302
v -0.054900 0.639597 0.715302
v -0.050202 0.653927 0.888856
v 0.129439 0.641520 0.959324
v -0.129402 0.641520 0.959324
v 0.142434 0.676733 0.509125
v 0.000019 0.661931 0.699374
v -0.142396 0.676733 0.509125
v 0.000019 0.640381 0.503926
v 0.000019 0.696629 0.894104
v 0.000019 0.719073 0.972076
v 0.000019 0.719073 0.972076
v 0.177031 0.663317 0.096801
v 0.172840 0.674053 -0.168210
v -0.172802 0.674053 -0.168210
v -0.176993 0.663317 0.096801
v 0.177031 0.663317 0.096801
v 0.000019 0.633797 0.091544
v 0.000019 0.644749 -0.164443
v -0.176993 0.663317 0.096801
v 0.172840 0.674053 -0.168210
v -0.172802 0.674053 -0.168210
v 0.194355 0.695335 -0.337426
v -0.194318 0.695335 -0.337426
v 0.000019 0.646073 -0.344959
v 0.194355 0.695335 -0.337426
v -0.194318 0.695335 -0.337426
v 0.163738 0.641661 0.327049
v -0.163700 0.641661 0.327049
v 0.163738 0.641661 0.327049
v 0.000019 0.597449 0.318775
v -0.163700 0.641661 0.327049
v 0.404607 0.895960 0.737804
v 0.409298 1.024957 0.783266
v -0.409260 1.024957 0.783266
v -0.404569 0.895960 0.737804
v 0.382834 1.063109 0.688347
v -0.382797 1.063109 0.688347
v 0.378899 0.733821 0.689109
v -0.378862 0.733821 0.689109
v 0.334268 0.728059 0.579779
v -0.334230 0.728059 0.579779
v 0.348372 0.632833 0.664083
v -0.348335 0.632833 0.664083
v 0.308416 0.610883 0.583439
v -0.308378 0.610883 0.583439
v 0.298826 0.290898 0.698817
v -0.298789 0.290898 0.698817
v 0.188694 0.279719 0.679806
v -0.188656 0.279719 0.679806
v 0.287646 0.320766 0.907259
v -0.287608 0.320766 0.907259
v 0.333535 0.310900 0.816636
v -0.333497 0.310900 0.816636
v 0.174597 0.316101 0.935236
v -0.174559 0.316101 0.935236
v 0.298826 0.290898 0.698817
v -0.298789 0.290898 0.698817
v 0.106566 0.289166 0.752335
v -0.106528 0.289166 0.752335
v 0.112068 0.299666 0.852814
v -0.112030 0.299666 0.852814
v 0.174597 0.316101 0.935236
v -0.174559 0.316101 0.935236
v 0.303695 0.183228 0.749463
v -0.303657 0.183228 0.749463
v 0.245665 0.169105 0.704362
v -0.245627 0.169105 0.704362
v 0.299159 0.227765 0.937292
v -0.299121 0.227765 0.937292
v 0.352692 0.205447 0.859950
v -0.352654 0.205447 0.859950
v 0.186586 0.223921 0.962108
v -0.186548 0.223921 0.962108
v 0.303695 0.183228 0.749463
v -0.303657 0.183228 0.749463
v 0.119587 0.161870 0.774384
v -0.119549 0.161870 0.774384
v 0.124438 0.196147 0.875868
v -0.124401 0.196147 0.875868
v 0.186586 0.223921 0.962108
v -0.186548 0.223921 0.962108
v 0.328793 0.392643 -0.609591
v 0.218178 0.378214 -0.579213
v 0.244874 0.271591 -0.605165
v -0.244836 0.271591 -0.605165
v -0.218141 0.378214 -0.579213
v -0.328755 0.392643 -0.609591
v 0.327181 0.265471 -0.642810
v -0.327143 0.265471 -0.642810
v 0.242608 0.384713 -0.913222
v 0.334257 0.395766 -0.884271
v 0.326768 0.230782 -0.850278
v -0.326731 0.230782 -0.850278
v -0.334219 0.395766 -0.884271
v -0.242571 0.384713 -0.913222
v 0.251312 0.223382 -0.859783
v -0.251274 0.223382 -0.859783
v 0.385248 0.404909 -0.768109
v -0.385210 0.404909 -0.768109
v 0.367387 0.252984 -0.754935
v -0.367349 0.252984 -0.754935
v 0.334257 0.395766 -0.884271
v -0.334219 0.395766 -0.884271
v 0.326768 0.230782 -0.850278
v -0.326731 0.230782 -0.850278
v 0.218178 0.378214 -0.579213
v 0.147373 0.380148 -0.700727
v 0.189011 0.255924 -0.675604
v -0.188973 0.255924 -0.675604
v -0.147335 0.380148 -0.700727
v -0.218141 0.378214 -0.579213
v 0.244874 0.271591 -0.605165
v -0.244836 0.271591 -0.605165
v 0.133876 0.389085 -0.822775
v 0.178991 0.236045 -0.788184
v -0.178953 0.236045 -0.788184
v -0.133839 0.389085 -0.822775
v 0.000019 0.746310 -0.612544
v 0.000019 0.789391 -0.794226
v 0.061432 0.740772 -0.824045
v -0.061395 0.740772 -0.824045
v 0.063676 0.728116 -0.634921
v -0.063638 0.728116 -0.634921
v 0.124917 0.655483 -0.656249
v -0.124879 0.655483 -0.656249
v 0.105030 0.644403 -0.829768
v -0.104992 0.644403 -0.829768
v 0.000019 0.935784 -0.928022
v 0.000019 0.706234 -0.465633
v 0.111334 0.740028 -0.468628
v -0.111296 0.740028 -0.468628
v 0.259734 0.746568 -0.411737
v -0.259696 0.746568 -0.411737
v 0.216036 0.705393 -0.486469
v -0.215998 0.705393 -0.486469
v 0.211588 0.525646 -0.525892
v 0.369793 0.537234 -0.551295
v -0.369755 0.537234 -0.551295
v -0.211550 0.525646 -0.525892
v 0.366941 0.513026 -0.897996
v 0.229970 0.493568 -0.942738
v -0.229933 0.493568 -0.942738
v -0.366903 0.513026 -0.897996
v 0.425865 0.549582 -0.746636
v -0.425828 0.549582 -0.746636
v 0.366941 0.513026 -0.897996
v -0.366903 0.513026 -0.897996
v 0.128910 0.493555 -0.689094
v 0.211588 0.525646 -0.525892
v -0.211550 0.525646 -0.525892
v -0.128873 0.493555 -0.689094
v 0.115924 0.488140 -0.839171
v -0.115886 0.488140 -0.839171
v 0.000019 1.488590 -0.800544
v 0.132740 1.397452 -0.982320
v 0.115996 1.342591 -1.082249
v -0.115959 1.342591 -1.082249
v -0.132702 1.397452 -0.982320
v 0.268394 1.307958 -1.003905
v 0.235619 1.253430 -1.077538
v -0.235581 1.253430 -1.077538
v -0.268357 1.307958 -1.003905
v 0.299032 0.453908 -1.067493
v -0.298994 0.453908 -1.067493
v 0.309279 0.631569 -1.082473
v -0.309242 0.631569 -1.082473
v 0.292121 0.350886 -0.983050
v -0.292083 0.350886 -0.983050
v 0.017386 0.493503 0.106812
v 0.083000 0.533771 -0.162949
v -0.082962 0.533771 -0.162949
v -0.017348 0.493503 0.106812
v 0.158232 0.571862 -0.357386
v -0.158194 0.571862 -0.357386
v 0.029904 0.484151 0.344173
v -0.029866 0.484151 0.344173
v 0.064706 0.595166 0.572675
v -0.064669 0.595166 0.572675
v 0.300240 0.692760 -0.473093
v -0.300202 0.692760 -0.473093
v 0.431154 0.949864 -0.483555
v -0.431117 0.949864 -0.483555
v 0.230896 0.505077 0.510127
v -0.230858 0.505077 0.510127
v 0.244594 0.641349 0.485911
v -0.244556 0.641349 0.485911
v 0.276022 0.764159 0.512587
v -0.275984 0.764159 0.512587
v 0.237752 0.389507 0.541069
v -0.237715 0.389507 0.541069
v 0.239208 0.239941 0.636360
v -0.239170 0.239941 0.636360
v 0.054938 0.639597 0.715302
v -0.054900 0.639597 0.715302
v 0.370731 1.126395 1.130161
v 0.340663 1.240581 1.162273
v -0.340625 1.240581 1.162273
v -0.370694 1.126395 1.130161
v 0.344414 0.997734 1.115781
v -0.344376 0.997734 1.115781
v 0.241046 0.896582 1.120183
v -0.241008 0.896582 1.120183
v 0.261266 1.320760 1.253762
v -0.261228 1.320760 1.253762
v 0.349127 1.521730 1.151856
v -0.349089 1.521730 1.151856
v 0.240440 1.429937 1.265079
v -0.240402 1.429937 1.265079
v 0.491773 1.554941 1.029258
v -0.491736 1.554941 1.029258
v 0.446243 1.407280 1.025453
v -0.446205 1.407280 1.025453
v 0.394485 1.261227 1.033620
v -0.394447 1.261227 1.033620
v 0.325957 1.155995 1.161157
v -0.325920 1.155995 1.161157
v 0.399449 1.104650 1.056416
v -0.399411 1.104650 1.056416
v 0.454335 1.192798 1.001885
v -0.454297 1.192798 1.001885
v 0.291030 1.111895 -1.074436
v -0.290992 1.111895 -1.074436
v 0.378101 1.146964 -0.988108
v -0.378063 1.146964 -0.988108
v 0.378101 1.146964 -0.988108
v 0.291030 1.111895 -1.074436
v -0.290992 1.111895 -1.074436
v -0.378063 1.146964 -0.988108
v 0.173972 1.082026 -1.083025
v -0.173934 1.082026 -1.083025
v 0.000019 1.095839 -1.027921
v 0.286805 0.844552 -1.122828
v 0.254388 1.081359 -1.148170
v -0.254350 1.081359 -1.148170
v -0.286768 0.844552 -1.122828
v 0.132740 1.397452 -0.982320
v 0.000019 1.399565 -1.137397
v 0.000019 1.488590 -0.800544
v -0.132702 1.397452 -0.982320
v 0.200097 1.238225 -1.160556
v -0.200059 1.238225 -1.160556
v 0.113195 1.359523 -1.150364
v -0.113157 1.359523 -1.150364
v 0.327181 0.265471 -0.642810
v 0.244874 0.271591 -0.605165
v 0.264245 0.196930 -0.591044
v -0.264207 0.196930 -0.591044
v -0.244836 0.271591 -0.605165
v -0.327143 0.265471 -0.642810
v 0.331771 0.193200 -0.628328
v -0.331734 0.193200 -0.628328
v 0.440506 0.101149 -0.474770
v 0.453398 0.033868 -0.514703
v 0.424495 0.034479 -0.612541
v -0.424457 0.034479 -0.612541
v -0.453361 0.033868 -0.514703
v -0.440468 0.101149 -0.474770
v 0.415499 0.138216 -0.563599
v -0.415461 0.138216 -0.563599
v 0.376975 0.155198 -0.504812
v 0.401636 0.117231 -0.433053
v -0.401599 0.117231 -0.433053
v -0.376937 0.155198 -0.504812
v 0.371289 0.175443 -0.726659
v -0.371251 0.175443 -0.726659
v 0.367387 0.252984 -0.754935
v -0.367349 0.252984 -0.754935
v 0.358799 0.118906 -0.818478
v -0.358762 0.118906 -0.818478
v 0.189011 0.255924 -0.675604
v 0.197303 0.172784 -0.627298
v -0.197265 0.172784 -0.627298
v -0.188973 0.255924 -0.675604
v 0.389823 0.109529 -0.441598
v 0.376922 0.134879 -0.412446
v 0.387282 0.094259 -0.381748
v -0.387245 0.094259 -0.381748
v -0.376884 0.134879 -0.412446
v -0.389785 0.109529 -0.441598
v 0.391656 0.080303 -0.424106
v -0.391619 0.080303 -0.424106
v 0.406435 0.080264 -0.408401
v -0.406398 0.080264 -0.408401
v 0.441982 0.074597 -0.432515
v -0.441945 0.074597 -0.432515
v 0.382263 0.033194 -0.381889
v -0.382225 0.033194 -0.381889
v 0.396274 0.036170 -0.417388
v -0.396236 0.036170 -0.417388
v 0.410679 0.032409 -0.408759
v -0.410641 0.032409 -0.408759
v 0.443653 0.029781 -0.437617
v -0.443615 0.029781 -0.437617
v 0.326768 0.230782 -0.850278
v -0.326731 0.230782 -0.850278
v 0.178991 0.236045 -0.788184
v 0.177049 0.102617 -0.703226
v -0.177011 0.102617 -0.703226
v -0.178953 0.236045 -0.788184
v 0.321142 0.099069 -0.848170
v 0.271439 0.075381 -0.856299
v 0.251312 0.223382 -0.859783
v -0.251274 0.223382 -0.859783
v -0.271401 0.075381 -0.856299
v -0.321104 0.099069 -0.848170
v 0.200995 0.096264 -0.812965
v -0.200958 0.096264 -0.812965
v 0.213800 0.035330 -0.792273
v -0.213763 0.035330 -0.792273
v 0.194956 0.034879 -0.701891
v -0.194918 0.034879 -0.701891
v 0.283674 0.035485 -0.826055
v -0.283636 0.035485 -0.826055
v 0.358781 0.035276 -0.769487
v 0.321142 0.099069 -0.848170
v -0.321104 0.099069 -0.848170
v -0.358744 0.035276 -0.769487
v 0.358781 0.035276 -0.769487
v -0.358744 0.035276 -0.769487
v 0.251312 0.223382 -0.859783
v -0.251274 0.223382 -0.859783
v 0.344521 0.090759 -0.364060
v -0.344484 0.090759 -0.364060
v 0.352840 0.031353 -0.364700
v -0.352802 0.031353 -0.364700
v 0.336561 0.139136 -0.382926
v -0.336524 0.139136 -0.382926
v 0.308132 0.160872 -0.463306
v 0.318452 0.114026 -0.402392
v -0.318414 0.114026 -0.402392
v -0.308095 0.160872 -0.463306
v 0.322084 0.084955 -0.379548
v -0.322046 0.084955 -0.379548
v 0.323049 0.032793 -0.391086
v -0.323011 0.032793 -0.391086
v 0.347700 0.165119 -0.496629
v -0.347663 0.165119 -0.496629
v 0.299043 0.144022 -0.397433
v 0.301259 0.087140 -0.350849
v -0.301221 0.087140 -0.350849
v -0.299005 0.144022 -0.397433
v 0.236509 0.110046 -0.410093
v 0.205392 0.128469 -0.412388
v 0.221252 0.073902 -0.371446
v -0.221214 0.073902 -0.371446
v -0.205354 0.128469 -0.412388
v -0.236472 0.110046 -0.410093
v 0.240071 0.074824 -0.378929
v -0.240033 0.074824 -0.378929
v 0.303664 0.030432 -0.348639
v -0.303626 0.030432 -0.348639
v 0.225728 0.032159 -0.373041
v -0.225690 0.032159 -0.373041
v 0.246983 0.034566 -0.381866
v -0.246946 0.034566 -0.381866
v 0.250805 0.080657 -0.352685
v 0.260400 0.032375 -0.354349
v -0.260363 0.032375 -0.354349
v -0.250768 0.080657 -0.352685
v 0.249814 0.134816 -0.398446
v -0.249776 0.134816 -0.398446
v 0.283870 0.160678 -0.473079
v -0.283832 0.160678 -0.473079
v 0.203594 0.141507 -0.486527
v 0.243390 0.152698 -0.469108
v -0.243353 0.152698 -0.469108
v -0.203557 0.141507 -0.486527
v 0.176415 0.076249 -0.398631
v -0.176378 0.076249 -0.398631
v 0.171238 0.068821 -0.493538
v -0.171200 0.068821 -0.493538
v 0.177871 0.033461 -0.504792
v 0.185393 0.035156 -0.395130
v -0.185356 0.035156 -0.395130
v -0.177833 0.033461 -0.504792
v 0.283674 0.035485 -0.826055
v 0.358781 0.035276 -0.769487
v 0.194956 0.034879 -0.701891
v -0.194918 0.034879 -0.701891
v -0.358744 0.035276 -0.769487
v -0.283636 0.035485 -0.826055
v 0.213800 0.035330 -0.792273
v -0.213763 0.035330 -0.792273
v 0.453398 0.033868 -0.514703
v 0.391762 0.032201 -0.499889
v 0.424495 0.034479 -0.612541
v -0.424457 0.034479 -0.612541
v -0.391724 0.032201 -0.499889
v -0.453361 0.033868 -0.514703
v 0.235156 0.034864 -0.416815
v 0.185393 0.035156 -0.395130
v 0.177871 0.033461 -0.504792
v -0.177833 0.033461 -0.504792
v -0.185356 0.035156 -0.395130
v -0.235118 0.034864 -0.416815
v 0.225728 0.032159 -0.373041
v -0.225690 0.032159 -0.373041
v 0.246983 0.034566 -0.381866
v -0.246946 0.034566 -0.381866
v 0.340666 0.022948 -0.578056
v 0.262668 0.024360 -0.544852
v -0.262630 0.024360 -0.544852
v -0.340628 0.022948 -0.578056
v 0.357103 0.032206 -0.477369
v -0.357065 0.032206 -0.477369
v 0.295429 0.031900 -0.448157
v -0.295391 0.031900 -0.448157
v 0.366659 0.023529 -0.448054
v -0.366621 0.023529 -0.448054
v 0.319750 0.040919 -0.422075
v -0.319712 0.040919 -0.422075
v 0.303664 0.030432 -0.348639
v -0.303626 0.030432 -0.348639
v 0.260400 0.032375 -0.354349
v -0.260363 0.032375 -0.354349
v 0.323049 0.032793 -0.391086
v -0.323011 0.032793 -0.391086
v 0.398916 0.026413 -0.459829
v -0.398879 0.026413 -0.459829
v 0.396274 0.036170 -0.417388
v 0.410679 0.032409 -0.408759
v -0.410641 0.032409 -0.408759
v -0.396236 0.036170 -0.417388
v 0.443653 0.029781 -0.437617
v -0.443615 0.029781 -0.437617
v 0.382263 0.033194 -0.381889
v -0.382225 0.033194 -0.381889
v 0.352840 0.031353 -0.364700
v -0.352802 0.031353 -0.364700
v 0.316217 0.027049 1.216119
v 0.280370 0.027250 1.228402
v 0.228934 0.031104 1.165113
v -0.228896 0.031104 1.165113
v -0.280332 0.027250 1.228402
v -0.316179 0.027049 1.216119
v 0.300974 0.030442 1.145337
v -0.300937 0.030442 1.145337
v 0.243787 0.037055 1.202790
v -0.243750 0.037055 1.202790
v 0.331964 0.033196 1.159083
v -0.331926 0.033196 1.159083
v 0.335827 0.029457 1.136547
v -0.335789 0.029457 1.136547
v 0.388971 0.033590 1.082330
v 0.381880 0.032716 1.153328
v 0.350311 0.032328 1.184090
v -0.350273 0.032328 1.184090
v -0.381842 0.032716 1.153328
v -0.388934 0.033590 1.082330
v 0.335224 0.030930 1.099962
v -0.335186 0.030930 1.099962
v 0.292781 0.032045 1.116151
v -0.292744 0.032045 1.116151
v 0.218129 0.028538 1.230835
v -0.218091 0.028538 1.230835
v 0.162550 0.042687 1.180799
v -0.162512 0.042687 1.180799
v 0.175855 0.028335 1.221112
v -0.175817 0.028335 1.221112
v 0.160447 0.049783 1.140309
v 0.218320 0.032741 1.135435
v -0.218283 0.032741 1.135435
v -0.160410 0.049783 1.140309
v 0.283607 0.028447 1.019524
v -0.283569 0.028447 1.019524
v 0.374742 0.030395 0.991610
v -0.374704 0.030395 0.991610
v 0.118831 0.041784 1.065332
v -0.118793 0.041784 1.065332
v 0.208120 0.029887 1.040987
v -0.208083 0.029887 1.040987
v 0.138681 0.032527 1.195144
v 0.103070 0.036628 1.164671
v -0.103032 0.036628 1.164671
v -0.138644 0.032527 1.195144
v 0.133469 0.074042 1.195123
v 0.100730 0.067623 1.157956
v 0.103070 0.036628 1.164671
v -0.103032 0.036628 1.164671
v -0.100693 0.067623 1.157956
v -0.133432 0.074042 1.195123
v 0.138681 0.032527 1.195144
v -0.138644 0.032527 1.195144
v 0.097306 0.095211 1.044762
v 0.118831 0.041784 1.065332
v -0.118793 0.041784 1.065332
v -0.097268 0.095211 1.044762
v 0.131387 0.132710 1.099132
v -0.131349 0.132710 1.099132
v 0.127581 0.106391 1.166815
v -0.127543 0.106391 1.166815
v 0.160608 0.076775 1.172699
v 0.174372 0.078945 1.226205
v 0.175251 0.120058 1.177414
v -0.175213 0.120058 1.177414
v -0.174334 0.078945 1.226205
v -0.160571 0.076775 1.172699
v 0.159314 0.101132 1.160483
v -0.159277 0.101132 1.160483
v 0.175032 0.150155 1.116379
v -0.174994 0.150155 1.116379
v 0.215454 0.124341 1.182804
v 0.208772 0.154552 1.115860
v -0.208734 0.154552 1.115860
v -0.215417 0.124341 1.182804
v 0.162550 0.042687 1.180799
v 0.175855 0.028335 1.221112
v -0.175817 0.028335 1.221112
v -0.162512 0.042687 1.180799
v 0.245722 0.158276 1.128118
v -0.245684 0.158276 1.128118
v 0.241116 0.108376 1.177164
v -0.241078 0.108376 1.177164
v 0.215413 0.080257 1.236093
v -0.215375 0.080257 1.236093
v 0.218129 0.028538 1.230835
v -0.218091 0.028538 1.230835
v 0.243164 0.086060 1.198307
v -0.243126 0.086060 1.198307
v 0.243787 0.037055 1.202790
v -0.243750 0.037055 1.202790
v 0.307554 0.123359 1.173049
v 0.283281 0.156810 1.101314
v -0.283244 0.156810 1.101314
v -0.307517 0.123359 1.173049
v 0.261267 0.125819 1.197153
v -0.261229 0.125819 1.197153
v 0.317737 0.149034 1.098356
v -0.317699 0.149034 1.098356
v 0.329285 0.099801 1.135669
v -0.329248 0.099801 1.135669
v 0.280370 0.027250 1.228402
v -0.280332 0.027250 1.228402
v 0.270850 0.072971 1.226303
v -0.270812 0.072971 1.226303
v 0.322235 0.074573 1.215358
v -0.322197 0.074573 1.215358
v 0.316217 0.027049 1.216119
v -0.316179 0.027049 1.216119
v 0.332944 0.076400 1.151717
v 0.345510 0.076306 1.182633
v -0.345472 0.076306 1.182633
v -0.332906 0.076400 1.151717
v 0.341243 0.111463 1.154422
v -0.341206 0.111463 1.154422
v 0.331964 0.033196 1.159083
v 0.350311 0.032328 1.184090
v -0.350273 0.032328 1.184090
v -0.331926 0.033196 1.159083
v 0.380050 0.099917 1.120679
v 0.379590 0.082104 1.156867
v 0.381880 0.032716 1.153328
v -0.381842 0.032716 1.153328
v -0.379552 0.082104 1.156867
v -0.380012 0.099917 1.120679
v 0.388971 0.033590 1.082330
v -0.388934 0.033590 1.082330
v 0.373199 0.127744 1.051203
v -0.373161 0.127744 1.051203
v 0.374742 0.030395 0.991610
v -0.374704 0.030395 0.991610
v 0.203768 0.166100 1.013530
v -0.203731 0.166100 1.013530
v 0.291680 0.161639 0.999032
v -0.291643 0.161639 0.999032
v 0.186586 0.223921 0.962108
v -0.186548 0.223921 0.962108
v 0.299159 0.227765 0.937292
v -0.299121 0.227765 0.937292
v 0.124438 0.196147 0.875868
v 0.125180 0.154849 0.967328
v -0.125143 0.154849 0.967328
v -0.124401 0.196147 0.875868
v 0.119587 0.161870 0.774384
v 0.108198 0.112708 0.912131
v -0.108160 0.112708 0.912131
v -0.119549 0.161870 0.774384
v 0.361081 0.136442 0.940453
v -0.361043 0.136442 0.940453
v 0.346975 0.031436 0.903924
v -0.346938 0.031436 0.903924
v 0.282515 0.028160 0.850811
v 0.346975 0.031436 0.903924
v -0.346938 0.031436 0.903924
v -0.282478 0.028160 0.850811
v 0.194534 0.037129 0.867425
v -0.194497 0.037129 0.867425
v 0.125664 0.045971 0.941218
v -0.125626 0.045971 0.941218
v 0.361708 0.160369 0.909742
v -0.361670 0.160369 0.909742
v 0.352692 0.205447 0.859950
v 0.340841 0.102433 0.812053
v -0.340803 0.102433 0.812053
v -0.352654 0.205447 0.859950
v 0.303695 0.183228 0.749463
v -0.303657 0.183228 0.749463
v 0.168857 0.090843 0.810227
v 0.120130 0.074352 0.896066
v -0.120092 0.074352 0.896066
v -0.168819 0.090843 0.810227
v 0.194534 0.037129 0.867425
v 0.125664 0.045971 0.941218
v -0.125626 0.045971 0.941218
v -0.194497 0.037129 0.867425
v 0.245665 0.169105 0.704362
v 0.262723 0.079792 0.737969
v -0.262685 0.079792 0.737969
v -0.245627 0.169105 0.704362
v 0.282515 0.028160 0.850811
v -0.282478 0.028160 0.850811
v 0.303695 0.183228 0.749463
v 0.340841 0.102433 0.812053
v -0.340803 0.102433 0.812053
v -0.303657 0.183228 0.749463
v 0.346975 0.031436 0.903924
v -0.346938 0.031436 0.903924
v 0.000019 1.422101 0.383851
v 0.000019 1.511948 -0.017635
v 0.154517 1.502415 -0.020256
v 0.167426 1.525941 -0.295066
v -0.167389 1.525941 -0.295066
v -0.154479 1.502415 -0.020256
v 0.000019 1.544049 -0.283352
v 0.156413 1.515171 -0.509029
v -0.156375 1.515171 -0.509029
v 0.000019 1.525923 -0.522565
v 0.172299 1.502469 -0.738300
v -0.172261 1.502469 -0.738300
v 0.141124 1.461064 0.206933
v -0.141086 1.461064 0.206933
v 0.000019 1.471054 0.194980
v 0.198824 1.434106 -0.922119
v -0.198787 1.434106 -0.922119
v 0.000019 1.456601 0.995060
v 0.080019 1.455672 1.011207
v 0.090121 1.395591 0.888152
v -0.090084 1.395591 0.888152
v -0.079982 1.455672 1.011207
v 0.000019 1.407590 0.862430
v 0.129383 1.437777 1.055681
v 0.202387 1.342336 1.007066
v -0.202349 1.342336 1.007066
v -0.129346 1.437777 1.055681
v 0.092275 1.390422 0.793708
v 0.090121 1.395591 0.888152
v -0.090084 1.395591 0.888152
v -0.092238 1.390422 0.793708
v 0.000019 1.399484 0.787152
v 0.000019 1.407590 0.862430
v 0.180312 1.296394 -1.081643
v -0.180275 1.296394 -1.081643
v 0.347858 0.995579 0.937476
v -0.347821 0.995579 0.937476
v 0.366106 1.079730 0.867836
v -0.366069 1.079730 0.867836
v 0.047191 0.888715 1.592046
v 0.082208 0.901234 1.560109
v 0.050563 0.908909 1.600194
v -0.050525 0.908909 1.600194
v -0.082170 0.901234 1.560109
v -0.047154 0.888715 1.592046
v 0.071266 0.935599 1.575955
v -0.071228 0.935599 1.575955
v 0.024116 0.866139 1.587488
v 0.068868 0.870489 1.550079
v -0.068830 0.870489 1.550079
v -0.024078 0.866139 1.587488
v 0.000019 0.924261 1.635624
v 0.034874 0.925499 1.615044
v 0.037926 0.951715 1.607459
v -0.037888 0.951715 1.607459
v -0.034836 0.925499 1.615044
v 0.220471 1.052811 1.447206
v 0.230778 1.007733 1.400535
v -0.230740 1.007733 1.400535
v -0.220434 1.052811 1.447206
v 0.203098 0.930654 1.379749
v -0.203060 0.930654 1.379749
v 0.139616 0.938347 1.473839
v 0.178214 0.970126 1.447704
v -0.178177 0.970126 1.447704
v -0.139578 0.938347 1.473839
v 0.067971 1.117474 1.573173
v -0.067933 1.117474 1.573173
v 0.097041 1.086420 1.564417
v -0.097003 1.086420 1.564417
v 0.000019 1.122605 1.600358
v 0.026859 0.891984 1.629326
v 0.042931 0.892870 1.612936
v -0.042893 0.892870 1.612936
v -0.026821 0.891984 1.629326
v 0.034890 0.855956 1.558470
v -0.034852 0.855956 1.558470
v 0.071621 0.862465 1.523423
v -0.071583 0.862465 1.523423
v 0.000019 0.864540 1.588361
v 0.000019 0.855425 1.565132
v 0.025835 0.886906 1.622982
v -0.025798 0.886906 1.622982
v 0.032258 0.884231 1.612902
v -0.032221 0.884231 1.612902
v 0.021158 0.875699 1.618387
v -0.021120 0.875699 1.618387
v 0.030627 0.878519 1.605980
v -0.030589 0.878519 1.605980
v 0.017457 0.872796 1.618701
v 0.024754 0.872899 1.603455
v -0.024717 0.872899 1.603455
v -0.017419 0.872796 1.618701
v 0.023236 0.879727 1.615279
v -0.023198 0.879727 1.615279
v 0.070630 0.858443 1.328496
v 0.060445 0.848264 1.357598
v 0.000019 0.837635 1.353641
v -0.060408 0.848264 1.357598
v -0.070592 0.858443 1.328496
v 0.000019 0.841426 1.318313
v 0.109600 0.873607 1.379025
v 0.119527 0.877767 1.336848
v -0.119489 0.877767 1.336848
v -0.109562 0.873607 1.379025
v 0.000019 0.799497 1.484392
v 0.031861 0.809336 1.482135
v 0.026486 0.813549 1.510554
v -0.026449 0.813549 1.510554
v -0.031823 0.809336 1.482135
v 0.000019 0.806487 1.514685
v 0.028489 0.820374 1.527027
v -0.028451 0.820374 1.527027
v 0.000019 0.816271 1.528131
v 0.049815 0.819591 1.500282
v 0.052976 0.832346 1.513790
v -0.052938 0.832346 1.513790
v -0.049777 0.819591 1.500282
v 0.091238 1.337468 -1.248513
v -0.091200 1.337468 -1.248513
v 0.173972 1.082026 -1.083025
v 0.000019 1.095839 -1.027921
v 0.105956 1.111274 -1.125991
v -0.105918 1.111274 -1.125991
v -0.173934 1.082026 -1.083025
v 0.022603 0.824422 1.526546
v 0.052875 0.835396 1.513336
v 0.000019 0.825131 1.506667
v -0.052837 0.835396 1.513336
v -0.022565 0.824422 1.526546
v 0.000019 0.820246 1.528448
v 0.054880 0.861578 1.506852
v 0.037233 0.863831 1.515779
v 0.000019 0.863736 1.531012
v -0.037195 0.863831 1.515779
v -0.054842 0.861578 1.506852
v 0.054880 0.861578 1.506852
v 0.000019 0.863736 1.531012
v 0.000019 0.889708 1.505624
v -0.054842 0.861578 1.506852
v 0.085066 0.883663 1.449854
v 0.000019 0.894104 1.472655
v -0.085028 0.883663 1.449854
v 0.000019 0.902075 1.431564
v -0.003825 0.864015 1.428095
v 0.003863 0.864015 1.428095
v 0.140487 1.237892 -1.214808
v -0.140450 1.237892 -1.214808
v 0.168354 1.273000 -1.117054
v -0.168317 1.273000 -1.117054
v 0.142922 1.242213 -1.476943
v 0.140487 1.237892 -1.214808
v 0.229415 1.237501 -1.214723
v -0.229377 1.237501 -1.214723
v -0.140450 1.237892 -1.214808
v -0.142884 1.242213 -1.476943
v 0.256525 1.242213 -1.476943
v -0.256488 1.242213 -1.476943
v 0.156078 1.220809 -1.830255
v 0.278237 1.220809 -1.830255
v -0.278200 1.220809 -1.830255
v -0.156040 1.220809 -1.830255
v 0.168354 1.273000 -1.117054
v 0.196586 1.288867 -1.149404
v -0.196548 1.288867 -1.149404
v -0.168317 1.273000 -1.117054
v 0.325957 1.155995 1.161157
v -0.325920 1.155995 1.161157
v 0.336088 1.129633 1.155519
v -0.336050 1.129633 1.155519
v 0.316554 1.197035 1.246779
v -0.316516 1.197035 1.246779
v 0.338063 1.218839 1.129998
v -0.338025 1.218839 1.129998
v 0.086224 0.979655 1.542807
v 0.063552 0.976443 1.569598
v -0.063514 0.976443 1.569598
v -0.086186 0.979655 1.542807
v 0.000019 0.956931 1.620713
v 0.036152 1.123160 1.595333
v -0.036114 1.123160 1.595333
v 0.036768 0.978584 1.595894
v -0.036731 0.978584 1.595894
v 0.000019 0.979641 1.610451
v 0.031067 0.907101 1.628679
v -0.031029 0.907101 1.628679
v 0.000019 0.908839 1.643010
v 0.000019 0.893587 1.642681
v 0.021312 0.880505 1.625556
v -0.021274 0.880505 1.625556
v 0.000019 0.880386 1.637450
v 0.000019 0.869153 1.622543
v 0.019033 0.869491 1.602665
v -0.018996 0.869491 1.602665
v 0.000019 0.865925 1.602133
v 0.079097 1.056308 1.559946
v -0.079059 1.056308 1.559946
v 0.088431 1.053717 1.552177
v -0.088393 1.053717 1.552177
v 0.000019 1.059634 1.597684
v 0.034023 1.060626 1.591867
v -0.033985 1.060626 1.591867
v 0.059748 1.052819 1.569888
v -0.059710 1.052819 1.569888
v 0.000019 1.024288 1.595497
v 0.034035 1.025753 1.584934
v -0.033998 1.025753 1.584934
v 0.000019 0.999660 1.600694
v 0.035306 1.000029 1.588392
v -0.035268 1.000029 1.588392
v 0.056004 1.029014 1.558987
v -0.055966 1.029014 1.558987
v 0.081505 0.995570 1.542540
v -0.081467 0.995570 1.542540
v 0.063737 0.998875 1.555479
v -0.063699 0.998875 1.555479
v 0.049682 0.843373 1.390223
v 0.000019 0.836240 1.392073
v -0.049645 0.843373 1.390223
v 0.037897 0.810534 1.457137
v -0.037859 0.810534 1.457137
v 0.000019 0.802234 1.454845
v 0.067465 0.834827 1.475338
v 0.073878 0.853147 1.489765
v -0.073841 0.853147 1.489765
v -0.067427 0.834827 1.475338
v 0.000019 0.838184 1.482044
v 0.068063 0.855568 1.491464
v -0.068025 0.855568 1.491464
v 0.068063 0.855568 1.491464
v -0.068025 0.855568 1.491464
v 0.052875 0.835396 1.513336
v -0.052837 0.835396 1.513336
v 0.142314 0.891832 1.439181
v -0.142276 0.891832 1.439181
v 0.174499 0.917342 1.410380
v -0.174461 0.917342 1.410380
v 0.022603 0.824422 1.526546
v 0.000019 0.820246 1.528448
v -0.022565 0.824422 1.526546
v 0.035869 0.852743 1.534746
v 0.037233 0.863831 1.515779
v 0.054880 0.861578 1.506852
v -0.054842 0.861578 1.506852
v -0.037195 0.863831 1.515779
v -0.035831 0.852743 1.534746
v 0.062306 0.858527 1.512840
v -0.062268 0.858527 1.512840
v 0.000019 0.853694 1.546284
v 0.000019 0.863736 1.531012
v 0.079228 0.877119 1.460262
v -0.079190 0.877119 1.460262
v 0.122339 0.883661 1.467002
v -0.122301 0.883661 1.467002
v 0.117554 0.908541 1.498619
v -0.117516 0.908541 1.498619
v 0.079228 0.877119 1.460262
v 0.085066 0.883663 1.449854
v 0.111841 0.888944 1.434467
v -0.111803 0.888944 1.434467
v -0.085028 0.883663 1.449854
v -0.079190 0.877119 1.460262
v 0.091597 0.875315 1.461612
v -0.091559 0.875315 1.461612
v 0.086191 0.864173 1.367988
v -0.086153 0.864173 1.367988
v 0.099805 0.870604 1.412948
v 0.081668 0.858142 1.403451
v -0.081630 0.858142 1.403451
v -0.099767 0.870604 1.412948
v 0.057204 0.820567 1.464619
v -0.057166 0.820567 1.464619
v 0.047528 0.828923 1.423042
v 0.000019 0.820312 1.424144
v -0.047490 0.828923 1.423042
v 0.000019 0.851502 1.460233
v 0.078007 0.873126 1.467252
v -0.077969 0.873126 1.467252
v 0.078007 0.873126 1.467252
v 0.095799 0.872619 1.458731
v -0.095762 0.872619 1.458731
v -0.077969 0.873126 1.467252
v 0.073018 0.839710 1.432623
v 0.089223 0.855503 1.443043
v -0.089186 0.855503 1.443043
v -0.072980 0.839710 1.432623
v 0.099427 0.966557 1.527798
v -0.099390 0.966557 1.527798
v 0.120172 0.937448 1.512229
v -0.120134 0.937448 1.512229
v 0.142810 1.063544 1.513161
v 0.131133 1.070112 1.526757
v 0.114304 1.046255 1.535939
v -0.114266 1.046255 1.535939
v -0.131096 1.070112 1.526757
v -0.142772 1.063544 1.513161
v 0.130925 1.035130 1.507017
v -0.130887 1.035130 1.507017
v 0.105425 1.022863 1.529743
v -0.105388 1.022863 1.529743
v 0.088431 1.053717 1.552177
v 0.084366 1.025811 1.546299
v -0.084328 1.025811 1.546299
v -0.088393 1.053717 1.552177
v 0.102456 1.067767 1.546780
v -0.102419 1.067767 1.546780
v 0.224489 0.886489 1.242159
v -0.224452 0.886489 1.242159
v 0.224489 0.886489 1.242159
v -0.224452 0.886489 1.242159
v 0.118661 0.832552 1.146486
v -0.118623 0.832552 1.146486
v 0.149421 0.884535 1.347057
v 0.132078 0.887954 1.385311
v -0.132040 0.887954 1.385311
v -0.149383 0.884535 1.347057
v 0.173581 0.900280 1.364555
v 0.141497 0.901310 1.391093
v -0.141459 0.901310 1.391093
v -0.173543 0.900280 1.364555
v 0.171766 0.883204 1.313538
v -0.171728 0.883204 1.313538
v 0.192838 0.891770 1.282488
v -0.192800 0.891770 1.282488
v 0.094357 0.887587 1.520596
v -0.094319 0.887587 1.520596
v 0.070028 0.872913 1.480594
v -0.069990 0.872913 1.480594
v 0.096030 0.872530 1.495630
v -0.095992 0.872530 1.495630
v 0.070028 0.872913 1.480594
v 0.078718 0.868247 1.483547
v -0.078680 0.868247 1.483547
v -0.069990 0.872913 1.480594
v 0.036642 0.852336 1.545736
v 0.000019 0.856339 1.551930
v -0.036605 0.852336 1.545736
v 0.067621 0.859499 1.515722
v -0.067583 0.859499 1.515722
v 0.107663 0.876750 1.461208
v -0.107625 0.876750 1.461208
v 0.087703 0.868163 1.485880
v -0.087665 0.868163 1.485880
v 0.247012 0.825401 1.440032
v 0.284444 0.955266 1.401483
v 0.187931 0.992436 1.475500
v -0.187893 0.992436 1.475500
v -0.284406 0.955266 1.401483
v -0.246975 0.825401 1.440032
v 0.156594 0.865810 1.467161
v -0.156556 0.865810 1.467161
v 0.116059 0.964002 1.533352
v 0.122582 0.881604 1.489869
v -0.122544 0.881604 1.489869
v -0.116022 0.964002 1.533352
v 0.075701 0.910127 1.560912
v 0.073528 0.881962 1.547144
v -0.073491 0.881962 1.547144
v -0.075663 0.910127 1.560912
v 0.092660 0.932010 1.544358
v 0.148094 0.842526 1.419739
v 0.139957 0.965962 1.461366
v -0.139919 0.965962 1.461366
v -0.148056 0.842526 1.419739
v -0.092623 0.932010 1.544358
v 0.089548 0.890851 1.531946
v -0.089510 0.890851 1.531946
v 0.211832 0.805622 1.387063
v 0.260606 0.946546 1.335713
v -0.260568 0.946546 1.335713
v -0.211795 0.805622 1.387063
v 0.300493 0.737178 1.364090
v -0.300456 0.737178 1.364090
v 0.355639 0.843432 1.215651
v -0.355602 0.843432 1.215651
v 0.060166 0.890069 1.447643
v 0.056149 0.871347 1.498975
v 0.056149 0.850777 1.494923
v -0.056111 0.850777 1.494923
v -0.056111 0.871347 1.498975
v -0.060129 0.890069 1.447643
v 0.030552 0.838751 1.514357
v 0.000019 0.860225 1.540031
v 0.000019 0.836864 1.523159
v -0.030514 0.838751 1.514357
v 0.030552 0.863684 1.529445
v -0.030514 0.863684 1.529445
v 0.054774 0.873087 1.449660
v 0.049542 0.872312 1.497085
v 0.052112 0.849992 1.489554
v -0.052074 0.849992 1.489554
v -0.049505 0.872312 1.497085
v -0.054736 0.873087 1.449660
v 0.020106 0.851387 1.530045
v 0.020463 0.825073 1.511321
v -0.020426 0.825073 1.511321
v -0.020068 0.851387 1.530045
v 0.000019 0.852394 1.527614
v 0.000019 0.824877 1.513823
vn 0.4910 -0.8711 -0.0005
vn 0.4839 -0.8744 -0.0351
vn 0.7514 -0.6597 0.0087
vn 0.4839 -0.8744 -0.0350
vn 0.4911 -0.8711 -0.0004
vn -0.7514 -0.6597 0.0088
vn 0.6462 0.7626 0.0297
vn 0.6118 0.7910 0.0058
vn 0.4770 0.8788 0.0127
vn -0.6118 0.7910 0.0058
vn -0.6462 0.7626 0.0297
vn 0.4851 0.8741 0.0250
vn 0.6117 0.7910 0.0058
vn 0.5920 0.7500 -0.2951
vn 0.3226 0.9233 -0.2083
vn 0.3227 0.9233 -0.2083
vn -0.5920 0.7500 -0.2951
vn -0.6117 0.7910 0.0058
vn 0.4812 0.8652 -0.1412
vn 0.3226 0.9233 -0.2084
vn -0.4812 0.8652 -0.1412
vn 1.0000 -0.0000 -0.0000
vn 0.6171 0.7866 0.0221
vn 0.3318 0.9327 -0.1414
vn 0.6017 0.7986 0.0132
vn 0.6171 0.7866 0.0222
vn 0.4851 0.8741 0.0251
vn 0.3525 0.9354 0.0274
vn 0.3226 0.9233 -0.2085
vn 0.7380 0.6746 0.0184
vn 0.6463 0.7625 0.0297
vn -0.6463 0.7625 0.0297
vn -0.7379 0.6746 0.0202
vn 0.7720 -0.6319 -0.0684
vn 0.6001 -0.6693 -0.4380
vn 0.7986 0.5411 -0.2635
vn -0.7986 0.5412 -0.2635
vn -0.6001 -0.6693 -0.4380
vn -0.7720 -0.6319 -0.0684
vn 0.6002 -0.6693 -0.4380
vn 0.6041 -0.7184 -0.3450
vn 0.8766 0.4331 -0.2095
vn -0.8766 0.4331 -0.2095
vn -0.6041 -0.7184 -0.3449
vn -0.6002 -0.6693 -0.4380
vn 0.6002 -0.6693 -0.4381
vn 0.8766 0.4332 -0.2095
vn -0.7986 0.5411 -0.2636
vn -0.8766 0.4332 -0.2095
vn 0.4813 0.8651 -0.1412
vn -0.4813 0.8651 -0.1413
vn 0.4631 0.8754 -0.1384
vn 0.4911 -0.8711 -0.0006
vn 0.4756 -0.8719 -0.1164
vn 0.4839 -0.8744 -0.0352
vn 0.4756 -0.8719 -0.1163
vn 0.4967 -0.7267 -0.4746
vn 0.4967 -0.7267 -0.4745
vn 0.2515 -0.9013 -0.3528
vn 0.4981 -0.8643 0.0703
vn 0.7380 0.6745 0.0203
vn 0.8256 0.5632 0.0353
vn -0.0000 0.9995 0.0317
vn -0.8256 0.5632 0.0353
vn -0.7380 0.6745 0.0202
vn 0.7985 0.5412 -0.2636
vn 0.7380 0.6745 0.0202
vn 0.0077 0.9977 0.0667
vn -0.0077 0.9977 0.0667
vn -0.7986 0.5411 -0.2635
vn 0.5036 0.8637 -0.0189
vn 0.3525 0.9354 0.0275
vn 0.5036 0.8637 -0.0190
vn 0.4911 -0.8711 -0.0005
vn 0.4946 -0.8691 0.0061
vn -0.0000 0.9931 0.1170
vn 0.2972 0.9548 0.0030
vn 0.2859 0.9339 0.2146
vn -0.2859 0.9339 0.2145
vn -0.2972 0.9548 0.0030
vn 0.7071 0.7063 0.0327
vn 0.7046 0.6824 0.1948
vn -0.7046 0.6824 0.1948
vn -0.7071 0.7063 0.0327
vn -0.2973 0.9548 0.0030
vn 0.7046 0.6823 0.1948
vn 0.2860 0.9339 0.2146
vn -0.2860 0.9339 0.2146
vn -0.7046 0.6823 0.1948
vn 0.2972 0.9548 0.0029
vn 0.6520 0.7576 -0.0303
vn -0.6520 0.7576 -0.0303
vn 0.6520 0.7576 -0.0302
vn 0.1729 0.9845 -0.0287
vn -0.1729 0.9845 -0.0287
vn -0.2972 0.9548 0.0029
vn -0.0000 0.9965 -0.0840
vn -0.2971 0.9548 0.0030
vn -0.0000 0.9965 -0.0839
vn 0.4838 -0.8745 -0.0351
vn -0.7720 -0.6319 -0.0683
vn -0.7514 -0.6597 0.0087
vn 0.3227 0.9233 -0.2084
vn 0.4756 -0.8720 -0.1164
vn 0.7720 -0.6319 -0.0683
vn 0.5920 0.7499 -0.2951
vn -0.0001 0.1585 -0.9874
vn -0.0000 0.1585 -0.9874
vn -0.5920 0.7499 -0.2951
vn 0.4631 0.8755 -0.1384
vn 0.2514 -0.9013 -0.3527
vn 0.6041 -0.7184 -0.3449
vn 0.2514 -0.9013 -0.3528
vn 0.2515 -0.9013 -0.3527
vn 0.7379 0.6746 0.0202
vn 0.8255 0.5632 0.0354
vn -0.8255 0.5632 0.0353
vn 0.7721 -0.6319 -0.0684
vn 0.8256 0.5632 0.0354
vn 0.7515 -0.6597 0.0088
vn -0.7515 -0.6597 0.0088
vn -0.8256 0.5632 0.0354
vn -0.7721 -0.6319 -0.0683
vn 0.5919 0.7500 -0.2951
vn 0.7986 0.5411 -0.2636
vn -0.0000 0.1584 -0.9874
vn 0.7986 0.5412 -0.2636
vn 0.7986 0.5412 -0.2635
vn 0.0001 0.9995 0.0317
vn -0.7380 0.6743 0.0269
vn 0.7985 0.5411 -0.2636
vn 0.0077 0.9977 0.0668
vn 0.0257 0.9963 0.0826
vn -0.0257 0.9963 0.0826
vn 0.0257 0.9962 0.0826
vn 0.5778 -0.3773 0.7237
vn 0.5616 -0.3468 0.7512
vn 0.5898 -0.3620 0.7218
vn -0.5898 -0.3620 0.7218
vn -0.5616 -0.3468 0.7512
vn -0.5778 -0.3773 0.7237
vn 0.5348 -0.3727 0.7583
vn 0.5636 -0.3315 0.7566
vn -0.5636 -0.3316 0.7566
vn -0.5348 -0.3727 0.7583
vn 0.5898 -0.3621 0.7218
vn -0.5898 -0.3621 0.7218
vn -0.5348 -0.3728 0.7583
vn 0.7826 0.2252 0.5804
vn 0.5516 0.2427 0.7980
vn 0.6588 0.0550 0.7503
vn -0.6588 0.0550 0.7503
vn -0.5516 0.2427 0.7980
vn -0.7826 0.2252 0.5804
vn 0.8287 0.0695 0.5554
vn 0.6588 0.0549 0.7503
vn 0.6420 -0.2106 0.7372
vn -0.6420 -0.2106 0.7372
vn -0.6588 0.0549 0.7503
vn -0.8287 0.0695 0.5554
vn 0.7826 0.2251 0.5803
vn 0.6589 0.0550 0.7503
vn -0.6589 0.0550 0.7503
vn -0.7826 0.2251 0.5803
vn 0.6420 -0.2107 0.7372
vn 0.5348 -0.3728 0.7583
vn -0.6420 -0.2107 0.7372
vn 0.4692 -0.1271 0.8739
vn 0.5962 -0.3086 0.7411
vn -0.5962 -0.3086 0.7411
vn -0.5636 -0.3315 0.7566
vn -0.4692 -0.1271 0.8739
vn 0.4693 -0.1272 0.8738
vn 0.5348 -0.3727 0.7584
vn -0.5348 -0.3727 0.7584
vn -0.4693 -0.1272 0.8738
vn 0.5967 -0.0930 0.7971
vn 0.5963 -0.3086 0.7411
vn 0.6094 -0.4005 0.6843
vn -0.6094 -0.4005 0.6843
vn -0.5967 -0.0930 0.7971
vn 0.4693 -0.1271 0.8739
vn 0.5962 -0.3086 0.7412
vn -0.4693 -0.1271 0.8739
vn 0.5372 -0.1692 0.8263
vn 0.6093 -0.4005 0.6843
vn 0.5157 -0.3159 0.7964
vn -0.5158 -0.3160 0.7963
vn -0.6093 -0.4005 0.6843
vn -0.5372 -0.1692 0.8263
vn 0.6093 -0.4005 0.6844
vn -0.6093 -0.4005 0.6844
vn 0.6698 -0.2934 0.6821
vn 0.6419 -0.2106 0.7373
vn 0.5191 -0.1200 0.8463
vn -0.5191 -0.1200 0.8463
vn -0.6419 -0.2107 0.7372
vn -0.6698 -0.2934 0.6821
vn 0.6377 -0.0703 0.7670
vn 0.5191 -0.1199 0.8463
vn 0.5537 0.0658 0.8301
vn -0.5537 0.0658 0.8301
vn -0.5191 -0.1199 0.8463
vn -0.6378 -0.0703 0.7670
vn 0.6378 -0.0703 0.7670
vn 0.6699 -0.2933 0.6821
vn 0.5191 -0.1199 0.8462
vn -0.6699 -0.2933 0.6821
vn 0.6419 -0.2107 0.7373
vn -0.6419 -0.2107 0.7373
vn 0.5966 -0.0929 0.7971
vn -0.5967 -0.0929 0.7971
vn 0.6890 0.7236 0.0407
vn -0.6890 0.7236 0.0408
vn 0.8901 0.4536 0.0431
vn 0.7063 -0.7079 0.0070
vn -0.7063 -0.7079 0.0069
vn -0.8901 0.4536 0.0431
vn 0.6891 0.7235 0.0407
vn 0.8902 0.4536 0.0431
vn -0.8902 0.4536 0.0431
vn -0.6891 0.7235 0.0407
vn -0.0000 0.9998 0.0192
vn 0.6635 0.7478 -0.0244
vn 0.6816 0.7317 0.0068
vn -0.6816 0.7317 0.0068
vn -0.6635 0.7478 -0.0244
vn 0.6634 0.7478 -0.0244
vn -0.6634 0.7478 -0.0244
vn 0.4980 -0.8643 0.0703
vn 0.7625 -0.6461 0.0333
vn -0.7625 -0.6461 0.0333
vn 0.4946 -0.8691 0.0062
vn 0.4980 -0.8643 0.0704
vn 0.7783 -0.6267 0.0375
vn -0.7783 -0.6267 0.0375
vn 0.7062 -0.7079 0.0069
vn -0.7062 -0.7079 0.0069
vn 0.8949 0.4454 0.0258
vn 0.6986 0.7155 -0.0070
vn 0.7784 -0.6266 0.0374
vn -0.7784 -0.6266 0.0375
vn -0.6986 0.7155 -0.0071
vn -0.8950 0.4454 0.0257
vn 0.8949 0.4455 0.0258
vn 0.7784 -0.6267 0.0374
vn 0.7626 -0.6460 0.0333
vn -0.7626 -0.6460 0.0333
vn -0.7784 -0.6267 0.0374
vn -0.8949 0.4455 0.0258
vn 0.6891 0.7236 0.0408
vn 0.6817 0.7316 0.0068
vn 0.8950 0.4454 0.0258
vn -0.8950 0.4454 0.0258
vn -0.6817 0.7316 0.0068
vn -0.6891 0.7236 0.0407
vn 0.9544 0.1231 0.2719
vn 0.8974 0.0968 0.4306
vn 0.9166 -0.1724 0.3606
vn -0.9166 -0.1724 0.3606
vn -0.8974 0.0968 0.4306
vn -0.9544 0.1231 0.2719
vn 0.9525 -0.1520 0.2638
vn -0.9525 -0.1520 0.2638
vn 0.8974 0.0968 0.4305
vn 0.9087 -0.0950 0.4065
vn 0.9273 -0.2100 0.3098
vn -0.9273 -0.2100 0.3098
vn -0.9087 -0.0950 0.4065
vn 0.8973 0.0968 0.4306
vn 0.9273 -0.2100 0.3099
vn 0.8378 0.4221 0.3462
vn 0.8659 0.2071 0.4554
vn 0.8973 0.0969 0.4306
vn -0.8973 0.0969 0.4306
vn -0.8659 0.2071 0.4554
vn -0.8378 0.4222 0.3462
vn 0.9544 0.1232 0.2719
vn 0.8378 0.4222 0.3462
vn 0.8281 -0.5267 0.1922
vn 0.8894 -0.3478 0.2965
vn 0.8941 -0.3515 0.2775
vn -0.8941 -0.3515 0.2775
vn -0.8894 -0.3478 0.2965
vn -0.8280 -0.5267 0.1922
vn 0.8941 -0.3515 0.2774
vn 0.8399 -0.4667 0.2771
vn -0.8399 -0.4667 0.2771
vn -0.8281 -0.5267 0.1921
vn 0.8750 -0.4169 0.2462
vn 0.6677 -0.7162 0.2032
vn -0.6677 -0.7162 0.2032
vn -0.8750 -0.4169 0.2462
vn 0.8750 -0.4168 0.2462
vn 0.8942 -0.3515 0.2774
vn -0.8942 -0.3515 0.2774
vn -0.8750 -0.4168 0.2462
vn 0.4900 0.7062 0.5111
vn 0.2857 0.7941 0.5365
vn 0.2932 0.6388 0.7113
vn -0.2932 0.6388 0.7113
vn -0.2857 0.7941 0.5365
vn -0.4900 0.7062 0.5111
vn 0.4899 0.7062 0.5111
vn 0.5453 0.5394 0.6416
vn -0.5453 0.5394 0.6416
vn -0.4899 0.7062 0.5111
vn -0.0000 0.8526 0.5226
vn -0.0000 0.7098 0.7044
vn -0.2856 0.7941 0.5365
vn 0.2856 0.7941 0.5365
vn 0.2931 0.6389 0.7113
vn -0.2931 0.6389 0.7113
vn 0.5453 0.5394 0.6417
vn 0.3507 0.3038 0.8859
vn -0.3507 0.3038 0.8859
vn -0.5453 0.5394 0.6417
vn 0.2931 0.6388 0.7113
vn -0.0000 0.7097 0.7045
vn -0.0000 0.4693 0.8831
vn -0.2931 0.6388 0.7113
vn -0.0000 0.4692 0.8831
vn 0.3506 0.3038 0.8859
vn -0.3506 0.3037 0.8859
vn 0.9166 -0.1725 0.3606
vn 0.8941 -0.3514 0.2775
vn 0.8894 -0.3478 0.2966
vn -0.8894 -0.3478 0.2966
vn -0.8941 -0.3514 0.2775
vn -0.9166 -0.1725 0.3606
vn 0.9525 -0.1521 0.2638
vn -0.9525 -0.1521 0.2638
vn 0.8750 -0.4168 0.2463
vn 0.8942 -0.3514 0.2774
vn -0.8942 -0.3514 0.2774
vn -0.8750 -0.4168 0.2463
vn -0.8941 -0.3515 0.2774
vn 0.6504 0.5849 0.4846
vn 0.7675 0.3391 0.5441
vn -0.7675 0.3391 0.5441
vn -0.6504 0.5849 0.4846
vn 0.8379 0.4221 0.3461
vn 0.7675 0.3390 0.5441
vn -0.7675 0.3390 0.5441
vn -0.8378 0.4221 0.3462
vn 0.7674 0.3391 0.5441
vn -0.7674 0.3391 0.5441
vn 0.7674 0.3390 0.5442
vn -0.5454 0.5394 0.6416
vn -0.0000 0.8526 0.5225
vn 0.2857 0.7941 0.5364
vn 0.2099 0.9134 0.3487
vn -0.2099 0.9134 0.3487
vn -0.0000 0.9523 0.3050
vn 0.4534 0.8045 0.3837
vn -0.4534 0.8045 0.3837
vn 0.4533 0.8045 0.3837
vn -0.4533 0.8045 0.3837
vn -0.2857 0.7941 0.5364
vn 0.7431 0.4920 0.4536
vn 0.4899 0.7062 0.5112
vn -0.4899 0.7062 0.5112
vn -0.7431 0.4920 0.4536
vn -0.6504 0.5849 0.4847
vn 0.1889 0.8925 0.4095
vn -0.1889 0.8925 0.4095
vn -0.7431 0.4920 0.4535
vn 0.1888 0.8925 0.4096
vn 0.7431 0.4920 0.4535
vn 0.7287 0.1097 0.6760
vn -0.7287 0.1097 0.6760
vn -0.1888 0.8925 0.4096
vn 0.7286 0.1097 0.6761
vn -0.2049 0.9449 0.2552
vn 0.2049 0.9449 0.2552
vn -0.7286 0.1097 0.6761
vn 0.7286 0.1096 0.6761
vn 0.6784 0.0025 0.7347
vn -0.6785 0.0025 0.7346
vn 0.6784 0.0024 0.7347
vn -0.3741 0.9174 -0.1357
vn 0.3741 0.9174 -0.1357
vn -0.6784 0.0024 0.7347
vn 0.7331 -0.0169 0.6799
vn -0.7330 -0.0170 0.6800
vn 0.3740 0.9174 -0.1357
vn 0.7330 -0.0169 0.6800
vn -0.1459 0.4085 -0.9010
vn 0.1459 0.4085 -0.9010
vn -0.7331 -0.0169 0.6799
vn 0.7330 -0.0169 0.6801
vn 0.9093 -0.3192 0.2670
vn -0.9093 -0.3191 0.2670
vn -0.7330 -0.0168 0.6801
vn 0.1460 0.4085 -0.9010
vn -0.1460 0.4085 -0.9010
vn 0.9094 -0.3190 0.2670
vn 0.0254 0.2218 -0.9748
vn -0.0254 0.2219 -0.9747
vn -0.9093 -0.3192 0.2670
vn 0.1460 0.4086 -0.9010
vn 0.8880 -0.0965 0.4496
vn 0.3111 -0.1758 -0.9340
vn -0.3111 -0.1758 -0.9340
vn -0.8880 -0.0965 0.4496
vn 0.9093 -0.3191 0.2670
vn -0.0254 0.2218 -0.9748
vn -0.9094 -0.3191 0.2670
vn 0.8880 -0.0965 0.4495
vn 0.9401 0.1903 0.2829
vn 0.9079 -0.1497 -0.3914
vn -0.9079 -0.1497 -0.3915
vn -0.9401 0.1903 0.2829
vn 0.9080 -0.1498 -0.3914
vn 0.3112 -0.1759 -0.9339
vn -0.3112 -0.1758 -0.9339
vn -0.9080 -0.1497 -0.3914
vn -0.8880 -0.0966 0.4496
vn 0.8378 0.4222 0.3461
vn 0.8058 0.5684 0.1663
vn -0.8058 0.5684 0.1663
vn -0.8378 0.4222 0.3461
vn 0.8378 0.4221 0.3461
vn 0.9400 0.1904 0.2830
vn -0.9400 0.1904 0.2830
vn -0.9544 0.1232 0.2719
vn -0.9401 0.1904 0.2830
vn 0.7430 0.4921 0.4536
vn 0.8898 -0.1619 0.4266
vn -0.8898 -0.1619 0.4266
vn -0.7431 0.4921 0.4535
vn -0.7287 0.1096 0.6760
vn 0.7771 -0.5254 0.3467
vn -0.7771 -0.5254 0.3467
vn 0.7770 -0.5254 0.3466
vn -0.7770 -0.5254 0.3466
vn 0.7771 -0.5254 0.3466
vn 0.6710 -0.5294 0.5191
vn -0.6710 -0.5294 0.5191
vn -0.6785 0.0024 0.7346
vn 0.6710 -0.5295 0.5191
vn -0.7330 -0.0169 0.6800
vn 0.5176 -0.2180 0.8274
vn -0.5176 -0.2180 0.8274
vn -0.6709 -0.5295 0.5191
vn 0.5176 -0.2181 0.8274
vn -0.5176 -0.2181 0.8274
vn 0.5175 -0.2181 0.8274
vn 0.3822 -0.1303 0.9149
vn -0.3822 -0.1303 0.9149
vn -0.5175 -0.2181 0.8274
vn 0.8880 -0.0966 0.4495
vn 0.5584 0.2003 0.8050
vn -0.5585 0.2003 0.8050
vn -0.8880 -0.0965 0.4495
vn 0.9400 0.1904 0.2829
vn 0.8880 -0.0966 0.4496
vn 0.5607 0.1982 0.8039
vn -0.9400 0.1904 0.2829
vn 0.9401 0.1904 0.2830
vn 0.5585 0.2003 0.8050
vn 0.7831 0.3729 0.4977
vn -0.7831 0.3729 0.4977
vn -0.9401 0.1903 0.2830
vn 0.8058 0.5684 0.1664
vn 0.8823 0.2870 0.3731
vn -0.8823 0.2870 0.3731
vn -0.8058 0.5684 0.1664
vn 0.8823 0.2869 0.3731
vn 0.8899 -0.1618 0.4266
vn -0.8899 -0.1618 0.4266
vn -0.8823 0.2869 0.3731
vn 0.7831 0.3728 0.4977
vn 0.7832 0.3728 0.4977
vn -0.7832 0.3728 0.4977
vn 0.8898 -0.1620 0.4266
vn 0.7445 -0.1998 0.6370
vn -0.7445 -0.1997 0.6370
vn -0.8898 -0.1620 0.4266
vn -0.7771 -0.5254 0.3466
vn 0.7770 -0.5254 0.3467
vn -0.7445 -0.1998 0.6370
vn -0.7770 -0.5254 0.3467
vn 0.6710 -0.5294 0.5192
vn 0.7445 -0.1998 0.6371
vn -0.7445 -0.1998 0.6371
vn -0.6710 -0.5294 0.5192
vn 0.3822 -0.1303 0.9148
vn -0.7445 -0.1997 0.6371
vn -0.3822 -0.1303 0.9148
vn 0.5585 0.2002 0.8050
vn 0.7445 -0.1997 0.6371
vn -0.5585 0.2002 0.8050
vn -0.7831 0.3728 0.4977
vn 0.8899 -0.1619 0.4266
vn 0.7445 -0.1997 0.6370
vn 0.8823 0.2869 0.3732
vn 0.7433 -0.1984 0.6388
vn -0.8811 0.2883 0.3750
vn 0.9525 -0.1521 0.2637
vn 0.8895 -0.3478 0.2965
vn 0.8992 -0.4240 0.1080
vn -0.8992 -0.4240 0.1080
vn -0.9525 -0.1520 0.2637
vn 0.8992 -0.4241 0.1080
vn 0.9954 -0.0775 -0.0567
vn -0.9954 -0.0775 -0.0567
vn -0.8992 -0.4241 0.1080
vn -0.9525 -0.1521 0.2637
vn 0.8894 -0.3479 0.2965
vn 0.8281 -0.5267 0.1921
vn 0.7104 -0.6900 0.1387
vn -0.7104 -0.6900 0.1387
vn 0.8991 -0.4241 0.1080
vn -0.8991 -0.4241 0.1080
vn -0.8894 -0.3479 0.2965
vn -0.0000 0.9524 0.3050
vn 0.2099 0.9135 0.3486
vn 0.2149 0.9746 0.0622
vn -0.2149 0.9747 0.0621
vn -0.2099 0.9135 0.3486
vn 0.2149 0.9747 0.0621
vn -0.0000 1.0000 0.0026
vn 0.2100 0.9134 0.3486
vn 0.3108 0.9433 0.1169
vn -0.3108 0.9433 0.1169
vn -0.2100 0.9134 0.3486
vn 0.2149 0.9747 0.0622
vn -0.2149 0.9747 0.0622
vn 0.3108 0.9433 0.1168
vn -0.0051 0.9501 -0.3118
vn 0.3791 0.8771 -0.2948
vn -0.3791 0.8771 -0.2948
vn 0.0051 0.9501 -0.3118
vn -0.3108 0.9433 0.1168
vn -0.2049 0.9449 0.2551
vn -0.3334 0.9263 -0.1758
vn 0.3334 0.9263 -0.1758
vn 0.2049 0.9449 0.2551
vn -0.3333 0.9263 -0.1758
vn -0.0258 0.9915 0.1272
vn 0.0258 0.9915 0.1272
vn 0.3333 0.9263 -0.1758
vn -0.3474 0.6344 -0.6906
vn 0.3474 0.6344 -0.6906
vn 0.1459 0.4084 -0.9010
vn -0.3474 0.6343 -0.6906
vn 0.3474 0.6343 -0.6906
vn 0.4476 0.6670 -0.5957
vn -0.4477 0.6669 -0.5957
vn 0.4477 0.6669 -0.5957
vn -0.0796 0.6891 -0.7203
vn 0.0796 0.6891 -0.7203
vn 0.3744 0.8466 0.3784
vn -0.3744 0.8466 0.3783
vn 0.3744 0.8466 0.3783
vn 0.3108 0.9432 0.1169
vn 0.1888 0.8925 0.4095
vn -0.3743 0.8466 0.3783
vn -0.1888 0.8925 0.4095
vn -0.3744 0.8466 0.3784
vn 0.0258 0.9915 0.1271
vn -0.0052 0.9501 -0.3118
vn -0.0258 0.9915 0.1271
vn 0.0052 0.9501 -0.3118
vn -0.3473 0.6343 -0.6907
vn 0.3473 0.6343 -0.6907
vn 0.0052 0.9501 -0.3119
vn -0.0796 0.6890 -0.7203
vn 0.0796 0.6890 -0.7203
vn 0.0797 0.6891 -0.7203
vn 0.4476 0.6669 -0.5957
vn -0.4476 0.6669 -0.5957
vn 0.2336 -0.9708 0.0545
vn -0.0000 -0.9980 -0.0632
vn -0.0000 -0.9974 0.0725
vn -0.2336 -0.9708 0.0545
vn 0.2336 -0.9708 0.0546
vn 0.2108 -0.9698 0.1231
vn -0.2108 -0.9698 0.1231
vn -0.2336 -0.9708 0.0546
vn 0.2110 -0.9722 0.1014
vn -0.2110 -0.9722 0.1014
vn 0.2111 -0.9722 0.1014
vn 0.2239 -0.9533 0.2025
vn -0.2239 -0.9533 0.2025
vn -0.2111 -0.9722 0.1014
vn 0.0001 -0.9861 0.1662
vn -0.0001 -0.9861 0.1662
vn -0.0000 -0.9861 0.1662
vn 0.1133 -0.9603 0.2548
vn -0.1133 -0.9603 0.2548
vn -0.1134 -0.9603 0.2548
vn 0.2238 -0.9533 0.2026
vn 0.1133 -0.9603 0.2549
vn 0.2713 -0.9386 0.2132
vn -0.2713 -0.9386 0.2132
vn -0.1133 -0.9603 0.2549
vn -0.2238 -0.9533 0.2026
vn -0.0000 -0.9861 0.1663
vn -0.0000 -0.9455 0.3257
vn 0.2401 -0.9256 0.2925
vn -0.2401 -0.9256 0.2925
vn 0.2402 -0.9256 0.2925
vn 0.5633 -0.8220 0.0838
vn -0.5633 -0.8220 0.0837
vn -0.2402 -0.9256 0.2925
vn 0.8280 -0.5267 0.1921
vn 0.7103 -0.6901 0.1387
vn -0.7103 -0.6901 0.1387
vn -0.5633 -0.8220 0.0838
vn 0.9079 -0.1497 -0.3915
vn 0.8475 0.5296 -0.0359
vn -0.8475 0.5296 -0.0359
vn -0.9079 -0.1497 -0.3914
vn -0.9079 -0.1498 -0.3915
vn 0.9987 -0.0474 0.0190
vn 0.9954 -0.0774 -0.0567
vn 0.9615 0.0278 0.2733
vn -0.9615 0.0278 0.2733
vn -0.9954 -0.0774 -0.0567
vn -0.9987 -0.0474 0.0190
vn 0.9736 0.1977 0.1138
vn -0.9736 0.1977 0.1138
vn 0.8518 -0.3023 0.4277
vn -0.8518 -0.3023 0.4277
vn 0.8518 -0.3023 0.4278
vn -0.8518 -0.3023 0.4278
vn 0.6702 -0.5691 0.4764
vn -0.6702 -0.5691 0.4764
vn -0.8992 -0.4241 0.1079
vn 0.6702 -0.5691 0.4763
vn -0.6703 -0.5691 0.4763
vn -0.0000 -0.8821 0.4711
vn 0.0001 -0.8821 0.4711
vn 0.2976 -0.7254 0.6206
vn -0.2976 -0.7254 0.6206
vn 0.2977 -0.7254 0.6206
vn -0.2977 -0.7254 0.6206
vn 0.5633 -0.8220 0.0839
vn 0.4651 -0.6177 0.6341
vn -0.4651 -0.6177 0.6341
vn -0.5633 -0.8220 0.0839
vn -0.6702 -0.5691 0.4763
vn -0.9736 0.1977 0.1137
vn 0.9080 -0.1497 -0.3914
vn 0.9736 0.1977 0.1137
vn 0.8475 0.5295 -0.0359
vn -0.8475 0.5295 -0.0359
vn 0.9615 0.0277 0.2733
vn 0.7382 -0.0784 0.6700
vn -0.7382 -0.0784 0.6700
vn -0.9615 0.0277 0.2733
vn 0.8518 -0.3024 0.4278
vn 0.3231 -0.2894 0.9010
vn -0.3231 -0.2894 0.9010
vn -0.8518 -0.3024 0.4278
vn 0.8518 -0.3024 0.4277
vn 0.3231 -0.2893 0.9010
vn -0.3231 -0.2893 0.9010
vn -0.8518 -0.3024 0.4277
vn 0.5492 -0.2903 0.7837
vn 0.9125 -0.1000 0.3967
vn -0.9125 -0.1000 0.3967
vn -0.5492 -0.2903 0.7837
vn 0.8806 -0.0310 0.4728
vn -0.8806 -0.0310 0.4728
vn 0.5492 -0.2903 0.7836
vn 0.3499 -0.3096 0.8841
vn 0.9216 -0.1699 0.3489
vn -0.9216 -0.1700 0.3489
vn -0.3499 -0.3096 0.8841
vn -0.5492 -0.2903 0.7836
vn 0.5492 -0.2904 0.7836
vn 0.9216 -0.1699 0.3490
vn 0.9125 -0.1000 0.3966
vn -0.9125 -0.1000 0.3966
vn -0.9216 -0.1699 0.3490
vn 0.0615 -0.5193 0.8524
vn 0.5491 -0.2903 0.7837
vn -0.5491 -0.2903 0.7837
vn -0.0615 -0.5193 0.8524
vn -0.3843 -0.5067 0.7717
vn 0.3498 -0.3096 0.8842
vn -0.3498 -0.3097 0.8841
vn 0.3843 -0.5068 0.7717
vn -0.3499 -0.3097 0.8841
vn 0.8513 -0.0824 -0.5182
vn 0.7194 -0.0978 -0.6876
vn 0.3982 -0.8763 -0.2712
vn -0.3982 -0.8763 -0.2712
vn -0.7194 -0.0978 -0.6876
vn -0.8513 -0.0823 -0.5182
vn 0.3983 -0.8763 -0.2711
vn 0.9420 -0.3353 0.0133
vn -0.9420 -0.3353 0.0133
vn -0.3983 -0.8763 -0.2712
vn -0.8513 -0.0824 -0.5182
vn 0.9804 0.1957 -0.0215
vn 0.9794 0.1035 0.1733
vn -0.9794 0.1035 0.1733
vn -0.9420 -0.3352 0.0133
vn -0.9804 0.1957 -0.0215
vn 0.9854 -0.1000 0.1380
vn 0.7272 -0.6833 0.0657
vn 0.7837 -0.6186 -0.0567
vn -0.7837 -0.6186 -0.0567
vn -0.7272 -0.6833 0.0657
vn -0.9854 -0.1000 0.1380
vn 0.9980 -0.0632 -0.0023
vn -0.9980 -0.0632 -0.0023
vn 0.7277 -0.6732 -0.1318
vn 0.9809 -0.1817 -0.0695
vn -0.9809 -0.1817 -0.0695
vn -0.7277 -0.6732 -0.1318
vn -0.9980 -0.0632 -0.0024
vn 0.7276 -0.6732 -0.1318
vn 0.6471 -0.7261 0.2327
vn 0.9349 -0.2818 0.2157
vn -0.9349 -0.2818 0.2157
vn -0.6471 -0.7260 0.2327
vn -0.7276 -0.6732 -0.1318
vn 0.6471 -0.7260 0.2326
vn -0.1178 -0.6325 0.7655
vn 0.1178 -0.6325 0.7656
vn -0.6472 -0.7260 0.2326
vn -0.9349 -0.2818 0.2156
vn 0.9349 -0.2817 0.2157
vn 0.7753 -0.2054 0.5973
vn -0.7753 -0.2054 0.5973
vn 0.1179 -0.6325 0.7655
vn -0.9349 -0.2817 0.2157
vn 0.7374 -0.1527 -0.6580
vn -0.3721 -0.1755 -0.9114
vn -0.1686 -0.3956 -0.9028
vn 0.1686 -0.3957 -0.9028
vn 0.3721 -0.1755 -0.9114
vn -0.7374 -0.1527 -0.6580
vn 0.7775 -0.1188 -0.6176
vn -0.7775 -0.1189 -0.6175
vn 0.1686 -0.3956 -0.9028
vn 0.8203 -0.5359 0.1999
vn 0.9831 -0.0085 0.1828
vn -0.9831 -0.0085 0.1828
vn -0.8203 -0.5359 0.1999
vn 0.9420 -0.3352 0.0133
vn 0.7271 -0.6834 0.0657
vn 0.9854 -0.0999 0.1380
vn -0.9854 -0.0999 0.1380
vn -0.7271 -0.6833 0.0656
vn 0.6521 0.7576 -0.0302
vn 0.8978 0.4392 -0.0320
vn 0.9010 0.4293 0.0624
vn -0.9010 0.4293 0.0624
vn -0.8978 0.4392 -0.0320
vn -0.6521 0.7576 -0.0303
vn 0.9010 0.4294 0.0624
vn 0.7072 0.7063 0.0327
vn -0.7072 0.7063 0.0327
vn -0.9010 0.4294 0.0624
vn 0.9066 0.3927 0.1544
vn -0.9066 0.3927 0.1543
vn -0.7072 0.7063 0.0328
vn 0.9066 0.3926 0.1544
vn 0.7047 0.6823 0.1948
vn -0.7047 0.6823 0.1948
vn -0.9066 0.3926 0.1544
vn 0.9804 0.1958 -0.0215
vn 0.9794 0.1036 0.1733
vn -0.9804 0.1958 -0.0215
vn 0.9067 0.3926 0.1544
vn -0.9067 0.3926 0.1544
vn -0.9794 0.1036 0.1733
vn 0.7007 0.6976 0.1495
vn 0.9249 0.3525 0.1424
vn 0.9430 0.3317 0.0269
vn -0.9430 0.3317 0.0269
vn -0.9249 0.3525 0.1423
vn -0.7007 0.6976 0.1495
vn 0.7109 0.6990 0.0768
vn -0.7109 0.6990 0.0768
vn 0.9250 0.3524 0.1424
vn 0.9980 -0.0631 -0.0023
vn -0.9980 -0.0631 -0.0023
vn -0.9250 0.3524 0.1424
vn 0.9809 -0.1816 -0.0695
vn 0.9600 0.2744 0.0550
vn 0.9430 0.3316 0.0269
vn -0.9430 0.3316 0.0269
vn -0.9600 0.2744 0.0550
vn -0.9809 -0.1816 -0.0695
vn 0.9980 -0.0631 -0.0024
vn -0.9980 -0.0631 -0.0024
vn 0.9600 0.2745 0.0550
vn 0.6738 0.7384 0.0260
vn -0.6738 0.7384 0.0260
vn -0.9600 0.2745 0.0550
vn 0.7109 0.6991 0.0768
vn -0.7109 0.6991 0.0768
vn 0.9440 0.3277 0.0388
vn -0.9440 0.3278 0.0388
vn 0.9600 0.2744 0.0549
vn -0.9600 0.2744 0.0549
vn 0.9440 0.3278 0.0388
vn 0.6228 0.7801 -0.0606
vn -0.6228 0.7800 -0.0606
vn 0.9831 -0.0084 0.1828
vn 0.9195 0.3355 0.2050
vn -0.9195 0.3355 0.2050
vn -0.9831 -0.0084 0.1828
vn 0.9067 0.3926 0.1543
vn -0.9067 0.3926 0.1543
vn 0.7111 0.6703 0.2124
vn -0.7111 0.6703 0.2124
vn 0.9195 0.3355 0.2049
vn -0.9066 0.3927 0.1544
vn -0.9195 0.3355 0.2049
vn 0.9249 0.3524 0.1424
vn -0.9249 0.3524 0.1424
vn 0.7008 0.6975 0.1496
vn -0.7008 0.6975 0.1496
vn -0.9249 0.3525 0.1424
vn 0.7111 0.6702 0.2125
vn -0.7111 0.6702 0.2125
vn 0.8475 0.5296 -0.0358
vn 0.8589 0.5122 0.0060
vn 0.5857 0.8101 0.0281
vn -0.5857 0.8101 0.0281
vn -0.8589 0.5122 0.0060
vn -0.8475 0.5296 -0.0358
vn 0.5856 0.8101 0.0281
vn -0.5856 0.8101 0.0281
vn 0.8589 0.5121 0.0060
vn 0.8978 0.4392 -0.0321
vn -0.6521 0.7576 -0.0302
vn -0.8978 0.4392 -0.0321
vn -0.8589 0.5121 0.0060
vn 0.6521 0.7575 -0.0302
vn -0.6521 0.7575 -0.0302
vn 0.9019 0.4301 0.0402
vn -0.9019 0.4301 0.0402
vn 0.7753 -0.2055 0.5973
vn 0.9780 -0.1716 -0.1189
vn 0.9990 -0.0150 -0.0423
vn -0.9990 -0.0150 -0.0423
vn -0.9780 -0.1716 -0.1189
vn -0.7753 -0.2055 0.5973
vn 0.9780 -0.1716 -0.1190
vn 0.7374 -0.1526 -0.6580
vn 0.7775 -0.1188 -0.6175
vn -0.7775 -0.1188 -0.6175
vn -0.9780 -0.1716 -0.1190
vn 0.7775 -0.1189 -0.6175
vn 0.9990 -0.0150 -0.0424
vn -0.9990 -0.0150 -0.0424
vn 0.9448 0.2210 -0.2417
vn 0.6792 0.6528 -0.3353
vn -0.6792 0.6528 -0.3354
vn -0.9448 0.2210 -0.2417
vn 0.6792 0.6529 -0.3353
vn 0.6228 0.7801 -0.0607
vn -0.6228 0.7801 -0.0606
vn 0.9448 0.2210 -0.2418
vn 0.7873 0.2194 -0.5762
vn 0.5729 0.5522 -0.6057
vn -0.5729 0.5522 -0.6057
vn -0.7873 0.2194 -0.5762
vn -0.9448 0.2210 -0.2418
vn 0.6792 0.6529 -0.3354
vn -0.6792 0.6529 -0.3354
vn -0.9440 0.3277 0.0388
vn 0.7874 0.2193 -0.5762
vn -0.7874 0.2193 -0.5762
vn -0.7775 -0.1188 -0.6176
vn -0.7873 0.2193 -0.5762
vn 0.3499 -0.3097 0.8841
vn 0.5542 -0.2029 0.8073
vn -0.5542 -0.2029 0.8073
vn -0.9216 -0.1699 0.3489
vn 0.9216 -0.1700 0.3489
vn 0.5541 -0.2029 0.8073
vn 0.9762 -0.2162 -0.0155
vn -0.9762 -0.2162 -0.0155
vn -0.5541 -0.2029 0.8073
vn 0.3498 -0.3097 0.8842
vn -0.3843 -0.5068 0.7717
vn -0.4083 -0.2116 0.8880
vn 0.4083 -0.2116 0.8880
vn 0.3844 -0.5067 0.7717
vn -0.3498 -0.3096 0.8842
vn 0.7267 -0.3028 -0.6166
vn -0.0389 -0.4024 -0.9146
vn 0.0389 -0.4023 -0.9147
vn -0.7267 -0.3027 -0.6166
vn -0.0388 -0.4024 -0.9146
vn -0.3983 -0.8763 -0.2711
vn 0.0388 -0.4024 -0.9147
vn 0.7620 -0.2866 -0.5807
vn -0.0805 -0.4678 -0.8802
vn 0.0805 -0.4678 -0.8802
vn -0.7620 -0.2866 -0.5807
vn -0.7268 -0.3028 -0.6166
vn -0.0389 -0.4023 -0.9147
vn 0.0389 -0.4024 -0.9147
vn 0.0805 -0.4678 -0.8801
vn -0.7267 -0.3028 -0.6166
vn -0.0805 -0.4678 -0.8801
vn 0.7620 -0.2867 -0.5807
vn 0.7928 -0.2120 -0.5714
vn -0.7928 -0.2121 -0.5714
vn -0.0584 -0.3543 -0.9333
vn 0.0584 -0.3543 -0.9333
vn 0.9762 -0.2161 -0.0155
vn 0.5981 0.0088 0.8014
vn -0.5981 0.0088 0.8014
vn 0.9762 -0.2162 -0.0156
vn 0.5981 0.0089 0.8014
vn 0.9850 -0.0218 0.1710
vn -0.9850 -0.0218 0.1710
vn -0.9762 -0.2162 -0.0156
vn -0.3908 -0.0602 0.9185
vn 0.3908 -0.0602 0.9185
vn 0.4083 -0.2115 0.8880
vn -0.3909 -0.0602 0.9185
vn 0.5980 0.0088 0.8014
vn -0.5980 0.0088 0.8014
vn 0.3909 -0.0602 0.9185
vn 0.9850 -0.0219 0.1710
vn -0.7928 -0.2120 -0.5714
vn -0.9850 -0.0219 0.1710
vn -0.9762 -0.2161 -0.0156
vn 0.7928 -0.2121 -0.5714
vn -0.9633 -0.0854 0.2544
vn -0.9224 -0.2578 0.2878
vn -0.8862 -0.2655 -0.3796
vn 0.8862 -0.2655 -0.3796
vn 0.9224 -0.2578 0.2878
vn 0.9633 -0.0854 0.2544
vn -0.8862 -0.2655 -0.3797
vn -0.8120 -0.2749 -0.5148
vn 0.8120 -0.2749 -0.5148
vn 0.8862 -0.2655 -0.3797
vn -0.0805 -0.4679 -0.8801
vn -0.8121 -0.2749 -0.5148
vn 0.8120 -0.2748 -0.5148
vn 0.0805 -0.4679 -0.8801
vn -0.9223 -0.2578 0.2879
vn -0.9633 -0.0855 0.2544
vn 0.9223 -0.2577 0.2879
vn -0.4083 -0.2115 0.8880
vn -0.9223 -0.2578 0.2878
vn -0.7663 -0.5547 0.3241
vn -0.6669 -0.7417 -0.0712
vn 0.6669 -0.7417 -0.0712
vn 0.7663 -0.5547 0.3241
vn 0.9224 -0.2577 0.2878
vn 0.6669 -0.7417 -0.0713
vn 0.9223 -0.2578 0.2878
vn -0.3844 -0.5067 0.7717
vn -0.9223 -0.2577 0.2878
vn -0.9223 -0.2577 0.2879
vn 0.3843 -0.5067 0.7717
vn 0.3984 -0.8762 -0.2711
vn -0.0388 -0.4024 -0.9147
vn 0.0388 -0.4023 -0.9147
vn -0.3984 -0.8762 -0.2711
vn 0.3983 -0.8763 -0.2712
vn -0.6669 -0.7418 -0.0712
vn 0.6669 -0.7418 -0.0712
vn -0.3983 -0.8762 -0.2712
vn -0.6669 -0.7417 -0.0713
vn -0.0000 -1.0000 -0.0075
vn -0.0000 -1.0000 -0.0074
vn 0.0001 -0.9858 0.1681
vn -0.0001 -0.9858 0.1681
vn -0.0000 -0.9601 0.2797
vn -0.0000 -0.9601 0.2796
vn -0.7663 -0.5548 0.3241
vn 0.7663 -0.5547 0.3240
vn -0.0001 -0.9601 0.2796
vn 0.0001 -0.7570 0.6535
vn -0.0001 -0.7570 0.6535
vn 0.0001 -0.9601 0.2796
vn -0.0000 -0.9601 0.2795
vn 0.6703 -0.5691 0.4763
vn 0.2977 -0.7254 0.6207
vn 0.0616 -0.5194 0.8523
vn -0.0616 -0.5194 0.8523
vn -0.2977 -0.7254 0.6207
vn -0.0000 -0.7570 0.6534
vn 0.2976 -0.7254 0.6207
vn -0.0000 -0.7569 0.6535
vn 0.0615 -0.5194 0.8523
vn -0.0615 -0.5194 0.8523
vn -0.2976 -0.7254 0.6207
vn -0.0000 -0.7570 0.6535
vn 0.7271 -0.6834 0.0656
vn 0.5228 -0.8524 -0.0009
vn 0.5652 -0.8249 -0.0014
vn -0.5652 -0.8249 -0.0014
vn -0.5228 -0.8524 -0.0009
vn -0.7271 -0.6834 0.0656
vn 0.5652 -0.8249 -0.0015
vn 0.7836 -0.6186 -0.0567
vn -0.7836 -0.6186 -0.0568
vn -0.5652 -0.8249 -0.0015
vn -0.7271 -0.6834 0.0657
vn -0.0000 -0.9955 -0.0945
vn -0.0000 -0.9995 -0.0311
vn 0.5653 -0.8249 -0.0014
vn -0.5653 -0.8249 -0.0014
vn -0.5228 -0.8525 -0.0009
vn 0.5694 -0.8174 -0.0880
vn -0.5694 -0.8174 -0.0880
vn -0.7836 -0.6186 -0.0567
vn 0.5694 -0.8173 -0.0880
vn -0.5694 -0.8173 -0.0880
vn -0.0000 -0.9668 -0.2554
vn -0.0000 -0.9668 -0.2555
vn 0.0001 -0.9668 -0.2555
vn -0.0001 -0.9668 -0.2555
vn 0.5935 -0.8015 0.0734
vn 0.5229 -0.8524 -0.0009
vn -0.5229 -0.8524 -0.0009
vn -0.5935 -0.8015 0.0734
vn 0.8202 -0.5359 0.1999
vn 0.5228 -0.8524 -0.0008
vn -0.5228 -0.8524 -0.0008
vn -0.8202 -0.5359 0.1999
vn 0.5934 -0.8015 0.0734
vn -0.0000 -0.9953 0.0973
vn 0.0001 -0.9955 -0.0945
vn -0.0001 -0.9955 -0.0945
vn -0.5934 -0.8016 0.0734
vn 0.5934 -0.8015 0.0735
vn 0.5228 -0.8525 -0.0009
vn 0.3982 -0.8763 -0.2711
vn -0.5934 -0.8015 0.0734
vn -0.5935 -0.8015 0.0735
vn -0.9420 -0.3353 0.0132
vn 0.9965 -0.0538 -0.0644
vn 0.9747 0.1237 0.1862
vn -0.9747 0.1237 0.1862
vn -0.9965 -0.0538 -0.0644
vn 0.9747 0.1238 0.1862
vn -0.9747 0.1238 0.1862
vn 0.8513 -0.0823 -0.5182
vn 0.9434 0.2787 -0.1800
vn -0.9434 0.2787 -0.1800
vn 0.9698 -0.1468 -0.1948
vn 0.9965 -0.0539 -0.0644
vn -0.9965 -0.0539 -0.0644
vn -0.9698 -0.1468 -0.1948
vn 0.9698 -0.1467 -0.1949
vn 0.7195 -0.0978 -0.6876
vn -0.7195 -0.0978 -0.6876
vn -0.9698 -0.1467 -0.1949
vn 0.9965 -0.0538 -0.0645
vn -0.9965 -0.0538 -0.0645
vn 0.9109 -0.2606 -0.3200
vn -0.9109 -0.2606 -0.3200
vn 0.9216 -0.1699 0.3488
vn -0.9216 -0.1699 0.3488
vn -0.9762 -0.2161 -0.0155
vn 0.9698 -0.1468 -0.1949
vn -0.9698 -0.1468 -0.1949
vn 0.7267 -0.3027 -0.6166
vn 0.7268 -0.3028 -0.6166
vn 0.7928 -0.2121 -0.5715
vn 0.7131 -0.2191 -0.6659
vn -0.7131 -0.2191 -0.6659
vn -0.0584 -0.3544 -0.9333
vn 0.7132 -0.2191 -0.6659
vn -0.1781 -0.3502 -0.9196
vn 0.1781 -0.3502 -0.9196
vn -0.7132 -0.2191 -0.6659
vn 0.5954 0.2207 0.7725
vn -0.5954 0.2207 0.7725
vn 0.9935 0.0901 0.0701
vn -0.9935 0.0901 0.0701
vn -0.3570 0.1470 0.9225
vn 0.3570 0.1470 0.9225
vn 0.5980 0.0089 0.8014
vn 0.3570 0.1471 0.9224
vn 0.9935 0.0901 0.0700
vn -0.9935 0.0901 0.0700
vn -0.1782 -0.3501 -0.9196
vn 0.1782 -0.3502 -0.9196
vn -0.1782 -0.3502 -0.9196
vn -0.8909 -0.2348 -0.3889
vn 0.8909 -0.2348 -0.3889
vn 0.8120 -0.2748 -0.5149
vn -0.8909 -0.2348 -0.3888
vn 0.8909 -0.2348 -0.3888
vn 0.8121 -0.2749 -0.5148
vn -0.8909 -0.2349 -0.3888
vn -0.9384 -0.0432 0.3427
vn 0.9384 -0.0432 0.3427
vn -0.3908 -0.0601 0.9185
vn -0.9384 -0.0431 0.3428
vn 0.9384 -0.0432 0.3428
vn 0.9384 -0.0431 0.3428
vn 0.7178 -0.1410 -0.6818
vn -0.7178 -0.1410 -0.6818
vn 0.7177 -0.1410 -0.6819
vn -0.1681 -0.3468 -0.9227
vn 0.1682 -0.3468 -0.9228
vn -0.7178 -0.1409 -0.6819
vn 0.5955 0.2207 0.7725
vn 0.6300 0.4621 0.6242
vn -0.6300 0.4621 0.6242
vn -0.5955 0.2207 0.7725
vn 0.9832 0.1621 -0.0842
vn -0.9832 0.1621 -0.0842
vn -0.3570 0.1470 0.9224
vn -0.1871 0.4477 0.8744
vn 0.1871 0.4478 0.8744
vn -0.1871 0.4478 0.8744
vn 0.6299 0.4621 0.6242
vn -0.6299 0.4621 0.6242
vn 0.1870 0.4478 0.8744
vn -0.9832 0.1620 -0.0842
vn -0.1681 -0.3468 -0.9228
vn 0.1681 -0.3468 -0.9228
vn -0.1682 -0.3468 -0.9227
vn -0.9305 -0.2208 -0.2922
vn 0.9305 -0.2207 -0.2922
vn 0.1682 -0.3468 -0.9227
vn 0.8909 -0.2349 -0.3888
vn -0.9384 -0.0432 0.3428
vn -0.9305 -0.2207 -0.2922
vn 0.9305 -0.2208 -0.2922
vn -0.8891 0.2083 0.4076
vn 0.8891 0.2082 0.4076
vn -0.8891 0.2082 0.4076
vn -0.8891 0.2082 0.4077
vn -0.1871 0.4478 0.8743
vn 0.1870 0.4477 0.8744
vn 0.8891 0.2082 0.4077
vn 0.3570 0.1471 0.9225
vn 0.5462 -0.2928 0.7848
vn -0.5411 -0.2794 0.7932
vn -0.1826 -0.0339 0.9826
vn 0.1826 -0.0339 0.9826
vn 0.5411 -0.2793 0.7932
vn -0.5462 -0.2928 0.7848
vn 0.7852 0.0547 0.6168
vn -0.7852 0.0547 0.6168
vn 0.1827 -0.0340 0.9826
vn -0.0241 -0.2719 -0.9620
vn 0.8266 -0.2082 -0.5229
vn 0.7023 -0.0980 -0.7051
vn -0.7023 -0.0979 -0.7051
vn -0.8266 -0.2082 -0.5229
vn 0.0241 -0.2719 -0.9620
vn 0.7023 -0.0979 -0.7051
vn -0.4464 -0.1680 -0.8789
vn 0.4464 -0.1681 -0.8789
vn -0.7023 -0.0980 -0.7051
vn 0.9749 -0.2088 0.0771
vn -0.9749 -0.2088 0.0771
vn 0.9934 -0.0569 -0.1000
vn -0.9934 -0.0569 -0.1000
vn -0.9749 -0.2089 0.0772
vn 0.8265 -0.2082 -0.5230
vn -0.8265 -0.2082 -0.5230
vn 0.8265 -0.2082 -0.5229
vn 0.9934 -0.0569 -0.1001
vn -0.9934 -0.0569 -0.1001
vn -0.8265 -0.2082 -0.5229
vn -0.5411 -0.2793 0.7932
vn -0.9476 -0.2141 0.2373
vn -0.9237 -0.0801 0.3746
vn 0.9237 -0.0801 0.3745
vn 0.9476 -0.2141 0.2373
vn -0.9238 -0.0801 0.3745
vn 0.5411 -0.2794 0.7932
vn -0.9476 -0.2141 0.2372
vn -0.8275 -0.2850 -0.4838
vn -0.9400 -0.2687 -0.2103
vn 0.9400 -0.2688 -0.2103
vn 0.8275 -0.2849 -0.4838
vn 0.9476 -0.2141 0.2372
vn -0.9400 -0.2688 -0.2103
vn 0.9238 -0.0801 0.3745
vn 0.9400 -0.2687 -0.2103
vn -0.8275 -0.2849 -0.4838
vn -0.4464 -0.1681 -0.8789
vn 0.4465 -0.1681 -0.8789
vn -0.9400 -0.2688 -0.2104
vn 0.9400 -0.2688 -0.2104
vn 0.8275 -0.2850 -0.4839
vn -0.0000 -0.9832 -0.1824
vn 0.0001 -0.7480 -0.6636
vn -0.7250 -0.5898 -0.3556
vn 0.7250 -0.5898 -0.3556
vn -0.0001 -0.7480 -0.6636
vn -0.0001 -0.9832 -0.1825
vn -0.7250 -0.5898 -0.3557
vn -0.3665 -0.9288 0.0545
vn 0.3666 -0.9288 0.0545
vn 0.7250 -0.5898 -0.3557
vn -0.8894 -0.3465 0.2980
vn -0.3666 -0.9288 0.0545
vn 0.8895 -0.3465 0.2980
vn -0.8895 -0.3465 0.2980
vn -0.9496 -0.1778 -0.2580
vn 0.9497 -0.1778 -0.2580
vn -0.1686 -0.3957 -0.9028
vn 0.0001 -0.7480 -0.6637
vn -0.0001 -0.7480 -0.6637
vn -0.0000 -0.7481 -0.6636
vn -0.0000 -0.6049 -0.7963
vn -0.0000 -0.7480 -0.6637
vn 0.1687 -0.3957 -0.9028
vn -0.9497 -0.1778 -0.2580
vn -0.3721 -0.1755 -0.9115
vn 0.3721 -0.1755 -0.9115
vn -0.0000 -0.9692 -0.2463
vn 0.0961 -0.9888 -0.1145
vn -0.0961 -0.9888 -0.1145
vn -0.0001 -0.9832 -0.1824
vn -0.3666 -0.9288 0.0544
vn 0.3666 -0.9288 0.0544
vn 0.0001 -0.9832 -0.1824
vn 0.0961 -0.9888 -0.1144
vn -0.0961 -0.9888 -0.1144
vn 0.6471 -0.7260 0.2327
vn -0.6472 -0.7260 0.2327
vn 0.0960 -0.9888 -0.1145
vn 0.1178 -0.6325 0.7655
vn -0.6471 -0.7260 0.2326
vn -0.1178 -0.6325 0.7656
vn 0.0960 -0.9888 -0.1144
vn 0.3665 -0.9288 0.0545
vn -0.0960 -0.9888 -0.1144
vn 0.1179 -0.6324 0.7656
vn 0.8894 -0.3465 0.2980
vn -0.4074 -0.2802 0.8692
vn 0.6322 -0.3276 0.7021
vn -0.6322 -0.3276 0.7021
vn 0.4074 -0.2802 0.8692
vn -0.1179 -0.6325 0.7655
vn -0.7753 -0.2054 0.5972
vn 0.7951 -0.2023 -0.5717
vn -0.1873 -0.1210 -0.9748
vn 0.1874 -0.1210 -0.9748
vn -0.7951 -0.2023 -0.5717
vn -0.7374 -0.1526 -0.6580
vn -0.0241 -0.2718 -0.9620
vn 0.0241 -0.2718 -0.9620
vn -0.1874 -0.1211 -0.9748
vn 0.1873 -0.1210 -0.9748
vn -0.7951 -0.2022 -0.5717
vn 0.6322 -0.3276 0.7022
vn 0.9672 -0.2530 -0.0225
vn -0.9672 -0.2530 -0.0224
vn -0.9672 -0.2530 -0.0225
vn 0.9749 -0.2089 0.0772
vn -0.5463 -0.2928 0.7848
vn 0.9672 -0.2530 -0.0224
vn 0.7374 -0.1526 -0.6579
vn -0.7374 -0.1527 -0.6579
vn 0.8266 -0.2083 -0.5229
vn -0.8265 -0.2083 -0.5229
vn -0.8895 -0.3465 0.2981
vn -0.9456 -0.1375 0.2949
vn -0.4073 -0.2802 0.8692
vn 0.4073 -0.2802 0.8692
vn 0.9456 -0.1375 0.2949
vn 0.8895 -0.3465 0.2981
vn -0.8895 -0.3464 0.2980
vn 0.8894 -0.3465 0.2981
vn -0.9497 -0.1778 -0.2579
vn -0.9246 -0.1198 -0.3615
vn -0.9456 -0.1375 0.2948
vn 0.9456 -0.1375 0.2948
vn 0.9246 -0.1199 -0.3615
vn 0.9497 -0.1778 -0.2579
vn 0.8895 -0.3464 0.2980
vn -0.9247 -0.1199 -0.3614
vn 0.8275 -0.2850 -0.4838
vn 0.9247 -0.1199 -0.3614
vn -0.9247 -0.1199 -0.3615
vn -0.3721 -0.1754 -0.9115
vn -0.9246 -0.1199 -0.3615
vn 0.9496 -0.1778 -0.2580
vn -0.1874 -0.1210 -0.9748
vn -0.8275 -0.2849 -0.4839
vn 0.1873 -0.1211 -0.9748
vn 0.0852 0.9366 -0.3399
vn 0.3613 0.8057 -0.4694
vn 0.4042 0.8384 -0.3658
vn -0.4042 0.8384 -0.3657
vn -0.3613 0.8057 -0.4693
vn 0.0853 0.9366 -0.3399
vn 0.4042 0.8384 -0.3657
vn 0.3318 0.9327 -0.1415
vn 0.3319 0.9327 -0.1415
vn 0.3614 0.8057 -0.4694
vn 0.5728 0.5523 -0.6057
vn 0.5205 0.3240 -0.7900
vn -0.5205 0.3239 -0.7900
vn -0.5728 0.5523 -0.6057
vn -0.3614 0.8057 -0.4694
vn 0.7374 -0.1527 -0.6579
vn 0.9303 -0.1672 -0.3265
vn -0.9303 -0.1672 -0.3265
vn -0.7374 -0.1526 -0.6579
vn 0.9216 -0.0316 -0.3867
vn -0.9216 -0.0316 -0.3867
vn 0.9280 -0.2289 -0.2939
vn -0.9280 -0.2289 -0.2939
vn 0.9303 -0.1673 -0.3265
vn -0.9303 -0.1673 -0.3265
vn 0.7392 -0.6734 -0.0041
vn 0.8058 -0.5858 0.0868
vn -0.8058 -0.5858 0.0868
vn -0.7392 -0.6734 -0.0041
vn 0.8058 -0.5858 0.0867
vn 0.5653 -0.8249 -0.0015
vn -0.8058 -0.5857 0.0867
vn 0.8058 -0.5857 0.0868
vn 0.8579 -0.3481 0.3779
vn -0.8579 -0.3482 0.3779
vn -0.8058 -0.5857 0.0868
vn -0.8579 -0.3481 0.3779
vn 0.7695 -0.6297 0.1066
vn -0.7695 -0.6297 0.1066
vn 0.7831 -0.5877 0.2035
vn 0.7695 -0.6297 0.1067
vn -0.7695 -0.6297 0.1067
vn -0.7831 -0.5876 0.2035
vn 0.5935 -0.8015 0.0735
vn 0.6472 -0.7260 0.2327
vn 0.8579 -0.3481 0.3780
vn -0.8579 -0.3481 0.3780
vn 0.6866 -0.2582 0.6797
vn -0.6865 -0.2582 0.6797
vn 0.6865 -0.2582 0.6797
vn 0.8249 -0.1891 -0.5327
vn -0.8249 -0.1891 -0.5327
vn -0.7268 -0.3027 -0.6166
vn 0.8248 -0.1891 -0.5328
vn 0.7796 -0.1406 -0.6103
vn -0.7796 -0.1406 -0.6103
vn -0.8248 -0.1891 -0.5328
vn -0.7796 -0.1406 -0.6102
vn 0.7195 -0.0977 -0.6876
vn 0.7477 -0.0283 -0.6634
vn -0.7477 -0.0283 -0.6634
vn 0.9058 -0.1772 -0.3849
vn -0.9058 -0.1772 -0.3849
vn 0.9058 -0.1772 -0.3850
vn 0.8249 -0.1891 -0.5328
vn -0.8249 -0.1891 -0.5328
vn -0.9058 -0.1772 -0.3850
vn 0.7928 -0.2120 -0.5715
vn 0.8412 -0.1942 -0.5046
vn -0.8412 -0.1942 -0.5046
vn -0.7195 -0.0977 -0.6876
vn 0.3983 -0.8762 -0.2712
vn -0.3982 -0.8763 -0.2711
vn -0.7831 -0.5877 0.2035
vn 0.6669 -0.7417 -0.0711
vn 0.8827 -0.1270 0.4525
vn 0.9055 0.2185 0.3637
vn -0.9055 0.2185 0.3637
vn -0.8827 -0.1270 0.4525
vn -0.9056 0.2185 0.3637
vn 0.7998 -0.4462 0.4015
vn 0.8827 -0.1271 0.4525
vn -0.8827 -0.1271 0.4525
vn -0.7998 -0.4462 0.4015
vn 0.7086 -0.6973 0.1076
vn 0.7998 -0.4463 0.4015
vn -0.7998 -0.4463 0.4015
vn -0.7086 -0.6973 0.1076
vn -0.8280 -0.5267 0.1921
vn -0.8281 -0.5267 0.1922
vn 0.7917 0.4906 0.3641
vn -0.7917 0.4906 0.3641
vn 0.7916 0.4906 0.3641
vn -0.6505 0.5849 0.4846
vn -0.7916 0.4906 0.3641
vn 0.7287 0.1096 0.6760
vn 0.7342 -0.2106 0.6455
vn -0.7342 -0.2106 0.6455
vn -0.7287 0.1096 0.6761
vn 0.7342 -0.2107 0.6454
vn 0.8334 -0.2666 0.4842
vn -0.8334 -0.2666 0.4842
vn -0.7342 -0.2107 0.6454
vn 0.6592 -0.2211 0.7187
vn -0.6592 -0.2211 0.7187
vn 0.6592 -0.2210 0.7187
vn -0.6592 -0.2210 0.7187
vn 0.9094 -0.3191 0.2669
vn 0.5926 -0.1923 0.7822
vn -0.5926 -0.1923 0.7822
vn -0.9093 -0.3191 0.2669
vn 0.6880 0.0547 0.7236
vn -0.6864 0.0548 0.7252
vn 0.9093 -0.3191 0.2669
vn 0.6863 0.0549 0.7252
vn 0.5926 -0.1922 0.7822
vn -0.5926 -0.1922 0.7822
vn -0.6863 0.0549 0.7252
vn -0.9094 -0.3191 0.2669
vn 0.9400 0.1903 0.2830
vn 0.9928 0.0853 0.0839
vn -0.9928 0.0854 0.0839
vn -0.9400 0.1903 0.2830
vn 0.9928 0.0853 0.0838
vn 0.6864 0.0550 0.7252
vn -0.6864 0.0550 0.7252
vn -0.9928 0.0853 0.0838
vn 0.9401 0.1903 0.2830
vn 0.6864 0.0549 0.7251
vn 0.7216 0.1221 0.6815
vn -0.7216 0.1221 0.6815
vn -0.9928 0.0854 0.0838
vn -0.6864 0.0549 0.7251
vn 0.7215 0.1221 0.6816
vn 0.5805 0.1353 0.8030
vn -0.5805 0.1353 0.8030
vn -0.7215 0.1221 0.6816
vn 0.7431 0.4921 0.4535
vn -0.7431 0.4921 0.4536
vn 0.4032 -0.0448 -0.9140
vn -0.4032 -0.0448 -0.9140
vn 0.7873 0.2193 -0.5762
vn 0.5205 0.3239 -0.7900
vn 0.0421 -0.3474 -0.9368
vn -0.0421 -0.3474 -0.9368
vn 0.1247 -0.8708 -0.4755
vn 0.1246 -0.8708 -0.4755
vn 0.0420 -0.3474 -0.9368
vn -0.0420 -0.3474 -0.9368
vn 0.8461 -0.0707 -0.5284
vn 0.7693 0.0942 -0.6319
vn -0.7693 0.0942 -0.6319
vn -0.8461 -0.0707 -0.5284
vn 0.3614 0.8057 -0.4693
vn -0.0000 0.9669 -0.2551
vn 0.0853 0.9366 -0.3398
vn -0.0000 0.9669 -0.2550
vn -0.3614 0.8057 -0.4693
vn 0.6957 0.5179 -0.4978
vn -0.6957 0.5179 -0.4978
vn 0.6957 0.5179 -0.4977
vn 0.5668 0.7870 -0.2436
vn -0.5668 0.7870 -0.2435
vn -0.6957 0.5179 -0.4977
vn 0.7692 0.0943 -0.6320
vn 0.6957 0.5178 -0.4978
vn -0.6957 0.5178 -0.4978
vn -0.7692 0.0943 -0.6320
vn 0.5729 0.5522 -0.6056
vn 0.8461 -0.0707 -0.5283
vn -0.8461 -0.0707 -0.5283
vn 0.8461 -0.0708 -0.5283
vn -0.8461 -0.0708 -0.5283
vn -0.1826 -0.0340 0.9826
vn -0.0260 0.7543 0.6561
vn 0.0260 0.7543 0.6561
vn 0.1827 -0.0339 0.9826
vn 0.7852 0.0547 0.6169
vn -0.0259 0.7543 0.6561
vn 0.4978 0.8085 0.3138
vn -0.4979 0.8085 0.3138
vn 0.0260 0.7542 0.6561
vn -0.7852 0.0547 0.6169
vn 0.8648 0.4812 0.1431
vn 0.4879 -0.8699 -0.0723
vn 0.8252 -0.4925 -0.2764
vn -0.8252 -0.4925 -0.2764
vn -0.4879 -0.8699 -0.0723
vn -0.8648 0.4812 0.1431
vn 0.8648 0.4812 0.1432
vn 0.8282 0.5567 -0.0651
vn -0.8282 0.5567 -0.0651
vn -0.8648 0.4812 0.1432
vn 0.4390 0.8666 0.2372
vn -0.0286 0.7394 0.6727
vn 0.8648 0.4813 0.1432
vn 0.0285 0.7393 0.6728
vn -0.4390 0.8666 0.2372
vn 0.8281 0.5567 -0.0651
vn -0.8281 0.5567 -0.0650
vn -0.8648 0.4813 0.1431
vn 0.4979 0.8085 0.3138
vn -0.8281 0.5567 -0.0651
vn -0.4978 0.8085 0.3138
vn 0.9651 0.2608 -0.0239
vn -0.9651 0.2608 -0.0239
vn 0.4978 0.8085 0.3139
vn -0.9651 0.2609 -0.0238
vn -0.4978 0.8085 0.3139
vn 0.9069 -0.0184 -0.4210
vn -0.9069 -0.0184 -0.4210
vn -0.8252 -0.4925 -0.2765
vn 0.9069 -0.0183 -0.4210
vn -0.9069 -0.0184 -0.4209
vn -0.9238 -0.0800 0.3745
vn -0.7838 0.4469 0.4312
vn 0.7829 0.4476 0.4322
vn 0.9238 -0.0800 0.3745
vn 0.1826 -0.0340 0.9826
vn -0.7838 0.4470 0.4311
vn -0.0259 0.7542 0.6561
vn 0.0260 0.7543 0.6560
vn 0.7838 0.4470 0.4311
vn 0.2625 0.6702 0.6942
vn 0.5790 0.7665 0.2778
vn 0.8078 0.2550 0.5315
vn -0.8077 0.2551 0.5315
vn -0.5790 0.7665 0.2777
vn -0.2625 0.6702 0.6942
vn 0.2626 0.6702 0.6942
vn 0.3315 0.1767 0.9268
vn -0.3315 0.1769 0.9267
vn -0.8078 0.2551 0.5315
vn -0.2626 0.6702 0.6942
vn -0.0844 0.4409 0.8936
vn 0.0844 0.4409 0.8936
vn 0.0286 0.7394 0.6727
vn -0.0843 0.4409 0.8936
vn 0.7732 0.2293 0.5913
vn -0.7732 0.2293 0.5913
vn 0.3315 0.1768 0.9268
vn 0.8077 0.2551 0.5315
vn 0.6152 -0.5975 0.5143
vn -0.6152 -0.5975 0.5144
vn -0.8077 0.2550 0.5315
vn -0.3315 0.1767 0.9268
vn 0.3314 0.1767 0.9268
vn 0.6152 -0.5974 0.5144
vn 0.1833 -0.8189 0.5439
vn -0.1833 -0.8189 0.5439
vn -0.6153 -0.5975 0.5143
vn -0.3314 0.1767 0.9268
vn 0.7731 0.2293 0.5914
vn -0.0666 -0.6558 0.7519
vn 0.0666 -0.6559 0.7519
vn -0.7731 0.2293 0.5914
vn -0.0666 -0.6559 0.7519
vn 0.9006 -0.3241 0.2895
vn -0.9007 -0.3240 0.2895
vn 0.8648 0.4813 0.1431
vn 0.7731 0.2294 0.5913
vn 0.9007 -0.3241 0.2895
vn -0.9007 -0.3241 0.2895
vn 0.4879 -0.8699 -0.0724
vn -0.9943 -0.0371 -0.1003
vn 0.9943 -0.0371 -0.1003
vn -0.9943 -0.0371 -0.1004
vn 0.7838 0.4469 0.4312
vn 0.9943 -0.0371 -0.1004
vn 0.5483 -0.2242 -0.8057
vn 0.0088 -0.4056 -0.9140
vn -0.0088 -0.4056 -0.9140
vn -0.5483 -0.2241 -0.8057
vn -0.7612 -0.2367 -0.6038
vn 0.4464 -0.1680 -0.8789
vn 0.7611 -0.2367 -0.6038
vn -0.7138 -0.5865 -0.3829
vn 0.7138 -0.5864 -0.3829
vn 0.7612 -0.2368 -0.6038
vn -0.7137 -0.5865 -0.3829
vn -0.3541 -0.9324 -0.0724
vn 0.3541 -0.9324 -0.0724
vn 0.7137 -0.5865 -0.3829
vn -0.7612 -0.2368 -0.6038
vn -0.0967 -0.8369 -0.5388
vn 0.0967 -0.8369 -0.5388
vn -0.0967 -0.8369 -0.5387
vn 0.7138 -0.5865 -0.3829
vn 0.8252 -0.4925 -0.2765
vn 0.4105 -0.8179 -0.4031
vn -0.5483 -0.2242 -0.8057
vn -0.4105 -0.8179 -0.4031
vn 0.5482 -0.2242 -0.8057
vn 0.4105 -0.8180 -0.4031
vn 0.0087 -0.4056 -0.9140
vn -0.0087 -0.4056 -0.9140
vn 0.0967 -0.8369 -0.5387
vn -0.4105 -0.8180 -0.4031
vn -0.9943 -0.0370 -0.1004
vn 0.9943 -0.0370 -0.1004
vn 0.7611 -0.2368 -0.6038
vn -0.9943 -0.0370 -0.1003
vn 0.9943 -0.0370 -0.1003
vn 0.5483 -0.2241 -0.8057
vn -0.7023 -0.0979 -0.7052
vn 0.4465 -0.1680 -0.8789
vn -0.0285 0.7393 0.6728
vn 0.0285 0.7393 0.6727
vn -0.4390 0.8666 0.2373
vn 0.1832 -0.8189 0.5439
vn -0.1832 -0.8189 0.5439
vn 0.0843 0.4409 0.8936
vn -0.3314 0.1768 0.9268
vn 0.3314 0.1768 0.9268
vn -0.2626 0.6701 0.6942
vn -0.0285 0.7393 0.6727
vn 0.6153 -0.5975 0.5143
vn 0.8078 0.2551 0.5315
vn -0.1464 0.1823 0.9723
vn 0.1464 0.1823 0.9723
vn -0.8078 0.2551 0.5314
vn -0.6152 -0.5975 0.5143
vn -0.1464 0.1822 0.9723
vn -0.1819 -0.7157 0.6743
vn 0.1818 -0.7157 0.6743
vn 0.1464 0.1822 0.9723
vn -0.1628 0.6573 0.7358
vn 0.1628 0.6574 0.7358
vn -0.5790 0.7665 0.2778
vn 0.8078 0.2551 0.5314
vn 0.1463 0.1823 0.9723
vn 0.1627 0.6574 0.7358
vn 0.0497 0.9530 0.2988
vn 0.0258 0.6202 0.7840
vn -0.1627 0.6574 0.7358
vn 0.1627 0.6574 0.7357
vn -0.0258 0.6201 0.7841
vn -0.0497 0.9530 0.2988
vn 0.1710 0.1710 0.9703
vn -0.1463 0.1822 0.9723
vn 0.1463 0.1822 0.9723
vn -0.1710 0.1710 0.9703
vn -0.0258 0.6202 0.7840
vn 0.0258 0.6201 0.7841
vn -0.1463 0.1823 0.9723
vn 0.0476 -0.9520 0.3025
vn -0.1818 -0.7157 0.6743
vn -0.0476 -0.9520 0.3024
vn 0.1819 -0.7157 0.6743
vn 0.2340 0.9485 0.2134
vn -0.2340 0.9485 0.2134
vn 0.5790 0.7665 0.2777
vn 0.4390 0.8666 0.2371
vn -0.5791 0.7665 0.2777
vn -0.1628 0.6574 0.7358
vn 0.0498 0.9530 0.2988
vn -0.0498 0.9530 0.2988
vn 0.0259 0.7543 0.6561
vn 0.2025 0.8748 0.4402
vn 0.3985 0.4441 0.8025
vn -0.3985 0.4440 0.8025
vn -0.2025 0.8748 0.4402
vn 0.3985 0.4440 0.8025
vn 0.1709 0.1711 0.9703
vn -0.1709 0.1710 0.9703
vn -0.2132 0.7031 0.6784
vn -0.2275 0.7894 0.5701
vn -0.0992 0.3136 0.9444
vn 0.0992 0.3136 0.9444
vn 0.2275 0.7894 0.5701
vn 0.2132 0.7031 0.6784
vn -0.0992 0.3135 0.9444
vn -0.5209 0.1646 0.8376
vn 0.5210 0.1647 0.8375
vn 0.0992 0.3135 0.9444
vn 0.2132 0.7030 0.6784
vn 0.1709 0.1710 0.9703
vn 0.2886 -0.7208 0.6302
vn -0.2886 -0.7208 0.6302
vn 0.1710 0.1709 0.9703
vn 0.2886 -0.7209 0.6301
vn 0.0476 -0.9520 0.3024
vn -0.0476 -0.9520 0.3025
vn -0.2886 -0.7209 0.6301
vn -0.1710 0.1711 0.9703
vn -0.5210 0.1646 0.8376
vn 0.0981 -0.6186 0.7795
vn -0.0981 -0.6186 0.7795
vn 0.5209 0.1647 0.8375
vn -0.0574 -0.9689 0.2408
vn 0.0574 -0.9689 0.2409
vn 0.5209 0.1646 0.8376
vn -0.5087 0.1647 0.8450
vn -0.6528 -0.4792 0.5867
vn 0.2887 -0.7208 0.6301
vn -0.2887 -0.7208 0.6301
vn 0.6528 -0.4792 0.5867
vn 0.5087 0.1648 0.8450
vn -0.5087 0.1648 0.8450
vn 0.3986 0.4440 0.8025
vn -0.3986 0.4440 0.8025
vn 0.5087 0.1647 0.8450
vn -0.6007 0.6064 0.5210
vn 0.5088 0.1647 0.8450
vn 0.6007 0.6064 0.5210
vn -0.6007 0.6063 0.5210
vn -0.1384 0.9512 0.2757
vn -0.0260 0.7542 0.6561
vn 0.0259 0.7542 0.6561
vn 0.1387 0.9512 0.2757
vn -0.2025 0.8748 0.4401
vn 0.1384 0.9512 0.2757
vn 0.2025 0.8748 0.4401
vn 0.0259 0.6201 0.7841
vn -0.0259 0.6201 0.7841
vn -0.5209 0.1647 0.8376
vn -0.0575 -0.9689 0.2409
vn -0.6528 -0.4791 0.5867
vn 0.0575 -0.9688 0.2409
vn 0.5209 0.1647 0.8376
vn -0.5209 0.1647 0.8375
vn 0.6528 -0.4791 0.5867
vn -0.7879 0.6047 0.1163
vn -0.2919 0.9086 0.2988
vn -0.7838 0.4469 0.4311
vn 0.2918 0.9086 0.2988
vn 0.7879 0.6047 0.1163
vn 0.2919 0.9086 0.2988
vn -0.2918 0.9086 0.2989
vn 0.2918 0.9086 0.2989
vn -0.2918 0.9086 0.2988
vn -0.2275 0.7895 0.5700
vn -0.2275 0.7895 0.5701
vn 0.2275 0.7895 0.5701
vn 0.6007 0.6063 0.5210
vn -0.8667 0.2597 0.4259
vn 0.8667 0.2597 0.4259
vn -0.9984 0.0478 0.0300
vn 0.9984 0.0478 0.0300
vn -0.8667 0.2598 0.4259
vn -0.5610 -0.8277 0.0112
vn -0.6924 -0.5872 0.4192
vn 0.6924 -0.5872 0.4192
vn 0.5611 -0.8277 0.0111
vn -0.6925 -0.5872 0.4192
vn 0.8667 0.2597 0.4260
vn 0.6925 -0.5872 0.4192
vn 0.7838 0.4469 0.4311
vn -0.9984 0.0479 0.0300
vn 0.9984 0.0479 0.0300
vn -0.3541 -0.9324 -0.0723
vn 0.5610 -0.8277 0.0112
vn 0.3540 -0.9324 -0.0724
vn -0.5610 -0.8277 0.0111
vn 0.9984 0.0478 0.0299
vn -0.0992 0.3136 0.9443
vn 0.6925 -0.5871 0.4191
vn 0.6925 -0.5871 0.4192
vn -0.3540 -0.9324 -0.0724
vn 0.3540 -0.9324 -0.0723
vn 0.0163 -0.9972 -0.0730
vn -0.0163 -0.9972 -0.0730
vn -0.0031 -0.9999 -0.0104
vn -0.6925 -0.5871 0.4192
vn -0.5611 -0.8277 0.0112
vn 0.5611 -0.8277 0.0112
vn 0.0031 -0.9999 -0.0104
vn 0.0981 -0.6186 0.7796
vn -0.0031 -0.9999 -0.0105
vn 0.0031 -0.9999 -0.0105
vn -0.0980 -0.6186 0.7796
vn 0.0980 -0.6186 0.7796
vn 0.0574 -0.9689 0.2408
vn 0.0449 -0.9990 0.0040
vn -0.0318 -0.9988 0.0370
vn 0.0318 -0.9988 0.0370
vn -0.0449 -0.9990 0.0040
vn 0.0449 -0.9990 0.0039
vn -0.0449 -0.9990 0.0039
vn 0.8253 -0.4925 -0.2765
vn 0.0450 -0.9990 0.0040
vn -0.0450 -0.9990 0.0040
vn -0.8253 -0.4925 -0.2765
vn -0.0319 -0.9988 0.0371
vn 0.0319 -0.9988 0.0371
vn -0.0318 -0.9988 0.0371
vn -0.0317 -0.9983 -0.0499
vn 0.0317 -0.9983 -0.0499
vn 0.0318 -0.9988 0.0371
vn -0.0317 -0.9982 -0.0499
vn -0.0207 -0.9967 0.0788
vn 0.0207 -0.9967 0.0788
vn 0.0317 -0.9982 -0.0499
vn 0.0163 -0.9972 -0.0729
vn -0.0163 -0.9972 -0.0729
vn -0.0317 -0.9982 -0.0500
vn -0.0104 -0.9992 0.0396
vn 0.0105 -0.9992 0.0396
vn 0.0317 -0.9982 -0.0500
vn -0.0104 -0.9992 0.0397
vn -0.0500 -0.9987 0.0024
vn 0.0500 -0.9987 0.0024
vn 0.0104 -0.9992 0.0397
vn -0.0575 -0.9689 0.2408
vn -0.0574 -0.9689 0.2409
vn 0.0500 -0.9987 0.0023
vn -0.0500 -0.9987 0.0023
vn 0.0575 -0.9689 0.2409
vn 0.2887 -0.7208 0.6302
vn -0.2887 -0.7208 0.6302
vn 0.0477 -0.9520 0.3024
vn -0.0501 -0.9987 0.0023
vn 0.0501 -0.9987 0.0023
vn -0.2886 -0.7208 0.6301
vn -0.0477 -0.9520 0.3024
vn 0.0096 -0.9991 0.0407
vn -0.4879 -0.8699 -0.0724
vn -0.0096 -0.9991 0.0407
vn 0.0104 -0.9992 0.0396
vn -0.0105 -0.9992 0.0396
vn 0.0096 -0.9991 0.0408
vn -0.0096 -0.9991 0.0408
vn -0.0665 -0.6559 0.7519
vn -0.9007 -0.3241 0.2894
vn 0.0097 -0.9991 0.0408
vn -0.0097 -0.9991 0.0408
vn 0.6153 -0.5974 0.5144
vn -0.6153 -0.5974 0.5143
vn 0.6152 -0.5974 0.5143
vn -0.0105 -0.9992 0.0397
vn 0.0105 -0.9992 0.0397
vn 0.0501 -0.9987 0.0024
vn 0.5678 -0.6641 0.4864
vn -0.4049 -0.5047 0.7624
vn -0.0783 -0.9968 0.0189
vn 0.0783 -0.9968 0.0189
vn 0.4049 -0.5047 0.7625
vn -0.5678 -0.6641 0.4864
vn 0.5678 -0.6641 0.4865
vn -0.0016 -0.9998 -0.0185
vn 0.0016 -0.9998 -0.0185
vn 0.0229 -0.6673 0.7444
vn -0.4049 -0.5047 0.7625
vn -0.0229 -0.6674 0.7444
vn 0.0280 -0.9333 0.3580
vn -0.0280 -0.9333 0.3580
vn -0.0016 -0.9998 -0.0184
vn -0.0196 -0.9987 0.0479
vn 0.0196 -0.9987 0.0479
vn 0.0016 -0.9998 -0.0184
vn 0.5038 -0.8637 -0.0135
vn 0.9095 -0.3042 0.2834
vn -0.1383 -0.7300 0.6693
vn 0.1382 -0.7300 0.6693
vn -0.9094 -0.3042 0.2835
vn -0.5038 -0.8637 -0.0135
vn -0.1382 -0.7300 0.6693
vn -0.0197 -0.9987 0.0479
vn 0.0197 -0.9987 0.0479
vn 0.0045 -1.0000 -0.0074
vn -0.0045 -1.0000 -0.0074
vn -0.0172 -0.9998 0.0030
vn 0.0172 -0.9998 0.0030
vn 0.0229 -0.6674 0.7444
vn 0.3040 -0.6976 0.6488
vn -0.0782 -0.9968 0.0189
vn 0.0782 -0.9968 0.0189
vn -0.3040 -0.6976 0.6488
vn -0.0229 -0.6673 0.7444
vn -0.1712 -0.9806 0.0958
vn 0.1712 -0.9806 0.0958
vn -0.1712 -0.9806 0.0959
vn 0.3040 -0.6977 0.6487
vn -0.7900 -0.4104 0.4554
vn 0.7900 -0.4104 0.4554
vn -0.3040 -0.6977 0.6487
vn 0.1713 -0.9806 0.0958
vn -0.1713 -0.9806 0.0958
vn 0.0152 -0.9970 -0.0761
vn -0.1277 -0.9918 0.0109
vn 0.1277 -0.9918 0.0108
vn -0.0152 -0.9970 -0.0761
vn 0.1277 -0.9918 0.0109
vn -0.1277 -0.9918 0.0108
vn 0.0089 -0.9999 0.0128
vn -0.0089 -0.9999 0.0128
vn -0.0046 -1.0000 -0.0074
vn 0.0046 -1.0000 -0.0074
vn 0.8261 -0.5490 -0.1266
vn -0.8261 -0.5490 -0.1266
vn -0.4090 -0.9125 0.0001
vn 0.4089 -0.9126 -0.0000
vn -0.4090 -0.9126 -0.0000
vn -0.0798 -0.9968 0.0015
vn 0.0798 -0.9968 0.0015
vn 0.4090 -0.9126 -0.0000
vn -0.0797 -0.9968 0.0014
vn 0.0088 -0.9999 0.0128
vn -0.0088 -0.9999 0.0128
vn 0.0797 -0.9968 0.0014
vn -0.0797 -0.9968 0.0015
vn 0.0797 -0.9968 0.0015
vn 0.2985 -0.6187 0.7267
vn -0.7502 -0.6134 0.2469
vn 0.0153 -0.9970 -0.0761
vn -0.0153 -0.9970 -0.0761
vn 0.7502 -0.6134 0.2469
vn -0.2986 -0.6187 0.7267
vn 0.2986 -0.6186 0.7268
vn -0.1698 -0.9806 0.0983
vn 0.1712 -0.9806 0.0959
vn -0.2985 -0.6186 0.7268
vn -0.7501 -0.6134 0.2470
vn -0.4090 -0.9125 -0.0000
vn 0.4090 -0.9125 -0.0000
vn 0.7501 -0.6134 0.2470
vn 0.8262 -0.5490 -0.1266
vn -0.8262 -0.5490 -0.1266
vn -0.1539 0.3357 0.9293
vn -0.8894 0.3119 0.3343
vn 0.7502 -0.6134 0.2470
vn 0.8893 0.3119 0.3344
vn 0.1539 0.3357 0.9293
vn -0.1540 0.3357 0.9293
vn 0.2986 -0.6185 0.7268
vn -0.2985 -0.6187 0.7268
vn 0.7502 -0.6133 0.2469
vn 0.1540 0.3357 0.9293
vn -0.9982 -0.0463 -0.0388
vn -0.4089 -0.9126 -0.0000
vn 0.4090 -0.9126 0.0001
vn 0.9982 -0.0463 -0.0388
vn -0.7502 -0.6134 0.2470
vn 0.8894 0.3119 0.3343
vn -0.7435 0.6500 0.1575
vn 0.7435 0.6500 0.1575
vn -0.8893 0.3119 0.3343
vn -0.3593 0.7177 0.5964
vn 0.3593 0.7177 0.5964
vn 0.8893 0.3119 0.3343
vn -0.8893 0.3119 0.3344
vn -0.1540 0.3356 0.9293
vn 0.1540 0.3356 0.9293
vn -0.4660 0.2699 0.8426
vn -0.6261 0.1925 0.7556
vn -0.5794 0.6385 0.5065
vn 0.5794 0.6385 0.5065
vn 0.6261 0.1925 0.7556
vn 0.4660 0.2699 0.8426
vn -0.4661 0.2699 0.8426
vn -0.1554 0.6169 0.7715
vn 0.1552 0.6164 0.7720
vn 0.4661 0.2699 0.8426
vn -0.2915 0.8791 0.3772
vn 0.2915 0.8790 0.3773
vn 0.1554 0.6169 0.7715
vn -0.3594 0.7177 0.5964
vn -0.1553 0.6169 0.7716
vn -0.2916 0.8790 0.3773
vn 0.2916 0.8790 0.3772
vn 0.1554 0.6158 0.7724
vn 0.3594 0.7178 0.5964
vn -0.3593 0.7178 0.5964
vn -0.2916 0.8790 0.3772
vn -0.7434 0.6500 0.1575
vn 0.7434 0.6500 0.1575
vn 0.0664 0.8322 0.5505
vn -0.1651 0.9583 0.2331
vn -0.2915 0.8790 0.3772
vn 0.2915 0.8790 0.3772
vn 0.1651 0.9583 0.2331
vn -0.0663 0.8322 0.5505
vn 0.0663 0.8322 0.5505
vn 0.5794 0.6385 0.5066
vn 0.7900 -0.4105 0.4554
vn -0.6261 0.1924 0.7557
vn -0.0125 0.9266 0.3757
vn -0.1652 0.9583 0.2331
vn 0.1652 0.9583 0.2331
vn 0.0125 0.9266 0.3757
vn -0.0125 0.9267 0.3757
vn -0.0692 0.6681 0.7408
vn 0.0692 0.6682 0.7408
vn -0.0664 0.8322 0.5505
vn 0.0125 0.9267 0.3757
vn -0.6261 0.1924 0.7556
vn 0.2821 0.5335 0.7973
vn -0.2821 0.5335 0.7973
vn 0.6261 0.1924 0.7556
vn -0.5794 0.6386 0.5065
vn 0.2821 0.5335 0.7974
vn -0.2821 0.5335 0.7974
vn 0.5794 0.6386 0.5065
vn -0.7900 -0.4105 0.4554
vn 0.3041 -0.6976 0.6487
vn 0.2821 0.5336 0.7973
vn -0.2822 0.5335 0.7973
vn -0.3040 -0.6976 0.6487
vn -0.2985 -0.6187 0.7267
vn 0.2985 -0.6186 0.7268
vn 0.1085 0.2817 0.9533
vn -0.2821 0.5336 0.7973
vn -0.1085 0.2817 0.9533
vn 0.1085 0.2818 0.9533
vn 0.3039 -0.6976 0.6488
vn -0.0230 -0.6674 0.7443
vn -0.1085 0.2818 0.9533
vn -0.1553 0.6169 0.7715
vn -0.3594 0.7178 0.5964
vn 0.3594 0.7177 0.5964
vn 0.1553 0.6169 0.7716
vn -0.1554 0.6169 0.7716
vn -0.4660 0.2700 0.8426
vn -0.0693 0.6681 0.7408
vn 0.2822 0.5335 0.7973
vn 0.0693 0.6681 0.7408
vn 0.5155 0.7630 0.3899
vn 0.1743 0.9700 0.1692
vn -0.0124 0.9267 0.3757
vn 0.0124 0.9266 0.3757
vn -0.1744 0.9700 0.1692
vn -0.5155 0.7630 0.3899
vn 0.5155 0.7630 0.3900
vn -0.0124 0.9266 0.3757
vn -0.1955 0.6758 0.7107
vn 0.1954 0.6758 0.7107
vn -0.5155 0.7630 0.3900
vn 0.3382 0.8880 0.3114
vn 0.1744 0.9700 0.1692
vn -0.1743 0.9700 0.1692
vn -0.3382 0.8881 0.3114
vn 0.3382 0.8881 0.3114
vn 0.0088 0.6448 0.7643
vn -0.0088 0.6448 0.7643
vn 0.0229 -0.6674 0.7443
vn 0.4049 -0.5047 0.7624
vn -0.0229 -0.6674 0.7443
vn -0.1086 0.2817 0.9533
vn -0.2397 0.2541 0.9370
vn 0.2397 0.2542 0.9370
vn 0.1050 0.2776 0.9550
vn 0.2397 0.2541 0.9370
vn -0.1086 0.2818 0.9533
vn 0.0692 0.6681 0.7408
vn -0.0692 0.6682 0.7408
vn -0.2397 0.2540 0.9370
vn -0.1954 0.6758 0.7107
vn 0.0692 0.6681 0.7409
vn 0.0124 0.9267 0.3757
vn 0.7120 0.3521 0.6074
vn 0.1955 0.6757 0.7107
vn -0.7120 0.3521 0.6075
vn 0.7121 0.3521 0.6074
vn 0.2397 0.2540 0.9370
vn -0.7121 0.3521 0.6074
vn 0.5677 -0.6641 0.4864
vn 0.7121 0.3522 0.6074
vn -0.5677 -0.6641 0.4865
vn 0.0088 0.6449 0.7643
vn 0.1267 0.1563 0.9795
vn -0.3556 0.4756 0.8046
vn 0.3556 0.4756 0.8046
vn -0.1267 0.1563 0.9795
vn -0.0088 0.6449 0.7643
vn -0.2368 0.6748 0.6989
vn 0.2368 0.6748 0.6990
vn 0.1268 0.1563 0.9795
vn 0.0281 -0.9333 0.3581
vn -0.0281 -0.9333 0.3580
vn -0.1268 0.1563 0.9795
vn -0.1382 -0.7301 0.6692
vn 0.1383 -0.7301 0.6692
vn 0.3382 0.8880 0.3115
vn 0.0087 0.6448 0.7643
vn -0.2368 0.6748 0.6990
vn 0.2368 0.6748 0.6989
vn -0.0087 0.6448 0.7643
vn -0.3382 0.8880 0.3114
vn 0.8428 0.4934 0.2148
vn 0.7426 0.3003 0.5986
vn -0.9095 -0.3042 0.2834
vn -0.7426 0.3003 0.5986
vn -0.8428 0.4934 0.2148
vn 0.8429 0.4934 0.2148
vn -0.5038 -0.8637 -0.0134
vn -0.8429 0.4934 0.2147
vn 0.3556 0.4757 0.8046
vn 0.1382 -0.7301 0.6693
vn -0.7427 0.3003 0.5986
vn 0.7120 0.3521 0.6075
vn 0.5677 -0.6641 0.4865
vn 0.1268 0.1564 0.9795
vn 0.5677 -0.6642 0.4864
vn -0.5677 -0.6642 0.4864
vn -0.1268 0.1564 0.9795
vn -0.2369 0.6748 0.6989
vn 0.3556 0.4757 0.8045
vn 0.2369 0.6748 0.6990
vn -0.8428 0.4935 0.2148
vn 0.8429 0.4934 0.2147
vn 0.7427 0.3003 0.5985
vn -0.7427 0.3003 0.5985
vn -0.8429 0.4934 0.2148
vn 0.7121 0.3521 0.6075
vn -0.7120 0.3522 0.6074
vn 0.3383 0.8880 0.3114
vn -0.2369 0.6748 0.6990
vn 0.8428 0.4935 0.2148
vn -0.3383 0.8880 0.3114
vn 0.8428 0.4935 0.2147
vn 0.7585 0.6508 0.0337
vn -0.7585 0.6509 0.0337
vn 0.5038 -0.8637 -0.0136
vn 0.8261 -0.5491 -0.1267
vn -0.8261 -0.5491 -0.1266
vn -0.7585 0.6508 0.0337
vn -0.2014 0.9264 0.3181
vn -0.1651 0.9583 0.2330
vn 0.1651 0.9583 0.2330
vn 0.2015 0.9264 0.3181
vn 0.3656 0.8561 0.3654
vn 0.1743 0.9701 0.1691
vn -0.1743 0.9700 0.1691
vn -0.3656 0.8561 0.3653
vn -0.2015 0.9264 0.3181
vn 0.3656 0.8560 0.3654
vn -0.3656 0.8561 0.3654
vn -0.1870 0.4478 0.8744
vn -0.3656 0.8560 0.3654
vn 0.1871 0.4478 0.8743
vn -0.2015 0.9264 0.3182
vn -0.1743 0.9701 0.1691
vn -0.6700 0.7266 0.1522
vn 0.6700 0.7266 0.1522
vn -0.1870 0.4477 0.8744
vn 0.2015 0.9264 0.3182
vn 0.8891 0.2083 0.4076
vn -0.1651 0.9584 0.2330
vn 0.1651 0.9584 0.2330
vn 0.6700 0.7266 0.1521
vn -0.6700 0.7266 0.1521
vn -0.1652 0.9583 0.2330
vn 0.1652 0.9583 0.2330
vn -0.9305 -0.2208 -0.2923
vn -0.9859 0.1652 -0.0259
vn 0.9859 0.1652 -0.0259
vn 0.9305 -0.2208 -0.2923
vn -0.9982 -0.0464 -0.0387
vn 0.9982 -0.0464 -0.0388
vn 0.9357 0.3526 0.0115
vn -0.9357 0.3526 0.0114
vn 0.7585 0.6508 0.0336
vn 0.8261 -0.5491 -0.1266
vn 0.7464 -0.6237 -0.2322
vn -0.7464 -0.6237 -0.2322
vn -0.9357 0.3526 0.0115
vn 0.1533 -0.9555 -0.2521
vn 0.7464 -0.6236 -0.2322
vn -0.7464 -0.6236 -0.2322
vn -0.1532 -0.9555 -0.2521
vn -0.3020 -0.9097 -0.2852
vn 0.1532 -0.9555 -0.2521
vn 0.3020 -0.9097 -0.2852
vn 0.1533 -0.9555 -0.2520
vn -0.0798 -0.9968 0.0014
vn -0.5933 -0.7796 -0.2009
vn 0.5932 -0.7796 -0.2009
vn 0.0798 -0.9968 0.0014
vn -0.5932 -0.7796 -0.2009
vn -0.3020 -0.9096 -0.2852
vn 0.9357 0.3527 0.0114
vn 0.9490 0.2545 0.1860
vn -0.9490 0.2545 0.1860
vn 0.9832 0.1620 -0.0842
vn 0.8492 -0.2915 -0.4403
vn -0.8492 -0.2915 -0.4404
vn -0.9490 0.2545 0.1859
vn 0.8492 -0.2915 -0.4404
vn 0.7178 -0.1410 -0.6819
vn -0.8492 -0.2915 -0.4403
vn -0.5182 -0.6567 -0.5479
vn -0.8381 -0.4755 -0.2675
vn 0.8381 -0.4755 -0.2675
vn 0.5182 -0.6567 -0.5479
vn -0.8381 -0.4754 -0.2675
vn -0.9859 0.1651 -0.0259
vn 0.9859 0.1651 -0.0259
vn 0.8381 -0.4754 -0.2675
vn -0.5182 -0.6568 -0.5478
vn -0.3020 -0.9096 -0.2853
vn -0.5932 -0.7795 -0.2009
vn 0.3020 -0.9096 -0.2853
vn 0.5182 -0.6568 -0.5478
vn 0.1519 -0.6594 -0.7363
vn -0.5181 -0.6567 -0.5479
vn -0.1518 -0.6595 -0.7362
vn -0.1681 -0.3469 -0.9227
vn 0.5181 -0.6568 -0.5479
vn 0.1518 -0.6594 -0.7363
vn -0.1518 -0.6594 -0.7363
vn -0.5181 -0.6568 -0.5479
vn 0.8491 -0.2916 -0.4404
vn 0.1518 -0.6595 -0.7362
vn -0.8491 -0.2915 -0.4404
vn -0.1518 -0.6595 -0.7363
vn -0.7178 -0.1410 -0.6819
vn 0.8492 -0.2916 -0.4403
vn -0.1533 -0.9555 -0.2521
vn -0.8492 -0.2916 -0.4404
vn 0.1518 -0.6595 -0.7363
vn -0.8492 -0.2916 -0.4403
vn -0.3655 0.8561 0.3654
vn 0.6299 0.4622 0.6241
vn -0.6300 0.4622 0.6241
vn -0.0000 0.9931 0.1171
vn -0.0000 0.9764 0.2161
vn -0.2859 0.9339 0.2146
vn -0.0000 0.9912 0.1325
vn 0.2977 0.9427 0.1503
vn 0.2851 0.9577 0.0390
vn -0.2851 0.9577 0.0390
vn -0.2978 0.9427 0.1503
vn -0.0000 1.0000 -0.0038
vn 0.2978 0.9427 0.1503
vn 0.2852 0.9577 0.0390
vn -0.2852 0.9577 0.0390
vn 0.6738 0.7385 0.0260
vn 0.2500 0.9668 -0.0531
vn -0.2500 0.9668 -0.0531
vn -0.6738 0.7385 0.0260
vn 0.2499 0.9668 -0.0531
vn -0.0000 0.9963 -0.0864
vn -0.0000 1.0000 -0.0039
vn -0.2499 0.9668 -0.0531
vn -0.2851 0.9577 0.0389
vn 0.6227 0.7801 -0.0606
vn 0.2292 0.9589 -0.1673
vn -0.2500 0.9668 -0.0530
vn -0.2292 0.9589 -0.1673
vn -0.6227 0.7801 -0.0606
vn 0.6738 0.7385 0.0259
vn 0.2291 0.9589 -0.1673
vn 0.0852 0.9366 -0.3398
vn -0.2291 0.9589 -0.1673
vn 0.7110 0.6703 0.2124
vn 0.2953 0.9306 0.2164
vn -0.2860 0.9339 0.2145
vn -0.2953 0.9306 0.2164
vn -0.7110 0.6703 0.2124
vn 0.2952 0.9306 0.2164
vn -0.0000 0.9783 0.2074
vn -0.2952 0.9306 0.2164
vn 0.2953 0.9306 0.2163
vn -0.2978 0.9427 0.1504
vn -0.7007 0.6976 0.1496
vn 0.7007 0.6976 0.1496
vn -0.2977 0.9427 0.1503
vn 0.2291 0.9589 -0.1674
vn 0.2314 0.8297 -0.5080
vn -0.2314 0.8297 -0.5080
vn -0.2291 0.9589 -0.1674
vn 0.2314 0.8297 -0.5081
vn -0.2314 0.8297 -0.5081
vn 0.6227 0.7801 -0.0607
vn 0.6791 0.6529 -0.3354
vn -0.6791 0.6529 -0.3354
vn -0.6227 0.7801 -0.0607
vn -0.2292 0.9589 -0.1674
vn 0.2292 0.9589 -0.1674
vn -0.2314 0.8296 -0.5081
vn 0.2314 0.8296 -0.5081
vn -0.2315 0.8296 -0.5081
vn -0.5728 0.5522 -0.6057
vn -0.0000 0.9538 -0.3005
vn 0.3333 0.9089 -0.2506
vn 0.3164 0.9291 -0.1917
vn -0.3164 0.9291 -0.1917
vn -0.3333 0.9089 -0.2506
vn -0.0000 0.9856 -0.1689
vn 0.3792 0.8771 -0.2949
vn -0.3791 0.8771 -0.2949
vn -0.3334 0.9089 -0.2506
vn 0.3334 0.9089 -0.2506
vn -0.3164 0.9291 -0.1916
vn 0.2363 0.9717 -0.0009
vn 0.3164 0.9291 -0.1916
vn -0.2363 0.9717 -0.0010
vn 0.4476 0.6669 -0.5958
vn 0.2363 0.9717 -0.0010
vn -0.0000 1.0000 -0.0081
vn -0.0000 0.9856 -0.1688
vn -0.0000 0.9857 -0.1688
vn 0.3163 0.9291 -0.1916
vn -0.3163 0.9291 -0.1916
vn 0.1730 0.9845 -0.0287
vn 0.2364 0.9717 -0.0009
vn -0.2364 0.9717 -0.0009
vn -0.2363 0.9717 -0.0009
vn -0.1729 0.9845 -0.0286
vn -0.0000 1.0000 0.0025
vn 0.3333 0.9089 -0.2505
vn -0.3333 0.9089 -0.2505
vn 0.8475 0.5295 -0.0358
vn -0.8475 0.5295 -0.0358
vn 0.9804 0.1957 -0.0216
vn -0.9804 0.1957 -0.0216
vn 0.9433 0.2788 -0.1800
vn 0.9804 0.1958 -0.0216
vn -0.9433 0.2788 -0.1800
vn 0.4089 -0.9126 -0.0001
vn -0.9982 -0.0464 -0.0388
vn 0.2150 0.9746 0.0621
vn -0.2150 0.9746 0.0621
vn 0.5235 0.6720 -0.5237
vn 0.4042 0.8383 -0.3658
vn -0.4042 0.8383 -0.3658
vn -0.5235 0.6720 -0.5237
vn 0.8789 0.0565 0.4737
vn -0.8789 0.0565 0.4737
vn 0.9615 0.0278 0.2734
vn -0.9615 0.0278 0.2734
vn -0.9433 0.2788 -0.1799
vn 0.9222 0.3175 0.2209
vn -0.8789 0.0565 0.4736
vn -0.9222 0.3175 0.2209
vn 0.8789 0.0565 0.4736
vn 0.9222 0.3175 0.2208
vn 0.9433 0.2788 -0.1799
vn 0.9222 0.3176 0.2208
vn -0.9222 0.3176 0.2208
vn 0.7071 -0.5677 0.4216
vn 0.7963 -0.2487 0.5515
vn 0.8067 -0.0487 0.5889
vn -0.8067 -0.0487 0.5889
vn -0.7963 -0.2487 0.5515
vn -0.7071 -0.5677 0.4216
vn 0.7963 -0.2486 0.5515
vn 0.7666 0.1163 0.6315
vn -0.7666 0.1163 0.6315
vn -0.7963 -0.2486 0.5515
vn 0.7070 -0.5678 0.4216
vn 0.3536 -0.8706 0.3420
vn 0.6154 -0.6599 0.4310
vn -0.6154 -0.6599 0.4310
vn -0.3536 -0.8706 0.3420
vn -0.7070 -0.5678 0.4216
vn -0.7070 -0.5677 0.4216
vn -0.6155 -0.6599 0.4310
vn -0.0000 0.4030 0.9152
vn 0.6468 0.2251 0.7287
vn 0.5646 0.2779 0.7772
vn -0.5646 0.2779 0.7772
vn -0.6468 0.2251 0.7287
vn 0.6469 0.2251 0.7286
vn 0.8067 -0.0486 0.5889
vn -0.8067 -0.0486 0.5889
vn -0.6469 0.2251 0.7286
vn 0.8002 -0.2211 0.5575
vn 0.8376 -0.3306 0.4349
vn -0.8376 -0.3306 0.4349
vn -0.8002 -0.2211 0.5575
vn -0.9273 -0.2100 0.3099
vn 0.7256 -0.5828 0.3658
vn 0.6676 -0.7162 0.2032
vn 0.8750 -0.4169 0.2463
vn -0.8750 -0.4169 0.2463
vn -0.6676 -0.7162 0.2032
vn -0.7256 -0.5828 0.3658
vn 0.8018 -0.3127 0.5092
vn 0.7467 -0.4020 0.5299
vn 0.6699 -0.2934 0.6820
vn -0.6699 -0.2934 0.6820
vn -0.7467 -0.4020 0.5299
vn -0.8018 -0.3127 0.5093
vn 0.8018 -0.3127 0.5093
vn 0.6378 -0.0704 0.7670
vn -0.6378 -0.0704 0.7670
vn -0.8018 -0.3128 0.5092
vn 0.7468 -0.4019 0.5299
vn 0.8375 -0.3306 0.4350
vn -0.8375 -0.3306 0.4350
vn -0.7468 -0.4019 0.5299
vn 0.6699 -0.2934 0.6821
vn 0.8002 -0.2211 0.5576
vn -0.8002 -0.2211 0.5576
vn -0.6699 -0.2934 0.6821
vn 0.8002 -0.2210 0.5575
vn 0.9087 -0.0950 0.4066
vn 0.8287 0.0695 0.5553
vn -0.8287 0.0695 0.5553
vn -0.9087 -0.0950 0.4066
vn -0.8002 -0.2210 0.5575
vn 0.8002 -0.2210 0.5576
vn -0.8002 -0.2210 0.5576
vn 0.5516 0.2426 0.7980
vn 0.3507 0.3037 0.8859
vn 0.4648 -0.0409 0.8845
vn -0.4648 -0.0409 0.8845
vn -0.3507 0.3037 0.8859
vn -0.5516 0.2426 0.7980
vn 0.4775 -0.2032 0.8548
vn -0.4775 -0.2032 0.8548
vn 0.3506 0.3037 0.8859
vn -0.0000 0.1150 0.9934
vn -0.0000 0.1151 0.9934
vn -0.5778 -0.3773 0.7238
vn 0.5778 -0.3774 0.7237
vn -0.4775 -0.2033 0.8548
vn -0.5778 -0.3774 0.7237
vn 0.6801 -0.2998 0.6691
vn 0.7309 -0.4774 0.4878
vn -0.7309 -0.4773 0.4878
vn -0.6800 -0.2998 0.6691
vn 0.8068 -0.0487 0.5889
vn 0.7309 -0.4773 0.4879
vn -0.7071 -0.5678 0.4216
vn -0.8068 -0.0487 0.5889
vn 0.6154 -0.6599 0.4309
vn 0.3536 -0.8707 0.3420
vn 0.3143 -0.8952 0.3161
vn -0.3143 -0.8952 0.3161
vn -0.3535 -0.8707 0.3420
vn -0.6154 -0.6599 0.4309
vn 0.5345 -0.8166 0.2180
vn -0.5345 -0.8166 0.2180
vn -0.6155 -0.6599 0.4309
vn 0.3535 -0.8707 0.3420
vn -0.0000 -0.9720 0.2349
vn -0.0000 -0.9712 0.2384
vn 0.3142 -0.8952 0.3161
vn -0.3142 -0.8952 0.3161
vn 0.7309 -0.4773 0.4878
vn 0.6800 -0.2998 0.6691
vn 0.6939 -0.6148 0.3748
vn -0.6940 -0.6148 0.3748
vn -0.6801 -0.2998 0.6691
vn -0.7308 -0.4773 0.4879
vn 0.7308 -0.4773 0.4879
vn 0.6940 -0.6148 0.3748
vn 0.5666 -0.7028 0.4303
vn -0.5666 -0.7027 0.4303
vn -0.6940 -0.6147 0.3748
vn 0.8053 -0.5238 0.2777
vn 0.6940 -0.6147 0.3748
vn -0.8053 -0.5238 0.2777
vn 0.5666 -0.7028 0.4302
vn -0.5666 -0.7028 0.4302
vn 0.5666 -0.7027 0.4302
vn 0.5872 -0.7163 0.3769
vn -0.5872 -0.7163 0.3769
vn -0.5666 -0.7027 0.4302
vn 0.4341 -0.8052 0.4040
vn 0.6115 -0.7206 0.3269
vn 0.8053 -0.5239 0.2777
vn -0.8053 -0.5239 0.2777
vn -0.6115 -0.7206 0.3269
vn -0.4341 -0.8052 0.4040
vn 0.6114 -0.7206 0.3268
vn -0.6114 -0.7206 0.3268
vn 0.6992 -0.6026 0.3847
vn -0.6992 -0.6026 0.3847
vn -0.5666 -0.7028 0.4303
vn 0.8053 -0.5238 0.2776
vn 0.6992 -0.6026 0.3846
vn -0.6992 -0.6026 0.3846
vn -0.8053 -0.5238 0.2776
vn 0.5872 -0.7163 0.3770
vn 0.6992 -0.6027 0.3847
vn -0.6992 -0.6027 0.3847
vn -0.5872 -0.7163 0.3770
vn 0.6114 -0.7206 0.3269
vn -0.6114 -0.7206 0.3269
vn 0.6991 -0.6027 0.3847
vn -0.6991 -0.6027 0.3847
vn 0.3245 -0.9423 -0.0828
vn 0.3426 -0.9344 -0.0974
vn -0.0000 -0.9903 -0.1389
vn -0.0001 -0.9903 -0.1388
vn -0.3426 -0.9344 -0.0974
vn -0.3245 -0.9423 -0.0828
vn 0.3245 -0.9423 -0.0827
vn -0.0000 -0.9903 -0.1388
vn -0.0000 -0.9945 -0.1044
vn 0.4845 -0.8720 0.0698
vn 0.3102 -0.9477 0.0751
vn -0.3103 -0.9477 0.0750
vn -0.3245 -0.9423 -0.0827
vn -0.4845 -0.8720 0.0698
vn -0.0000 -0.9958 0.0911
vn 0.3637 -0.9249 0.1107
vn 0.3677 -0.8799 0.3010
vn -0.3677 -0.8799 0.3010
vn -0.3637 -0.9249 0.1107
vn 0.0001 -0.9958 0.0911
vn 0.0001 -0.9183 0.3958
vn -0.0000 -0.9184 0.3958
vn -0.0000 -0.9183 0.3958
vn 0.2807 -0.4166 0.8647
vn -0.2807 -0.4166 0.8647
vn 0.2808 -0.4166 0.8646
vn -0.0000 -0.4871 0.8734
vn -0.2808 -0.4166 0.8647
vn 0.3677 -0.8799 0.3011
vn 0.6290 -0.7302 0.2666
vn 0.6304 -0.1437 0.7629
vn -0.6304 -0.1437 0.7628
vn -0.6290 -0.7302 0.2666
vn -0.3677 -0.8799 0.3011
vn 0.3678 -0.8799 0.3010
vn 0.6304 -0.1437 0.7628
vn -0.3678 -0.8799 0.3010
vn 0.0001 -0.9980 -0.0632
vn -0.0001 -0.9980 -0.0632
vn -0.3245 -0.9422 -0.0827
vn -0.3102 -0.9477 0.0751
vn 0.6373 0.7672 -0.0728
vn -0.6373 0.7672 -0.0728
vn 0.6171 0.7865 0.0222
vn 0.0422 -0.3474 -0.9368
vn 0.1246 -0.8708 -0.4756
vn 0.6145 -0.6180 -0.4904
vn -0.6145 -0.6180 -0.4904
vn 0.4031 -0.0448 -0.9140
vn -0.4031 -0.0448 -0.9140
vn 0.0421 -0.3475 -0.9367
vn 0.6145 -0.6180 -0.4903
vn -0.6146 -0.6180 -0.4903
vn -0.5205 0.3239 -0.7901
vn 0.5667 0.7871 -0.2436
vn -0.5667 0.7871 -0.2436
vn 0.0621 0.6349 0.7701
vn 0.0963 0.7063 0.7013
vn -0.0000 0.9453 0.3262
vn -0.0963 0.7063 0.7013
vn -0.0621 0.6349 0.7701
vn -0.0000 0.4387 0.8987
vn -0.0000 0.4386 0.8987
vn -0.0620 0.6349 0.7701
vn -0.1982 -0.9107 -0.3625
vn -0.1394 -0.9595 -0.2448
vn -0.0001 -0.9766 -0.2151
vn 0.0001 -0.9766 -0.2151
vn 0.1395 -0.9595 -0.2447
vn 0.1981 -0.9107 -0.3625
vn -0.0000 -0.9766 -0.2151
vn -0.0000 -0.8582 -0.5133
vn 0.1982 -0.9107 -0.3625
vn -0.5489 -0.5914 0.5907
vn -0.0000 -0.9869 -0.1613
vn 0.5489 -0.5914 0.5907
vn -0.0001 -0.9869 -0.1613
vn -0.0000 -0.7964 0.6047
vn 0.0001 -0.9869 -0.1613
vn 0.5490 -0.5914 0.5906
vn -0.5490 -0.5914 0.5907
vn -0.0000 -0.7965 0.6047
vn -0.3100 0.6579 0.6864
vn 0.3100 0.6579 0.6864
vn 0.6016 0.7987 0.0132
vn 0.6890 0.7236 0.0408
vn 0.7062 -0.7080 0.0069
vn -0.7515 -0.6597 0.0087
vn -0.7063 -0.7079 0.0070
vn 0.1247 -0.8708 -0.4756
vn 0.7784 -0.6267 0.0375
vn -0.7784 -0.6267 0.0375
vn -0.6146 -0.6180 -0.4904
vn -0.7784 -0.6266 0.0374
vn 0.8317 0.4941 -0.2534
vn -0.8317 0.4941 -0.2534
vn 0.8317 0.4941 -0.2533
vn -0.8317 0.4941 -0.2533
vn 0.6986 0.7155 -0.0071
vn 0.6373 0.7671 -0.0727
vn -0.6373 0.7671 -0.0728
vn 0.6986 0.7154 -0.0070
vn 0.6373 0.7671 -0.0728
vn 0.8317 0.4941 -0.2532
vn -0.8317 0.4941 -0.2532
vn -0.6986 0.7154 -0.0070
vn 0.8901 0.4537 0.0431
vn -0.8901 0.4537 0.0431
vn 0.6891 0.7235 0.0408
vn -0.6891 0.7235 0.0408
vn 0.6146 -0.6180 -0.4903
vn 0.6740 0.4959 -0.5476
vn -0.5206 0.3239 -0.7900
vn -0.6739 0.4959 -0.5476
vn -0.6145 -0.6180 -0.4903
vn 0.6739 0.4958 -0.5477
vn -0.6739 0.4958 -0.5477
vn 0.3614 0.8056 -0.4694
vn 0.5235 0.6720 -0.5238
vn 0.6739 0.4959 -0.5476
vn -0.5235 0.6720 -0.5238
vn -0.4042 0.8384 -0.3658
vn 0.6739 0.4959 -0.5477
vn -0.5205 0.3240 -0.7900
vn -0.6740 0.4959 -0.5476
vn 0.8317 0.4940 -0.2533
vn -0.8317 0.4940 -0.2533
vn 0.0029 0.9789 -0.2045
vn -0.0030 0.9789 -0.2045
vn 0.0030 0.9789 -0.2045
vn -0.0000 0.9998 -0.0212
vn -0.6986 0.7155 -0.0070
vn -0.6890 0.7236 0.0407
vn -0.7062 -0.7080 0.0069
vn 0.8901 0.4536 0.0432
vn 0.8949 0.4455 0.0257
vn 0.7626 -0.6460 0.0332
vn 0.7063 -0.7079 0.0069
vn 0.6891 0.7236 0.0407
vn -0.8949 0.4454 0.0258
vn -0.0000 0.9999 -0.0169
vn 0.0001 0.9999 -0.0169
vn -0.0000 0.9998 0.0191
vn -0.0000 0.9999 -0.0168
vn -0.3162 0.8605 -0.3995
vn 0.3162 0.8605 -0.3995
vn -0.6740 0.4958 -0.5476
vn 0.0029 0.9788 -0.2046
vn -0.0030 0.9788 -0.2046
vn 0.7827 0.2252 0.5803
vn -0.7827 0.2252 0.5803
vn 0.7826 0.2252 0.5803
vn 0.7674 0.3390 0.5441
vn -0.7674 0.3390 0.5441
vn -0.7826 0.2252 0.5803
vn 0.9987 -0.0474 0.0189
vn 0.9954 -0.0774 -0.0568
vn -0.9954 -0.0774 -0.0568
vn -0.9987 -0.0474 0.0189
vn 0.9079 -0.1498 -0.3914
vn -0.9080 -0.1498 -0.3914
vn 0.9875 0.1174 -0.1050
vn -0.9875 0.1174 -0.1050
vn 0.9875 0.1173 -0.1050
vn 0.9544 0.1231 0.2718
vn 0.9525 -0.1520 0.2637
vn -0.9875 0.1173 -0.1050
vn 0.9928 0.0854 0.0838
vn 0.9875 0.1174 -0.1049
vn 0.7666 0.1164 0.6315
vn 0.6840 0.1395 0.7160
vn 0.7022 0.3056 0.6431
vn -0.7022 0.3056 0.6431
vn -0.6840 0.1395 0.7160
vn -0.7666 0.1164 0.6315
vn 0.7022 0.3057 0.6430
vn 0.5646 0.2779 0.7771
vn -0.5646 0.2779 0.7771
vn -0.7022 0.3057 0.6431
vn 0.5646 0.2780 0.7772
vn -0.0000 0.4120 0.9112
vn -0.0000 0.4029 0.9152
vn 0.3647 0.0479 0.9299
vn -0.3647 0.0479 0.9299
vn 0.7022 0.3057 0.6431
vn 0.4611 0.3583 0.8118
vn -0.4611 0.3582 0.8118
vn 0.4610 0.3583 0.8119
vn 0.0001 0.4250 0.9052
vn -0.0001 0.4250 0.9052
vn -0.4610 0.3583 0.8119
vn -0.4610 0.3583 0.8118
vn 0.6117 0.1802 0.7703
vn -0.6117 0.1802 0.7703
vn 0.6117 0.1801 0.7703
vn -0.6117 0.1801 0.7703
vn -0.0000 0.1132 0.9936
vn 0.6468 0.2251 0.7286
vn -0.0000 -0.2994 0.9541
vn -0.0000 -0.2995 0.9541
vn -0.0000 0.1133 0.9936
vn 0.5385 -0.5595 0.6301
vn -0.5385 -0.5595 0.6301
vn -0.0000 -0.6683 0.7439
vn -0.0000 -0.9427 0.3336
vn -0.0000 -0.9427 0.3337
vn -0.5385 -0.5594 0.6301
vn 0.5385 -0.5594 0.6301
vn 0.3075 -0.9203 0.2419
vn -0.3075 -0.9203 0.2419
vn 0.3074 -0.9203 0.2419
vn -0.3536 -0.8707 0.3420
vn -0.3074 -0.9203 0.2419
vn -0.0000 -0.9844 0.1757
vn -0.3074 -0.9203 0.2418
vn -0.0000 -0.9844 0.1758
vn 0.3074 -0.9203 0.2418
vn -0.0000 -0.9721 0.2348
vn 0.4195 -0.2880 0.8609
vn 0.4648 -0.0410 0.8845
vn -0.4648 -0.0410 0.8845
vn -0.4195 -0.2879 0.8609
vn 0.5158 -0.3159 0.7964
vn 0.5454 -0.2996 0.7828
vn 0.4195 -0.2879 0.8609
vn -0.5454 -0.2996 0.7828
vn -0.5158 -0.3159 0.7964
vn -0.4195 -0.2880 0.8609
vn -0.5157 -0.3159 0.7964
vn 0.4775 -0.2033 0.8548
vn 0.4196 -0.2880 0.8608
vn -0.4196 -0.2880 0.8608
vn -0.0000 0.1149 0.9934
vn -0.0000 -0.1003 0.9950
vn 0.3922 -0.1084 0.9135
vn -0.3922 -0.1084 0.9135
vn -0.0001 0.1150 0.9934
vn 0.3646 0.0479 0.9299
vn -0.3646 0.0479 0.9299
vn -0.3921 -0.1084 0.9135
vn 0.5937 -0.2406 0.7679
vn -0.5937 -0.2406 0.7679
vn 0.0001 -0.1003 0.9950
vn -0.0000 0.0979 0.9952
vn 0.5038 -0.0910 0.8590
vn -0.5038 -0.0910 0.8590
vn -0.0001 -0.1003 0.9950
vn 0.3922 -0.1085 0.9135
vn 0.0001 0.0979 0.9952
vn -0.0000 0.3328 0.9430
vn 0.5654 0.2323 0.7914
vn -0.5654 0.2323 0.7914
vn -0.0000 0.3329 0.9430
vn -0.5038 -0.0909 0.8590
vn 0.5937 -0.2407 0.7678
vn 0.6346 -0.1373 0.7605
vn 0.4195 -0.2880 0.8608
vn -0.6346 -0.1373 0.7605
vn -0.5937 -0.2407 0.7678
vn 0.5967 -0.0929 0.7971
vn 0.6069 0.1289 0.7842
vn -0.6069 0.1289 0.7842
vn 0.6840 0.1395 0.7161
vn 0.6069 0.1290 0.7842
vn 0.6680 0.2047 0.7154
vn -0.6680 0.2047 0.7154
vn -0.6069 0.1290 0.7842
vn -0.6840 0.1395 0.7161
vn -0.7022 0.3057 0.6430
vn 0.5372 -0.1691 0.8263
vn -0.5372 -0.1691 0.8263
vn 0.6680 0.2046 0.7155
vn -0.6680 0.2047 0.7155
vn 0.5655 0.2323 0.7914
vn 0.4611 0.3582 0.8118
vn -0.5655 0.2323 0.7914
vn -0.6681 0.2047 0.7154
vn -0.0000 0.4250 0.9052
vn 0.4610 0.3583 0.8118
vn 0.5937 -0.2406 0.7678
vn -0.5937 -0.2406 0.7678
vn 0.3923 -0.1084 0.9134
vn 0.3648 0.0479 0.9299
vn -0.3923 -0.1084 0.9134
vn 0.5039 -0.0910 0.8590
vn 0.6347 -0.1373 0.7605
vn -0.6347 -0.1373 0.7605
vn -0.5039 -0.0910 0.8590
vn -0.3922 -0.1085 0.9135
vn 0.6347 -0.1372 0.7605
vn -0.6347 -0.1372 0.7605
vn 0.5038 -0.0909 0.8590
vn 0.2734 -0.9266 -0.2582
vn -0.0000 -0.9800 -0.1988
vn -0.2734 -0.9266 -0.2582
vn 0.3691 -0.9147 -0.1647
vn -0.3691 -0.9147 -0.1647
vn 0.3691 -0.9147 -0.1648
vn -0.0000 -0.9958 0.0910
vn -0.0000 -0.9373 -0.3485
vn -0.3691 -0.9147 -0.1648
vn 0.6291 -0.7302 0.2665
vn 0.8011 -0.5630 0.2034
vn 0.7837 0.0574 0.6185
vn -0.7837 0.0574 0.6184
vn -0.8011 -0.5630 0.2034
vn -0.6291 -0.7302 0.2666
vn 0.6291 -0.7302 0.2666
vn 0.7837 0.0574 0.6184
vn 0.6304 -0.1436 0.7628
vn -0.6304 -0.1437 0.7629
vn -0.0000 0.8557 0.5175
vn 0.0963 0.7064 0.7013
vn -0.0001 0.8557 0.5175
vn 0.1542 0.7063 0.6909
vn -0.1542 0.7063 0.6909
vn -0.0963 0.7064 0.7013
vn 0.0001 0.8557 0.5175
vn 0.1543 0.7063 0.6909
vn -0.1543 0.7063 0.6909
vn -0.7838 0.0574 0.6184
vn 0.1542 0.7063 0.6910
vn -0.6305 -0.1436 0.7628
vn 0.7467 -0.4019 0.5299
vn 0.6035 -0.7723 0.1982
vn -0.6036 -0.7723 0.1981
vn -0.7467 -0.4019 0.5299
vn 0.6563 -0.6682 0.3505
vn -0.6563 -0.6682 0.3505
vn -0.6035 -0.7723 0.1981
vn 0.6563 -0.6681 0.3505
vn -0.6563 -0.6681 0.3505
vn 0.2808 -0.4167 0.8646
vn -0.2808 -0.4166 0.8646
vn 0.2808 -0.4166 0.8647
vn -0.0000 -0.4870 0.8734
vn -0.0001 0.4387 0.8987
vn 0.0962 0.7064 0.7013
vn 0.0620 0.6350 0.7700
vn -0.0620 0.6350 0.7701
vn 0.2807 -0.4167 0.8646
vn -0.6305 -0.1437 0.7628
vn -0.0820 -0.9799 -0.1819
vn -0.1395 -0.9595 -0.2448
vn 0.1395 -0.9595 -0.2448
vn 0.0820 -0.9799 -0.1819
vn -0.1981 -0.9107 -0.3625
vn 0.0921 -0.9760 -0.1973
vn -0.0921 -0.9760 -0.1973
vn -0.0000 -0.9718 -0.2358
vn -0.0000 -0.9766 -0.2152
vn -0.2413 -0.8453 -0.4767
vn 0.2413 -0.8453 -0.4767
vn 0.6606 -0.7307 0.1722
vn 0.6035 -0.7723 0.1981
vn -0.8018 -0.3127 0.5092
vn -0.6035 -0.7724 0.1982
vn -0.6606 -0.7307 0.1722
vn 0.6607 -0.7307 0.1721
vn 0.8191 -0.3901 0.4205
vn -0.8191 -0.3901 0.4205
vn -0.6607 -0.7307 0.1721
vn 0.4873 -0.8703 -0.0715
vn -0.4874 -0.8702 -0.0716
vn -0.2412 -0.8453 -0.4767
vn 0.4874 -0.8703 -0.0716
vn -0.0464 -0.9312 -0.3615
vn 0.0464 -0.9312 -0.3615
vn -0.4874 -0.8703 -0.0715
vn 0.2412 -0.8453 -0.4767
vn 0.4845 -0.8720 0.0699
vn 0.4889 -0.8712 -0.0452
vn 0.3245 -0.9422 -0.0827
vn -0.4889 -0.8712 -0.0452
vn -0.4845 -0.8720 0.0699
vn 0.3427 -0.9344 -0.0974
vn 0.3246 -0.9422 -0.0827
vn -0.3246 -0.9422 -0.0827
vn -0.3427 -0.9344 -0.0974
vn 0.3637 -0.9249 0.1108
vn -0.3637 -0.9249 0.1108
vn 0.6635 -0.7472 -0.0395
vn 0.5354 -0.8244 -0.1835
vn 0.4889 -0.8711 -0.0452
vn -0.4889 -0.8711 -0.0452
vn -0.5354 -0.8244 -0.1835
vn -0.6635 -0.7472 -0.0395
vn -0.4844 -0.8720 0.0698
vn 0.5354 -0.8244 -0.1836
vn 0.2735 -0.9266 -0.2582
vn -0.2735 -0.9266 -0.2582
vn -0.5354 -0.8244 -0.1836
vn 0.6213 -0.7835 0.0140
vn -0.6213 -0.7835 0.0140
vn -0.6290 -0.7302 0.2665
vn 0.6213 -0.7834 0.0140
vn 0.8010 -0.5630 0.2034
vn -0.6214 -0.7834 0.0140
vn -0.6291 -0.7302 0.2665
vn -0.3692 -0.9147 -0.1647
vn 0.3323 -0.8587 -0.3901
vn -0.0000 -0.8933 -0.4494
vn -0.3323 -0.8587 -0.3901
vn -0.0000 -0.8933 -0.4495
vn 0.0001 -0.9373 -0.3485
vn -0.0001 -0.9373 -0.3485
vn -0.3691 -0.9146 -0.1648
vn -0.0001 -0.8933 -0.4495
vn -0.3323 -0.8587 -0.3902
vn -0.0001 0.8800 0.4749
vn 0.0424 0.8264 0.5615
vn -0.0424 0.8264 0.5615
vn 0.0001 0.8800 0.4749
vn 0.0424 0.8264 0.5614
vn -0.0424 0.8264 0.5614
vn 0.3101 0.6579 0.6864
vn -0.0000 0.8800 0.4749
vn -0.0000 0.8556 0.5177
vn -0.0000 0.8800 0.4750
vn -0.5489 -0.5915 0.5907
vn 0.0425 0.8264 0.5615
vn 0.7828 0.1484 0.6044
vn -0.7828 0.1484 0.6044
vn -0.0425 0.8264 0.5615
vn 0.5489 -0.5915 0.5907
vn 0.7828 0.1484 0.6043
vn 0.4874 -0.8702 -0.0715
vn 0.7838 0.0574 0.6184
vn 0.7827 0.1483 0.6044
vn 0.5982 -0.7691 -0.2251
vn 0.7915 -0.6074 0.0677
vn -0.7915 -0.6074 0.0676
vn -0.5982 -0.7691 -0.2251
vn -0.6213 -0.7834 0.0140
vn -0.7915 -0.6074 0.0677
vn 0.6635 -0.7471 -0.0396
vn -0.6635 -0.7471 -0.0396
vn 0.3692 -0.9146 -0.1648
vn 0.3324 -0.8587 -0.3901
vn 0.5981 -0.7691 -0.2251
vn -0.5981 -0.7691 -0.2251
vn -0.3324 -0.8587 -0.3901
vn -0.3692 -0.9146 -0.1648
vn 0.7828 0.1485 0.6044
vn -0.7828 0.1485 0.6044
vn -0.4873 -0.8703 -0.0716
vn 0.4874 -0.8703 -0.0715
vn 0.6635 -0.7471 -0.0395
vn -0.6635 -0.7471 -0.0395
vn 0.7827 0.1484 0.6044
vn 0.7838 0.0575 0.6184
vn 0.7827 0.1485 0.6044
vn -0.7827 0.1484 0.6044
vn 0.7033 -0.0302 0.7102
vn -0.7033 -0.0302 0.7102
vn 0.7033 -0.0303 0.7103
vn 0.6377 -0.0704 0.7670
vn -0.6839 0.1395 0.7161
vn -0.6377 -0.0704 0.7670
vn -0.7033 -0.0303 0.7103
vn 0.7913 -0.1170 0.6001
vn -0.7913 -0.1170 0.6001
vn 0.7913 -0.1171 0.6001
vn 0.7963 -0.2486 0.5514
vn -0.7963 -0.2486 0.5514
vn 0.7913 -0.1170 0.6002
vn -0.7913 -0.1170 0.6002
vn -0.7033 -0.0304 0.7102
vn -0.6377 -0.0703 0.7670
vn 0.7033 -0.0303 0.7102
vn 0.6064 -0.2848 0.7425
vn -0.6064 -0.2848 0.7424
vn -0.5899 -0.3620 0.7218
vn 0.6063 -0.2848 0.7424
vn -0.6063 -0.2848 0.7424
vn 0.5963 -0.3087 0.7411
vn -0.5963 -0.3086 0.7411
vn 0.6063 -0.2848 0.7425
vn -0.6063 -0.2848 0.7425
vn 0.5616 -0.3467 0.7513
vn -0.5616 -0.3467 0.7513
vn 0.5616 -0.3467 0.7512
vn 0.5157 -0.3160 0.7963
vn -0.5157 -0.3160 0.7963
vn 0.0253 0.2218 -0.9748
vn -0.0253 0.2218 -0.9748
vn 0.6164 -0.7633 0.1933
vn -0.6164 -0.7634 0.1933
vn 0.6164 -0.7634 0.1932
vn 0.2713 -0.9386 0.2131
vn -0.2713 -0.9386 0.2131
vn -0.6164 -0.7634 0.1932
vn 0.6164 -0.7634 0.1933
vn 0.4189 -0.9068 0.0479
vn 0.7086 -0.6974 0.1076
vn -0.7086 -0.6974 0.1076
vn -0.4189 -0.9068 0.0479
vn -0.6164 -0.7633 0.1933
vn 0.4188 -0.9068 0.0479
vn -0.4188 -0.9068 0.0479
vn 0.3149 -0.9157 0.2498
vn 0.5317 -0.8164 0.2255
vn -0.5317 -0.8164 0.2255
vn -0.3149 -0.9157 0.2498
vn 0.3103 -0.9477 0.0751
vn 0.5317 -0.8164 0.2254
vn -0.5317 -0.8164 0.2254
vn -0.3103 -0.9477 0.0751
vn 0.3150 -0.9156 0.2498
vn 0.4442 -0.8393 0.3134
vn 0.4575 -0.8703 0.1825
vn -0.4575 -0.8703 0.1825
vn -0.4442 -0.8393 0.3134
vn -0.3150 -0.9156 0.2498
vn 0.3150 -0.9157 0.2497
vn 0.4576 -0.8702 0.1825
vn 0.5317 -0.8163 0.2255
vn -0.5317 -0.8163 0.2255
vn -0.4576 -0.8702 0.1825
vn 0.3392 -0.9323 0.1254
vn 0.3149 -0.9157 0.2497
vn -0.3149 -0.9157 0.2497
vn -0.3392 -0.9323 0.1254
vn 0.3393 -0.9323 0.1254
vn 0.6676 -0.7163 0.2032
vn 0.4443 -0.8393 0.3134
vn -0.4443 -0.8393 0.3134
vn -0.6676 -0.7163 0.2032
vn 0.2238 -0.9534 0.2025
vn 0.5220 -0.8265 0.2107
vn 0.3392 -0.9323 0.1253
vn -0.3392 -0.9323 0.1253
vn -0.5220 -0.8265 0.2107
vn -0.2238 -0.9533 0.2025
vn 0.2239 -0.9534 0.2025
vn -0.2238 -0.9534 0.2025
vn -0.3393 -0.9323 0.1254
vn -0.5219 -0.8265 0.2108
vn 0.5219 -0.8265 0.2108
vn 0.4873 -0.8703 -0.0716
vn 0.5318 -0.8163 0.2255
vn -0.5318 -0.8163 0.2255
vn -0.4873 -0.8703 -0.0715
vn 0.8287 0.0696 0.5553
vn -0.8287 0.0696 0.5553
vn 0.6155 -0.6599 0.4309
vn 0.7628 -0.5322 0.3673
vn 0.7963 -0.2487 0.5514
vn -0.7963 -0.2487 0.5514
vn -0.7628 -0.5322 0.3673
vn -0.2413 -0.8453 -0.4766
vn -0.2805 -0.8626 -0.4210
vn 0.2805 -0.8626 -0.4210
vn 0.2413 -0.8453 -0.4766
vn 0.5346 -0.8165 0.2179
vn 0.6138 -0.7528 0.2377
vn 0.7627 -0.5323 0.3673
vn -0.7627 -0.5323 0.3673
vn -0.6138 -0.7528 0.2377
vn -0.5346 -0.8165 0.2179
vn 0.5346 -0.8165 0.2180
vn 0.7628 -0.5323 0.3673
vn -0.7628 -0.5323 0.3672
vn -0.6139 -0.7528 0.2377
vn 0.6139 -0.7528 0.2377
vn -0.7628 -0.5323 0.3673
vn -0.0478 -0.9381 -0.3430
vn 0.0478 -0.9381 -0.3430
vn -0.2804 -0.8626 -0.4210
vn -0.0464 -0.9313 -0.3614
vn 0.0464 -0.9313 -0.3614
vn 0.2805 -0.8626 -0.4209
vn -0.0477 -0.9381 -0.3430
vn 0.0464 -0.9312 -0.3614
vn 0.7256 -0.5829 0.3658
vn -0.7256 -0.5829 0.3658
vn 0.6035 -0.7724 0.1981
vn -0.6035 -0.7724 0.1981
vn -0.4576 -0.8703 0.1825
vn 0.6036 -0.7723 0.1982
vn -0.6036 -0.7723 0.1982
vn -0.4576 -0.8702 0.1824
vn 0.4444 -0.8393 0.3134
vn 0.6562 -0.6682 0.3505
vn -0.6562 -0.6682 0.3505
vn -0.4444 -0.8393 0.3134
vn 0.1189 -0.9904 0.0699
vn -0.0000 -0.9937 0.1117
vn -0.1189 -0.9904 0.0700
vn -0.0000 -0.9937 0.1118
vn 0.1189 -0.9904 0.0700
vn -0.1189 -0.9904 0.0699
vn 0.3141 -0.9492 0.0203
vn -0.3141 -0.9492 0.0203
vn 0.5345 -0.8166 0.2179
vn -0.5345 -0.8166 0.2179
vn -0.0819 -0.9799 -0.1819
vn 0.0922 -0.9760 -0.1972
vn -0.0922 -0.9760 -0.1972
vn 0.3141 -0.9492 0.0202
vn -0.3141 -0.9492 0.0202
vn 0.3104 -0.9320 -0.1873
vn -0.0463 -0.9313 -0.3614
vn 0.0463 -0.9313 -0.3614
vn -0.3104 -0.9320 -0.1873
vn 0.6036 -0.7723 0.1981
vn -0.6607 -0.7307 0.1722
vn -0.6035 -0.7723 0.1982
vn 0.6606 -0.7307 0.1721
vn -0.3105 -0.9320 -0.1873
vn -0.6606 -0.7307 0.1721
vn 0.2654 -0.9580 -0.1084
vn -0.2654 -0.9580 -0.1085
vn 0.0477 -0.9381 -0.3430
vn 0.0477 -0.9381 -0.3429
vn 0.2655 -0.9580 -0.1084
vn -0.2655 -0.9580 -0.1084
vn 0.2655 -0.9580 -0.1085
vn -0.2655 -0.9580 -0.1085
vn -0.2654 -0.9580 -0.1084
vn 0.3104 -0.9320 -0.1872
vn -0.3104 -0.9320 -0.1872
vn 0.4981 -0.8643 0.0704
vn 0.4396 -0.0350 0.8975
vn 0.6205 0.0534 0.7824
vn 0.5218 -0.0960 0.8476
vn -0.5218 -0.0960 0.8476
vn -0.6205 0.0534 0.7823
vn -0.4396 -0.0351 0.8975
vn 0.4396 -0.0351 0.8975
vn 0.5218 -0.0961 0.8477
vn 0.4335 -0.2554 0.8642
vn -0.4335 -0.2554 0.8642
vn -0.5218 -0.0961 0.8477
vn 0.6081 -0.3002 0.7349
vn 0.6249 -0.3488 0.6985
vn 0.4336 -0.2555 0.8641
vn -0.4336 -0.2555 0.8641
vn -0.6249 -0.3488 0.6985
vn -0.6081 -0.3002 0.7349
vn 0.6082 -0.3002 0.7349
vn 0.5218 -0.0961 0.8476
vn -0.5218 -0.0961 0.8476
vn -0.4336 -0.2554 0.8641
vn -0.6082 -0.3002 0.7349
vn 0.7336 -0.3059 0.6069
vn 0.7096 -0.3529 0.6099
vn 0.6249 -0.3488 0.6984
vn -0.6247 -0.3496 0.6982
vn -0.7096 -0.3529 0.6099
vn -0.7336 -0.3059 0.6069
vn 0.7336 -0.3058 0.6069
vn -0.6249 -0.3488 0.6984
vn -0.7336 -0.3058 0.6069
vn 0.8544 -0.1594 0.4946
vn 0.7096 -0.2141 0.6713
vn 0.6716 -0.1349 0.7285
vn -0.6716 -0.1349 0.7285
vn -0.7096 -0.2142 0.6712
vn -0.8544 -0.1594 0.4946
vn 0.8544 -0.1595 0.4946
vn 0.8227 -0.2203 0.5241
vn 0.7096 -0.2142 0.6712
vn -0.8227 -0.2203 0.5241
vn -0.8544 -0.1595 0.4946
vn 0.6716 -0.1348 0.7285
vn 0.4895 -0.0309 0.8715
vn 0.6788 0.1474 0.7194
vn -0.6788 0.1474 0.7194
vn -0.4895 -0.0309 0.8715
vn -0.6716 -0.1348 0.7285
vn 0.7096 -0.2142 0.6713
vn 0.4894 -0.0309 0.8715
vn -0.4894 -0.0309 0.8715
vn -0.7096 -0.2142 0.6713
vn 0.6499 0.2223 0.7268
vn -0.6499 0.2223 0.7268
vn 0.8490 0.2265 0.4775
vn 0.6788 0.1474 0.7193
vn -0.6788 0.1474 0.7193
vn -0.8490 0.2265 0.4775
vn 0.9972 -0.0143 0.0728
vn 0.9290 -0.0715 0.3632
vn 0.8626 -0.1849 0.4710
vn -0.8626 -0.1849 0.4709
vn -0.9290 -0.0715 0.3632
vn -0.9972 -0.0143 0.0728
vn 0.4295 -0.4902 0.7584
vn 0.0001 -0.5525 0.8335
vn 0.0001 -0.5855 0.8107
vn -0.0001 -0.5855 0.8107
vn -0.0001 -0.5525 0.8335
vn -0.4295 -0.4902 0.7584
vn 0.6123 -0.3436 0.7120
vn -0.6123 -0.3436 0.7121
vn 0.6124 -0.3435 0.7120
vn 0.8625 -0.1849 0.4710
vn 0.9289 -0.0716 0.3633
vn -0.9289 -0.0716 0.3633
vn -0.8625 -0.1849 0.4710
vn -0.6124 -0.3436 0.7120
vn 0.6124 -0.3436 0.7120
vn 0.4296 -0.4901 0.7584
vn -0.8625 -0.1850 0.4710
vn -0.4296 -0.4901 0.7584
vn 0.9909 0.0768 0.1106
vn 0.9243 -0.0221 0.3810
vn 0.8740 -0.1562 0.4601
vn -0.8740 -0.1562 0.4601
vn -0.9243 -0.0221 0.3810
vn -0.9909 0.0768 0.1106
vn 0.5125 -0.4123 0.7532
vn 0.2521 -0.5134 0.8203
vn -0.2521 -0.5134 0.8203
vn -0.5125 -0.4123 0.7532
vn 0.8740 -0.1561 0.4601
vn 0.9243 -0.0221 0.3811
vn -0.8740 -0.1561 0.4601
vn -0.0000 -0.5160 0.8566
vn 0.0001 -0.4481 0.8940
vn -0.0001 -0.4481 0.8940
vn 0.5125 -0.4124 0.7532
vt 0.639697 0.045178
vt 0.740392 0.044422
vt 0.734285 0.085814
vt 0.728266 0.155718
vt 0.829590 0.153074
vt 0.834956 0.188965
vt 0.732043 0.192434
vt 0.934201 0.152065
vt 0.938672 0.182222
vt 0.998867 0.153567
vt 0.361932 0.234512
vt 0.329679 0.240767
vt 0.352780 0.208889
vt 0.319921 0.224445
vt 0.433658 0.187319
vt 0.438208 0.216553
vt 0.732729 0.219455
vt 0.633518 0.214866
vt 0.634928 0.184369
vt 0.839524 0.215869
vt 0.944441 0.202933
vt 0.831358 0.122346
vt 0.832688 0.086696
vt 0.935531 0.089327
vt 0.935249 0.122624
vt 0.997538 0.095460
vt 0.999074 0.126763
vt 0.993345 0.184119
vt 0.645124 0.020028
vt 0.743858 0.018913
vt 0.843134 0.046242
vt 0.844504 0.020716
vt 0.941156 0.054623
vt 0.939474 0.028632
vt 0.993953 0.061046
vt 0.413218 0.051944
vt 0.305043 0.024704
vt 0.419719 0.024731
vt 0.834775 0.189683
vt 0.732082 0.192901
vt 0.733698 0.218737
vt 0.938095 0.181384
vt 0.839433 0.216484
vt 0.529202 0.180337
vt 0.529241 0.210048
vt 0.526441 0.018271
vt 0.521458 0.044104
vt 0.501066 0.694942
vt 0.486498 0.663262
vt 0.537253 0.655011
vt 0.473058 0.630367
vt 0.532538 0.612102
vt 0.445152 0.643093
vt 0.461582 0.678715
vt 0.473331 0.705199
vt 0.959710 0.122984
vt 0.731813 0.123276
vt 0.944648 0.203932
vt 0.992601 0.180289
vt 0.110369 0.833825
vt 0.092331 0.827727
vt 0.105078 0.825860
vt 0.121703 0.818366
vt 0.114224 0.820235
vt 0.150162 0.844063
vt 0.116528 0.854655
vt 0.123649 0.840967
vt 0.153574 0.823150
vt 0.132679 0.816055
vt 0.106538 0.800813
vt 0.105232 0.805900
vt 0.084528 0.804779
vt 0.086376 0.808931
vt 0.074727 0.814757
vt 0.081764 0.815640
vt 0.113287 0.778271
vt 0.108372 0.794395
vt 0.084464 0.784231
vt 0.085358 0.797246
vt 0.629990 0.152741
vt 0.631157 0.120008
vt 0.632270 0.081868
vt 0.633946 0.184686
vt 0.633406 0.215523
vt 0.422608 0.162555
vt 0.521451 0.152044
vt 0.519292 0.078631
vt 0.413882 0.083465
vt 0.520065 0.118131
vt 0.416862 0.125876
vt 0.261461 0.824316
vt 0.223372 0.820006
vt 0.239032 0.781757
vt 0.270667 0.778331
vt 0.179216 0.802814
vt 0.199073 0.776697
vt 0.242849 0.866755
vt 0.193315 0.837221
vt 0.243010 0.712080
vt 0.263738 0.747281
vt 0.223409 0.748320
vt 0.206024 0.726522
vt 0.169465 0.741315
vt 0.156130 0.721147
vt 0.187897 0.913548
vt 0.158498 0.934109
vt 0.115843 0.894869
vt 0.147099 0.874696
vt 0.131845 0.950909
vt 0.090641 0.910285
vt 0.095075 0.874741
vt 0.070993 0.883653
vt 0.207930 0.891109
vt 0.172823 0.860141
vt 0.199120 0.952325
vt 0.182669 0.976290
vt 0.214636 0.934141
vt 0.396031 0.318853
vt 0.405945 0.304821
vt 0.392353 0.297323
vt 0.418001 0.278333
vt 0.409626 0.270236
vt 0.422348 0.315035
vt 0.428319 0.305511
vt 0.443143 0.328278
vt 0.446889 0.318946
vt 0.463187 0.330833
vt 0.461857 0.321238
vt 0.480056 0.321450
vt 0.479694 0.308551
vt 0.504411 0.298171
vt 0.497102 0.277623
vt 0.527690 0.292858
vt 0.512419 0.263423
vt 0.593934 0.739797
vt 0.597716 0.765158
vt 0.557212 0.755955
vt 0.557841 0.740748
vt 0.633262 0.731168
vt 0.640379 0.771981
vt 0.559138 0.797601
vt 0.572557 0.778327
vt 0.575887 0.803413
vt 0.579948 0.839478
vt 0.587514 0.832327
vt 0.606799 0.869543
vt 0.605489 0.857644
vt 0.634793 0.847332
vt 0.629102 0.838773
vt 0.646456 0.806046
vt 0.638317 0.806751
vt 0.626685 0.790506
vt 0.601068 0.782995
vt 0.598015 0.808098
vt 0.262047 0.646406
vt 0.242166 0.625932
vt 0.271985 0.597750
vt 0.298440 0.616694
vt 0.221226 0.603858
vt 0.243684 0.575545
vt 0.236806 0.962057
vt 0.232182 0.989210
vt 0.239906 0.944959
vt 0.419512 0.252628
vt 0.443495 0.253881
vt 0.440523 0.233380
vt 0.445893 0.292603
vt 0.435283 0.274301
vt 0.457494 0.293416
vt 0.471694 0.227134
vt 0.468656 0.269608
vt 0.429044 0.270393
vt 0.146159 0.673031
vt 0.142932 0.643990
vt 0.162014 0.639044
vt 0.167611 0.669616
vt 0.150888 0.695924
vt 0.177863 0.694040
vt 0.178001 0.635790
vt 0.187434 0.663915
vt 0.200865 0.686473
vt 0.175201 0.567828
vt 0.152515 0.556962
vt 0.165514 0.532331
vt 0.189739 0.542146
vt 0.193767 0.579580
vt 0.212567 0.552642
vt 0.501924 0.220754
vt 0.320172 0.633309
vt 0.327768 0.588667
vt 0.349237 0.608905
vt 0.288191 0.569478
vt 0.250233 0.548940
vt 0.177135 0.505118
vt 0.203397 0.518281
vt 0.226379 0.534081
vt 0.339684 0.649943
vt 0.371080 0.635970
vt 0.285299 0.537773
vt 0.243614 0.524750
vt 0.274853 0.499421
vt 0.329445 0.510381
vt 0.333876 0.547946
vt 0.278566 0.465809
vt 0.327287 0.469524
vt 0.223508 0.488799
vt 0.229884 0.454067
vt 0.409719 0.491254
vt 0.443364 0.427085
vt 0.483188 0.403729
vt 0.456285 0.480259
vt 0.443524 0.551720
vt 0.492928 0.521835
vt 0.618277 0.496710
vt 0.609701 0.428230
vt 0.669995 0.430606
vt 0.679905 0.493304
vt 0.714408 0.418965
vt 0.722982 0.475142
vt 0.741915 0.392051
vt 0.789575 0.473186
vt 0.771006 0.366877
vt 0.812882 0.406490
vt 0.945651 0.859644
vt 0.895088 0.867542
vt 0.911204 0.933509
vt 0.968563 0.914020
vt 0.542095 0.433586
vt 0.555717 0.500019
vt 0.429143 0.596650
vt 0.462727 0.588993
vt 0.528139 0.570443
vt 0.640689 0.606414
vt 0.634717 0.558386
vt 0.697403 0.559098
vt 0.707090 0.605962
vt 0.752920 0.557562
vt 0.769272 0.605714
vt 0.808631 0.550047
vt 0.830422 0.594511
vt 0.568455 0.557415
vt 0.574440 0.604232
vt 0.395100 0.626643
vt 0.406167 0.663301
vt 0.376197 0.675445
vt 0.382987 0.595852
vt 0.871598 0.417542
vt 0.864051 0.481714
vt 0.916252 0.414991
vt 0.923109 0.476070
vt 0.867208 0.543953
vt 0.879910 0.589657
vt 0.921556 0.542418
vt 0.925535 0.591765
vt 0.280807 0.420365
vt 0.333826 0.416531
vt 0.239593 0.409596
vt 0.579782 0.917267
vt 0.552615 0.882256
vt 0.501276 0.896134
vt 0.506500 0.932187
vt 0.536734 0.859194
vt 0.488549 0.868557
vt 0.518914 0.829611
vt 0.487309 0.842162
vt 0.278556 0.381730
vt 0.318597 0.374053
vt 0.242929 0.380249
vt 0.369640 0.369918
vt 0.385896 0.393155
vt 0.388689 0.826579
vt 0.381334 0.870062
vt 0.458055 0.876076
vt 0.439072 0.843185
vt 0.344350 0.859480
vt 0.350087 0.823417
vt 0.361425 0.930967
vt 0.436133 0.935517
vt 0.325539 0.912228
vt 0.511781 0.948341
vt 0.440514 0.975974
vt 0.510372 0.993460
vt 0.364287 0.962102
vt 0.335335 0.966565
vt 0.186140 0.469569
vt 0.602735 0.378475
vt 0.674337 0.374680
vt 0.600370 0.930613
vt 0.630516 0.968428
vt 0.657106 0.949102
vt 0.629643 0.906703
vt 0.712970 0.374739
vt 0.682487 0.930690
vt 0.669372 0.875718
vt 0.532177 0.382112
vt 0.568118 0.946548
vt 0.575403 0.993678
vt 0.370932 0.509338
vt 0.373942 0.552830
vt 0.409637 0.555954
vt 0.371053 0.461594
vt 0.405402 0.446182
vt 0.371793 0.429170
vt 0.396018 0.412165
vt 0.489025 0.770285
vt 0.459421 0.780022
vt 0.272382 0.342406
vt 0.303878 0.337587
vt 0.239862 0.347518
vt 0.341032 0.323850
vt 0.421329 0.785805
vt 0.383232 0.783655
vt 0.345887 0.783755
vt 0.470736 0.724714
vt 0.448508 0.732183
vt 0.256386 0.297482
vt 0.280744 0.289816
vt 0.229852 0.301280
vt 0.317885 0.277551
vt 0.400626 0.734116
vt 0.368798 0.738881
vt 0.333742 0.743160
vt 0.854808 0.321463
vt 0.828411 0.302273
vt 0.850140 0.280246
vt 0.873103 0.289127
vt 0.885771 0.779300
vt 0.912284 0.774944
vt 0.898560 0.733987
vt 0.877468 0.737602
vt 0.900248 0.336597
vt 0.905807 0.293957
vt 0.935556 0.339115
vt 0.935154 0.292367
vt 0.780051 0.761074
vt 0.816281 0.772844
vt 0.817298 0.739379
vt 0.792597 0.734817
vt 0.847818 0.781776
vt 0.849136 0.741206
vt 0.765887 0.909370
vt 0.816022 0.916721
vt 0.831582 0.897978
vt 0.772638 0.886240
vt 0.783509 0.859780
vt 0.840887 0.868333
vt 0.850033 0.958314
vt 0.724744 0.917775
vt 0.724305 0.887193
vt 0.681440 0.843501
vt 0.723804 0.857432
vt 0.801551 0.336182
vt 0.835138 0.361611
vt 0.928341 0.815076
vt 0.889428 0.818393
vt 0.886704 0.375198
vt 0.930806 0.372431
vt 0.806344 0.812870
vt 0.755331 0.804933
vt 0.847936 0.818795
vt 0.243090 0.280384
vt 0.263404 0.217782
vt 0.292008 0.198960
vt 0.245228 0.177220
vt 0.268661 0.159844
vt 0.983028 0.364633
vt 0.979007 0.413783
vt 0.966851 0.331546
vt 0.594549 0.315366
vt 0.668048 0.317546
vt 0.710472 0.324955
vt 0.523510 0.318042
vt 0.474916 0.348132
vt 0.751183 0.335931
vt 0.793360 0.332199
vt 0.413478 0.371589
vt 0.430806 0.408412
vt 0.432138 0.434091
vt 0.395186 0.341875
vt 0.361242 0.302425
vt 0.436486 0.401444
vt 0.313776 0.789946
vt 0.302849 0.844972
vt 0.309694 0.737962
vt 0.279176 0.694625
vt 0.263972 0.894237
vt 0.559005 0.849971
vt 0.534963 0.797052
vt 0.605107 0.886338
vt 0.641818 0.857376
vt 0.661291 0.811841
vt 0.658004 0.755147
vt 0.699711 0.764682
vt 0.689611 0.824572
vt 0.952716 0.979701
vt 0.984398 0.977654
vt 0.219152 0.131782
vt 0.247790 0.119581
vt 0.917345 0.981667
vt 0.870780 0.999336
vt 0.981115 0.473977
vt 0.978496 0.540503
vt 0.925978 0.636532
vt 0.979255 0.661042
vt 0.881152 0.689969
vt 0.976408 0.587203
vt 0.975295 0.627312
vt 0.076460 0.178087
vt 0.096018 0.177321
vt 0.097292 0.200757
vt 0.071494 0.196935
vt 0.055391 0.249263
vt 0.038268 0.250475
vt 0.027698 0.229140
vt 0.055357 0.227176
vt 0.070831 0.236187
vt 0.065749 0.253951
vt 0.043385 0.182552
vt 0.052369 0.163117
vt 0.017614 0.172659
vt 0.115509 0.167592
vt 0.122887 0.194114
vt 0.068961 0.254202
vt 0.076840 0.255227
vt 0.075879 0.263748
vt 0.067590 0.261490
vt 0.063394 0.261396
vt 0.056700 0.258754
vt 0.071747 0.275736
vt 0.063766 0.271247
vt 0.059233 0.270911
vt 0.049311 0.265166
vt 0.032029 0.148291
vt 0.138402 0.147403
vt 0.153048 0.187740
vt 0.194338 0.141735
vt 0.187346 0.153313
vt 0.159460 0.129567
vt 0.170798 0.164272
vt 0.183019 0.176243
vt 0.169793 0.197139
vt 0.197010 0.161186
vt 0.005340 0.192737
vt 0.006797 0.166593
vt 0.219468 0.152879
vt 0.019536 0.135281
vt 0.083395 0.266324
vt 0.079599 0.277887
vt 0.083731 0.258021
vt 0.089677 0.241973
vt 0.089658 0.258864
vt 0.089226 0.266777
vt 0.087481 0.279224
vt 0.078384 0.235563
vt 0.095126 0.255306
vt 0.096517 0.268396
vt 0.109280 0.255400
vt 0.115102 0.251491
vt 0.115745 0.264808
vt 0.111484 0.265665
vt 0.096899 0.279709
vt 0.118899 0.273895
vt 0.113878 0.275401
vt 0.105585 0.267509
vt 0.107262 0.277754
vt 0.103824 0.254901
vt 0.095356 0.238570
vt 0.116625 0.236045
vt 0.105533 0.239548
vt 0.123621 0.258513
vt 0.135657 0.241857
vt 0.145159 0.244028
vt 0.129488 0.266929
vt 0.101536 0.017868
vt 0.120634 0.039291
vt 0.067530 0.049648
vt 0.078589 0.023770
vt 0.134132 0.121079
vt 0.114634 0.122110
vt 0.131059 0.090086
vt 0.062135 0.137258
vt 0.045883 0.140570
vt 0.050504 0.107408
vt 0.056547 0.149731
vt 0.063487 0.148426
vt 0.103707 0.095427
vt 0.078441 0.100637
vt 0.102747 0.126932
vt 0.082219 0.131685
vt 0.104293 0.136577
vt 0.087929 0.141343
vt 0.078106 0.162300
vt 0.065587 0.157565
vt 0.086940 0.151126
vt 0.114568 0.134784
vt 0.111460 0.147874
vt 0.115710 0.150978
vt 0.127078 0.143819
vt 0.104418 0.157340
vt 0.094489 0.160785
vt 0.106211 0.405664
vt 0.094983 0.408637
vt 0.080143 0.388570
vt 0.103155 0.384019
vt 0.083595 0.400776
vt 0.112458 0.388838
vt 0.114119 0.381960
vt 0.135434 0.366613
vt 0.128020 0.387821
vt 0.117686 0.396605
vt 0.114780 0.370825
vt 0.101301 0.374985
vt 0.074350 0.408028
vt 0.058775 0.391151
vt 0.061676 0.404169
vt 0.059063 0.378932
vt 0.077670 0.379169
vt 0.100729 0.345061
vt 0.129583 0.338310
vt 0.048609 0.354951
vt 0.077291 0.349930
vt 0.050672 0.395176
vt 0.040653 0.384519
vt 0.130254 0.509288
vt 0.137790 0.502088
vt 0.143560 0.508305
vt 0.134861 0.518060
vt 0.141311 0.473693
vt 0.154648 0.484556
vt 0.124127 0.484465
vt 0.127280 0.501363
vt 0.122396 0.510741
vt 0.112890 0.517852
vt 0.112092 0.504588
vt 0.119814 0.503873
vt 0.111140 0.487516
vt 0.102421 0.506106
vt 0.101992 0.487516
vt 0.126548 0.519528
vt 0.118141 0.528101
vt 0.092000 0.491459
vt 0.095727 0.508970
vt 0.105403 0.519915
vt 0.107227 0.531790
vt 0.095795 0.516992
vt 0.096327 0.530734
vt 0.078030 0.506385
vt 0.080529 0.485875
vt 0.088594 0.509312
vt 0.070686 0.487601
vt 0.066838 0.504397
vt 0.084311 0.532767
vt 0.087308 0.522022
vt 0.076795 0.519660
vt 0.074453 0.531011
vt 0.064729 0.511639
vt 0.057306 0.511288
vt 0.061282 0.503195
vt 0.060394 0.523047
vt 0.052295 0.520000
vt 0.051350 0.496894
vt 0.052260 0.505368
vt 0.042821 0.512594
vt 0.032210 0.497110
vt 0.051369 0.478671
vt 0.021796 0.475698
vt 0.102372 0.457420
vt 0.072644 0.457500
vt 0.102221 0.432729
vt 0.071609 0.427195
vt 0.129904 0.413943
vt 0.129790 0.444974
vt 0.151068 0.390168
vt 0.149060 0.435564
vt 0.042012 0.447291
vt 0.009746 0.456398
vt 0.104202 0.292896
vt 0.130591 0.310565
vt 0.076999 0.295614
vt 0.051133 0.315116
vt 0.042247 0.435555
vt 0.043553 0.414748
vt 0.004376 0.418333
vt 0.010537 0.387628
vt 0.172576 0.408285
vt 0.161664 0.436055
vt 0.185146 0.429629
vt 0.164429 0.449977
vt 0.185025 0.357237
vt 0.195221 0.388803
vt 0.207838 0.421442
vt 0.208652 0.356680
vt 0.221377 0.390725
vt 0.235322 0.427345
vt 0.537784 0.694378
vt 0.637019 0.699322
vt 0.640740 0.654793
vt 0.710625 0.655739
vt 0.711825 0.702159
vt 0.786250 0.656115
vt 0.795839 0.699015
vt 0.856085 0.646790
vt 0.576746 0.651650
vt 0.576183 0.694078
vt 0.902304 0.626963
vt 0.286367 0.990882
vt 0.280698 0.966390
vt 0.324252 0.960087
vt 0.331202 0.989089
vt 0.275815 0.948344
vt 0.317443 0.920670
vt 0.424280 0.695421
vt 0.396301 0.705204
vt 0.434854 0.719384
vt 0.411813 0.727067
vt 0.280380 0.176747
vt 0.338796 0.567645
vt 0.364209 0.578316
vt 0.031839 0.769094
vt 0.047904 0.771155
vt 0.033009 0.773687
vt 0.048384 0.788172
vt 0.019101 0.759989
vt 0.047948 0.760748
vt 0.014548 0.798410
vt 0.028285 0.789518
vt 0.036517 0.804821
vt 0.147964 0.795621
vt 0.160481 0.766603
vt 0.135755 0.739296
vt 0.095527 0.759468
vt 0.112048 0.761133
vt 0.083658 0.849112
vt 0.091991 0.836703
vt 0.057267 0.864994
vt 0.016204 0.777653
vt 0.023326 0.774911
vt 0.023515 0.749681
vt 0.048649 0.751462
vt 0.007344 0.757194
vt 0.009028 0.747425
vt 0.016971 0.774817
vt 0.020524 0.773419
vt 0.014719 0.770858
vt 0.020965 0.769646
vt 0.012628 0.770726
vt 0.018257 0.766979
vt 0.017508 0.771474
vt 0.126404 0.672733
vt 0.109660 0.670675
vt 0.103079 0.648061
vt 0.123691 0.646179
vt 0.110352 0.697648
vt 0.129378 0.696996
vt 0.047234 0.660887
vt 0.054339 0.675601
vt 0.043005 0.679137
vt 0.033495 0.670257
vt 0.037406 0.682687
vt 0.028789 0.676629
vt 0.050886 0.686575
vt 0.046896 0.692126
vt 0.345104 0.180157
vt 0.278651 0.106065
vt 0.295692 0.051500
vt 0.308132 0.098234
vt 0.112100 0.972343
vt 0.101872 0.943434
vt 0.086376 0.989715
vt 0.110154 0.989664
vt 0.007045 0.870053
vt 0.038169 0.868127
vt 0.057535 0.892012
vt 0.012043 0.904251
vt 0.077155 0.920629
vt 0.018358 0.941170
vt 0.025587 0.960126
vt 0.045127 0.975949
vt 0.329148 0.144246
vt 0.293099 0.167407
vt 0.433823 0.187199
vt 0.351809 0.208941
vt 0.360852 0.233931
vt 0.439038 0.217596
vt 0.528110 0.179365
vt 0.529728 0.211883
vt 0.320786 0.222748
vt 0.329817 0.242663
vt 0.290435 0.655229
vt 0.287155 0.642210
vt 0.275870 0.667726
vt 0.300440 0.669137
vt 0.064866 0.795149
vt 0.057611 0.806456
vt 0.025603 0.813814
vt 0.068174 0.860160
vt 0.047897 0.816217
vt 0.034819 0.823814
vt 0.019950 0.781816
vt 0.006933 0.788135
vt 0.003906 0.781398
vt 0.014416 0.774190
vt 0.003623 0.775086
vt 0.003341 0.768774
vt 0.015547 0.765963
vt 0.005056 0.763301
vt 0.082819 0.828562
vt 0.087395 0.825487
vt 0.051758 0.849260
vt 0.063440 0.843783
vt 0.072602 0.834726
vt 0.046733 0.837811
vt 0.058760 0.831030
vt 0.042602 0.832881
vt 0.055044 0.823990
vt 0.068518 0.825487
vt 0.072719 0.806023
vt 0.063704 0.815578
vt 0.089882 0.671787
vt 0.084306 0.653036
vt 0.063117 0.672979
vt 0.058176 0.657454
vt 0.061577 0.692674
vt 0.057182 0.699748
vt 0.065956 0.983033
vt 0.089727 0.931134
vt 0.054965 0.701166
vt 0.045489 0.693401
vt 0.095938 0.738212
vt 0.112282 0.738291
vt 0.034926 0.683278
vt 0.028072 0.678156
vt 0.032790 0.734088
vt 0.035350 0.729478
vt 0.050744 0.730897
vt 0.052173 0.734600
vt 0.019058 0.728800
vt 0.021097 0.724389
vt 0.067600 0.906514
vt 0.079796 0.743098
vt 0.077777 0.758499
vt 0.063881 0.723912
vt 0.068059 0.718767
vt 0.083105 0.715684
vt 0.067547 0.728858
vt 0.111298 0.682989
vt 0.094948 0.702190
vt 0.089795 0.687166
vt 0.063479 0.683800
vt 0.075951 0.673216
vt 0.070641 0.655578
vt 0.055542 0.979491
vt 0.083543 0.924960
vt 0.065464 0.708452
vt 0.071592 0.705837
vt 0.075802 0.686113
vt 0.074920 0.698424
vt 0.063401 0.785970
vt 0.075175 0.770994
vt 0.259124 0.069927
vt 0.244967 0.089866
vt 0.209747 0.058497
vt 0.239503 0.019500
vt 0.183712 0.024436
vt 0.171061 0.084476
vt 0.155549 0.045895
vt 0.197140 0.097763
vt 0.207497 0.591719
vt 0.218537 0.693676
vt 0.239470 0.646856
vt 0.131261 0.707479
vt 0.111343 0.709320
vt 0.135073 0.722799
vt 0.111641 0.720856
vt 0.151909 0.707415
vt 0.190024 0.709161
vt 0.061749 0.760869
vt 0.062567 0.899263
vt 0.063108 0.748525
vt 0.057312 0.727405
vt 0.059860 0.731729
vt 0.028152 0.741884
vt 0.014043 0.738112
vt 0.050411 0.743031
vt 0.073671 0.735978
vt 0.061484 0.740127
vt 0.020052 0.631119
vt 0.004749 0.555444
vt 0.083434 0.553499
vt 0.085927 0.625005
vt 0.143082 0.580407
vt 0.119809 0.625069
vt 0.162967 0.609416
vt 0.157233 0.625361
vt 0.761276 0.294966
vt 0.681188 0.302758
vt 0.682699 0.280457
vt 0.621514 0.260373
vt 0.566977 0.306144
vt 0.560256 0.267369
vt 0.626342 0.302579
vt 0.761082 0.246613
vt 0.682787 0.255391
vt 0.686302 0.229568
vt 0.609318 0.251679
vt 0.611124 0.224963
vt 0.573332 0.250455
vt 0.574413 0.225773
s 0
usemtl Material.000001
f 1/1/1 2/2/2 3/3/3
f 2/2/4 1/1/5 4/3/6
f 5/4/7 6/5/8 7/6/9
f 7/6/9 8/5/10 9/4/11
f 5/4/7 7/6/9 10/7/12
f 10/7/12 7/6/9 9/4/11
f 6/5/13 11/8/14 12/9/15
f 12/9/16 13/8/17 8/5/18
f 14/10/19 12/9/16 11/8/14
f 13/8/17 12/9/20 15/10/21
f 16/11/22 17/12/22 18/13/23
f 17/12/22 19/14/24 18/13/23
f 20/15/25 21/16/22 16/11/22
f 20/15/25 16/11/22 18/13/26
f 10/7/12 22/17/22 23/18/22
f 10/7/27 23/18/22 24/19/28
f 7/6/9 25/20/22 22/17/22
f 7/6/9 22/17/22 10/7/12
f 12/9/15 26/21/22 25/20/22
f 12/9/29 25/20/22 7/6/9
f 27/22/30 6/5/8 5/4/31
f 9/4/32 8/5/10 28/22/33
f 29/23/34 30/24/35 31/25/36
f 32/25/37 33/24/38 34/23/39
f 30/24/40 35/26/41 36/27/42
f 37/27/43 38/26/44 33/24/45
f 30/24/46 36/27/47 31/25/36
f 32/25/48 37/27/49 33/24/45
f 11/8/14 36/27/47 14/10/50
f 15/10/51 37/27/49 13/8/17
f 12/9/15 39/28/52 26/21/22
f 2/2/4 1/1/53 40/29/22
f 2/2/2 40/29/22 41/30/22
f 42/31/54 2/2/55 41/30/22
f 42/31/56 41/30/22 43/32/22
f 44/33/57 42/31/56 43/32/22
f 44/33/58 43/32/22 45/34/22
f 46/35/59 44/33/58 45/34/22
f 47/36/60 48/37/22 49/38/22
f 50/39/61 51/40/62 52/41/63
f 53/41/63 54/40/64 55/39/65
f 56/42/66 50/39/67 57/43/68
f 58/43/69 55/39/65 59/42/70
f 23/18/22 60/44/71 24/19/72
f 60/44/73 23/18/22 61/45/22
f 61/45/22 21/16/22 20/15/25
f 61/45/22 20/15/25 60/44/73
f 1/1/74 62/46/22 40/29/22
f 62/46/22 1/1/5 63/47/75
f 63/47/75 47/36/60 49/38/22
f 63/47/75 49/38/22 62/46/22
f 64/48/76 65/49/77 66/50/78
f 67/50/79 68/49/80 64/48/76
f 65/49/77 69/51/81 70/52/82
f 71/52/83 72/51/84 68/49/85
f 65/49/77 70/52/86 66/50/87
f 67/50/88 71/52/89 68/49/80
f 69/51/81 65/49/90 73/53/91
f 74/53/92 68/49/80 72/51/84
f 73/53/93 65/49/90 75/54/94
f 76/54/95 68/49/96 74/53/92
f 75/54/94 65/49/77 77/55/97
f 77/55/97 68/49/98 76/54/95
f 77/55/99 65/49/77 64/48/76
f 64/48/76 68/49/80 77/55/97
f 2/2/100 42/31/56 29/23/34
f 34/23/101 42/31/56 2/2/4
f 2/2/2 29/23/34 3/3/3
f 4/3/102 34/23/39 2/2/55
f 6/5/8 12/9/15 7/6/9
f 7/6/9 12/9/103 8/5/10
f 42/31/104 44/33/58 30/24/40
f 33/24/38 44/33/57 42/31/56
f 42/31/54 30/24/40 29/23/105
f 34/23/39 33/24/45 42/31/54
f 11/8/106 78/56/107 12/9/15
f 12/9/20 78/56/108 13/8/109
f 44/33/58 78/56/107 30/24/40
f 33/24/45 78/56/108 44/33/58
f 14/10/19 39/28/110 12/9/15
f 12/9/15 39/28/52 15/10/21
f 46/35/111 35/26/112 30/24/40
f 33/24/45 38/26/44 46/35/113
f 46/35/114 30/24/40 44/33/58
f 44/33/58 33/24/38 46/35/114
f 29/23/34 27/22/115 79/57/116
f 80/57/117 28/22/33 34/23/39
f 29/23/118 79/57/119 3/3/120
f 4/3/121 80/57/122 34/23/123
f 27/22/115 5/4/7 79/57/62
f 80/57/64 9/4/11 28/22/33
f 11/8/124 31/25/125 78/56/126
f 78/56/108 32/25/48 13/8/17
f 30/24/35 78/56/108 31/25/127
f 32/25/48 78/56/108 33/24/45
f 6/5/8 31/25/128 11/8/14
f 13/8/17 32/25/37 8/5/10
f 11/8/14 31/25/128 36/27/42
f 37/27/43 32/25/37 13/8/17
f 50/39/61 52/41/129 57/43/68
f 58/43/69 53/41/63 55/39/130
f 56/42/131 57/43/132 81/58/133
f 82/58/134 58/43/69 59/42/48
f 83/59/42 56/42/36 81/58/135
f 82/58/134 59/42/70 84/59/43
f 85/60/136 86/61/137 87/62/138
f 88/62/139 89/61/140 90/60/141
f 91/63/142 87/62/138 92/64/143
f 93/64/144 88/62/139 94/63/145
f 91/63/142 85/60/136 87/62/146
f 88/62/147 90/60/141 94/63/148
f 95/65/149 96/66/150 97/67/151
f 98/67/152 99/66/153 100/65/154
f 101/68/155 97/67/156 102/69/157
f 103/69/158 98/67/159 104/68/160
f 101/68/155 95/65/161 97/67/162
f 98/67/163 100/65/164 104/68/160
f 102/69/165 85/60/136 91/63/166
f 94/63/148 90/60/141 103/69/167
f 105/70/168 92/64/143 106/71/169
f 107/71/170 93/64/171 108/70/172
f 105/70/173 91/63/174 92/64/143
f 93/64/171 94/63/175 108/70/176
f 109/72/177 106/71/178 110/73/179
f 111/73/180 107/71/170 112/72/181
f 109/72/177 105/70/182 106/71/183
f 107/71/170 108/70/184 112/72/181
f 113/74/185 110/73/186 114/75/187
f 115/75/188 111/73/189 116/74/190
f 113/74/185 109/72/177 110/73/191
f 111/73/192 112/72/181 116/74/190
f 117/76/193 102/69/194 118/77/195
f 119/77/196 103/69/197 120/76/198
f 121/78/199 118/77/200 122/79/201
f 123/79/202 119/77/203 124/78/204
f 121/78/205 117/76/206 118/77/207
f 119/77/203 120/76/208 124/78/204
f 118/77/200 91/63/174 105/70/182
f 108/70/184 94/63/175 119/77/203
f 118/77/200 102/69/209 91/63/174
f 94/63/175 103/69/210 119/77/203
f 122/79/201 105/70/182 109/72/211
f 112/72/212 108/70/184 123/79/202
f 122/79/201 118/77/200 105/70/182
f 108/70/184 119/77/203 123/79/202
f 125/80/213 5/4/7 10/7/12
f 10/7/12 9/4/11 126/80/214
f 3/3/120 127/81/215 128/82/216
f 129/82/217 130/81/218 4/3/121
f 79/57/62 125/80/219 127/81/220
f 130/81/221 126/80/222 80/57/64
f 29/23/34 31/25/36 27/22/61
f 28/22/65 32/25/37 34/23/39
f 6/5/8 27/22/67 31/25/36
f 32/25/37 28/22/65 8/5/10
f 51/40/119 131/83/215 132/84/223
f 133/84/223 134/83/218 54/40/64
f 135/85/224 136/86/225 60/44/73
f 60/44/73 137/86/226 138/85/227
f 135/85/228 60/44/73 20/15/25
f 20/15/25 60/44/71 138/85/229
f 136/86/225 24/19/72 60/44/73
f 60/44/73 24/19/72 137/86/226
f 47/36/230 63/47/75 139/87/231
f 140/87/232 63/47/233 47/36/234
f 47/36/60 139/87/231 141/88/235
f 142/88/236 140/87/232 47/36/234
f 63/47/75 128/82/237 139/87/231
f 140/87/232 129/82/238 63/47/75
f 143/89/239 144/90/240 141/88/241
f 142/88/242 145/90/243 146/89/244
f 143/89/245 141/88/246 139/87/247
f 140/87/248 142/88/249 146/89/250
f 125/80/251 136/86/252 143/89/253
f 146/89/254 137/86/255 126/80/256
f 147/91/257 148/92/258 149/93/259
f 150/93/260 151/92/261 152/91/262
f 147/91/257 149/93/259 153/94/263
f 154/94/264 150/93/260 152/91/262
f 148/92/265 155/95/266 156/96/267
f 157/96/268 158/95/269 151/92/261
f 148/92/270 156/96/271 149/93/259
f 150/93/260 157/96/268 151/92/261
f 159/97/272 160/98/273 148/92/274
f 151/92/275 161/98/276 162/97/277
f 148/92/274 147/91/278 159/97/279
f 162/97/277 152/91/262 151/92/275
f 163/99/280 164/100/281 165/101/282
f 166/101/283 167/100/284 168/99/285
f 163/99/280 165/101/286 169/102/287
f 170/102/288 166/101/283 168/99/289
f 171/103/290 172/104/291 169/102/287
f 170/102/288 173/104/292 174/103/293
f 171/103/294 169/102/287 165/101/295
f 166/101/296 170/102/288 174/103/297
f 175/105/298 176/106/299 177/107/300
f 178/107/301 179/106/302 180/105/303
f 175/105/304 177/107/300 181/108/305
f 182/108/306 178/107/301 180/105/307
f 176/106/299 183/109/308 184/110/309
f 184/110/309 183/109/308 179/106/310
f 176/106/311 184/110/309 177/107/312
f 178/107/313 184/110/309 179/106/310
f 181/108/314 177/107/300 185/111/315
f 186/111/316 178/107/301 182/108/317
f 181/108/314 185/111/315 96/66/150
f 99/66/153 186/111/316 182/108/317
f 177/107/318 184/110/319 187/112/320
f 187/112/320 184/110/319 178/107/321
f 177/107/318 187/112/322 185/111/323
f 186/111/324 187/112/322 178/107/321
f 149/93/325 165/101/326 164/100/327
f 167/100/328 166/101/329 150/93/330
f 149/93/325 164/100/327 153/94/331
f 154/94/332 167/100/284 150/93/330
f 156/96/267 171/103/333 165/101/334
f 166/101/335 174/103/336 157/96/268
f 156/96/267 165/101/282 149/93/325
f 150/93/330 166/101/337 157/96/268
f 159/97/279 188/113/338 189/114/339
f 190/114/340 191/113/341 162/97/277
f 159/97/342 189/114/343 160/98/273
f 161/98/276 190/114/344 162/97/345
f 188/113/338 175/105/298 181/108/305
f 182/108/306 180/105/303 191/113/341
f 188/113/338 181/108/305 189/114/346
f 190/114/347 182/108/306 191/113/341
f 189/114/348 181/108/305 96/66/150
f 99/66/153 182/108/349 190/114/347
f 183/109/350 176/106/351 192/115/352
f 193/115/353 179/106/302 183/109/350
f 183/109/350 192/115/352 194/116/354
f 194/116/354 193/115/353 183/109/350
f 176/106/299 175/105/298 195/117/355
f 196/117/356 180/105/303 179/106/302
f 176/106/351 195/117/357 192/115/352
f 193/115/353 196/117/358 179/106/359
f 197/118/338 198/119/360 199/120/361
f 200/120/362 201/119/363 202/118/364
f 199/120/304 198/119/360 203/121/365
f 204/121/366 201/119/367 200/120/307
f 199/120/298 203/121/365 205/122/355
f 206/122/356 204/121/366 200/120/303
f 203/121/368 198/119/369 207/123/370
f 208/123/371 201/119/363 204/121/372
f 203/121/368 207/123/373 209/124/374
f 210/124/375 208/123/376 204/121/372
f 209/124/374 207/123/377 211/125/378
f 212/125/379 208/123/371 210/124/375
f 209/124/374 211/125/380 213/126/381
f 214/126/382 212/125/383 210/124/375
f 213/126/381 211/125/380 215/127/384
f 216/127/385 212/125/383 214/126/386
f 213/126/381 215/127/387 217/128/388
f 218/128/389 216/127/390 214/126/382
f 217/128/388 215/127/391 219/129/392
f 220/129/393 216/127/394 218/128/395
f 217/128/396 219/129/397 221/130/398
f 222/130/399 220/129/400 218/128/401
f 219/129/397 223/131/402 224/132/403
f 225/132/404 226/131/405 220/129/393
f 219/129/406 224/132/403 221/130/398
f 222/130/407 225/132/404 220/129/408
f 223/131/409 227/133/410 228/134/411
f 229/134/412 230/133/413 226/131/405
f 223/131/402 228/134/414 224/132/415
f 225/132/416 229/134/417 226/131/418
f 231/135/419 232/136/420 233/137/360
f 234/137/363 235/136/421 236/135/422
f 231/135/279 233/137/360 237/138/338
f 238/138/341 234/137/363 236/135/422
f 231/135/423 239/139/278 240/140/424
f 241/140/425 242/139/426 236/135/422
f 231/135/419 240/140/424 232/136/420
f 235/136/421 241/140/427 236/135/422
f 243/141/370 233/137/428 244/142/429
f 245/142/430 234/137/431 246/141/432
f 243/141/370 244/142/429 247/143/433
f 248/143/434 245/142/430 246/141/432
f 249/144/380 243/141/370 247/143/435
f 248/143/436 246/141/371 250/144/383
f 249/144/380 247/143/437 251/145/438
f 252/145/439 248/143/436 250/144/440
f 253/146/391 249/144/380 251/145/441
f 252/145/439 250/144/383 254/146/442
f 253/146/387 251/145/438 255/147/443
f 256/147/444 252/145/445 254/146/442
f 257/148/406 253/146/387 255/147/446
f 256/147/447 254/146/442 258/148/408
f 257/148/397 255/147/448 259/149/449
f 260/149/450 256/147/451 258/148/393
f 261/150/402 257/148/406 259/149/449
f 260/149/450 258/148/393 262/150/418
f 261/150/452 259/149/449 263/151/453
f 264/151/454 260/149/450 262/150/455
f 240/140/456 261/150/457 263/151/458
f 264/151/454 262/150/455 241/140/459
f 240/140/460 263/151/461 265/152/462
f 266/152/463 264/151/454 241/140/464
f 233/137/369 232/136/465 267/153/466
f 268/153/467 235/136/468 234/137/367
f 233/137/360 267/153/469 244/142/470
f 245/142/471 268/153/472 234/137/363
f 232/136/420 240/140/424 265/152/473
f 266/152/463 241/140/425 235/136/421
f 232/136/420 265/152/474 267/153/466
f 268/153/467 266/152/475 235/136/421
f 247/143/437 244/142/476 269/154/477
f 270/154/478 245/142/479 248/143/480
f 251/145/438 247/143/481 269/154/477
f 270/154/482 248/143/483 252/145/439
f 255/147/446 251/145/484 269/154/485
f 270/154/486 252/145/487 256/147/447
f 259/149/488 255/147/446 269/154/485
f 270/154/489 256/147/447 260/149/490
f 263/151/491 259/149/488 269/154/492
f 270/154/489 260/149/490 264/151/493
f 265/152/473 263/151/461 269/154/492
f 270/154/489 264/151/454 266/152/494
f 244/142/495 267/153/469 269/154/496
f 270/154/478 268/153/472 245/142/430
f 267/153/497 265/152/474 269/154/498
f 270/154/489 266/152/475 268/153/499
f 271/155/500 272/156/501 273/157/502
f 274/157/503 275/156/284 276/155/504
f 271/155/500 273/157/505 277/158/506
f 278/158/507 274/157/508 276/155/509
f 272/156/510 279/159/511 280/160/512
f 281/160/513 282/159/289 275/156/284
f 272/156/510 280/160/512 273/157/514
f 274/157/515 281/160/513 275/156/516
f 194/116/517 192/115/518 283/161/519
f 284/161/520 193/115/521 194/116/517
f 194/116/517 283/161/522 285/162/523
f 285/162/523 284/161/520 194/116/517
f 192/115/524 195/117/357 286/163/525
f 287/163/526 196/117/358 193/115/527
f 192/115/518 286/163/525 283/161/528
f 284/161/529 287/163/526 193/115/521
f 288/164/530 289/165/531 290/166/532
f 291/166/533 292/165/534 293/164/535
f 209/124/536 213/126/381 294/167/537
f 295/167/538 214/126/382 210/124/539
f 209/124/536 294/167/540 296/168/541
f 297/168/542 295/167/543 210/124/539
f 213/126/381 217/128/388 298/169/544
f 299/169/545 218/128/546 214/126/382
f 213/126/381 298/169/547 294/167/540
f 295/167/543 299/169/548 214/126/382
f 221/130/398 224/132/403 300/170/549
f 301/170/550 225/132/404 222/130/407
f 221/130/398 300/170/551 302/171/552
f 303/171/553 301/170/550 222/130/407
f 205/122/355 203/121/365 304/172/554
f 305/172/555 204/121/366 206/122/356
f 205/122/357 304/172/556 288/164/557
f 293/164/526 305/172/555 206/122/358
f 203/121/365 209/124/536 296/168/541
f 297/168/542 210/124/375 204/121/366
f 203/121/558 296/168/541 304/172/556
f 305/172/559 297/168/542 204/121/560
f 288/164/557 304/172/554 296/168/541
f 297/168/542 305/172/561 293/164/526
f 288/164/530 296/168/541 289/165/531
f 292/165/534 297/168/562 293/164/535
f 289/165/563 296/168/564 294/167/540
f 295/167/543 297/168/542 292/165/565
f 289/165/563 294/167/540 298/169/566
f 299/169/567 295/167/543 292/165/568
f 289/165/531 298/169/566 302/171/569
f 303/171/570 299/169/567 292/165/534
f 290/166/532 289/165/531 302/171/569
f 303/171/571 292/165/534 291/166/533
f 290/166/532 302/171/569 300/170/572
f 301/170/573 303/171/553 291/166/533
f 306/173/574 307/174/575 308/175/576
f 308/175/576 307/174/575 309/173/577
f 306/173/578 308/175/576 310/176/579
f 311/176/580 308/175/576 309/173/581
f 312/177/582 306/173/578 310/176/579
f 311/176/580 309/173/581 313/177/583
f 312/177/584 310/176/579 314/178/585
f 315/178/586 311/176/580 313/177/587
f 310/176/579 308/175/576 316/179/588
f 316/179/589 308/175/576 311/176/580
f 310/176/579 316/179/590 317/180/591
f 318/180/592 316/179/590 311/176/580
f 314/178/585 310/176/579 317/180/591
f 318/180/593 311/176/580 315/178/586
f 314/178/594 317/180/595 319/181/596
f 320/181/597 318/180/598 315/178/599
f 321/182/591 322/183/600 323/184/601
f 323/184/601 322/183/600 324/182/592
f 321/182/595 323/184/601 325/185/602
f 326/185/603 323/184/601 324/182/592
f 327/186/596 321/182/591 325/185/602
f 326/185/603 324/182/592 328/186/597
f 327/186/596 325/185/604 329/187/605
f 330/187/606 326/185/607 328/186/597
f 279/159/608 329/187/605 280/160/609
f 281/160/610 330/187/611 282/159/285
f 228/134/612 331/188/613 300/170/572
f 301/170/573 332/188/614 229/134/615
f 228/134/612 300/170/572 224/132/403
f 225/132/404 301/170/573 229/134/616
f 333/189/617 277/158/618 334/190/619
f 335/190/620 278/158/621 336/189/622
f 333/189/617 334/190/619 337/191/623
f 338/191/624 335/190/620 336/189/622
f 277/158/506 273/157/505 339/192/625
f 340/192/626 274/157/508 278/158/507
f 277/158/506 339/192/627 334/190/619
f 335/190/620 340/192/628 278/158/507
f 273/157/514 280/160/609 341/193/629
f 342/193/630 281/160/513 274/157/631
f 273/157/514 341/193/632 339/192/627
f 340/192/628 342/193/633 274/157/515
f 325/185/602 323/184/601 343/194/634
f 343/194/634 323/184/601 326/185/603
f 325/185/602 343/194/635 344/195/636
f 345/195/637 343/194/634 326/185/603
f 329/187/605 325/185/604 344/195/638
f 345/195/639 326/185/607 330/187/611
f 329/187/640 344/195/638 346/196/641
f 347/196/642 345/195/639 330/187/643
f 280/160/609 329/187/605 346/196/641
f 347/196/642 330/187/611 281/160/610
f 280/160/609 346/196/641 341/193/629
f 342/193/644 347/196/642 281/160/610
f 348/197/411 333/189/617 337/191/623
f 338/191/645 336/189/622 349/197/615
f 348/197/646 337/191/647 350/198/648
f 351/198/649 338/191/624 349/197/615
f 334/190/650 339/192/627 352/199/651
f 353/199/652 340/192/628 335/190/653
f 339/192/654 341/193/629 354/200/655
f 355/200/656 342/193/630 340/192/657
f 339/192/658 354/200/659 352/199/651
f 353/199/652 355/200/660 340/192/661
f 352/199/651 356/201/662 357/202/663
f 358/202/664 359/201/665 353/199/652
f 352/199/651 357/202/663 360/203/666
f 361/203/667 358/202/664 353/199/652
f 356/201/668 362/204/669 363/205/670
f 364/205/671 365/204/672 359/201/673
f 356/201/674 363/205/675 357/202/676
f 358/202/677 364/205/678 359/201/673
f 354/200/655 366/206/679 356/201/680
f 359/201/681 367/206/682 355/200/656
f 354/200/659 356/201/680 352/199/651
f 353/199/652 359/201/681 355/200/660
f 366/206/679 368/207/683 362/204/684
f 365/204/685 369/207/686 367/206/682
f 366/206/679 362/204/684 356/201/662
f 359/201/665 365/204/687 367/206/682
f 370/208/688 371/209/689 372/210/690
f 373/210/691 374/209/692 375/208/693
f 370/208/688 372/210/694 376/211/695
f 377/211/696 373/210/697 375/208/698
f 378/212/699 376/211/695 379/213/700
f 380/213/701 377/211/702 381/212/703
f 382/214/704 383/215/705 384/216/706
f 385/216/707 386/215/708 387/214/709
f 382/214/704 384/216/706 388/217/710
f 389/217/711 385/216/707 387/214/709
f 384/216/706 390/218/712 391/219/713
f 392/219/714 393/218/715 385/216/707
f 384/216/706 391/219/713 388/217/710
f 389/217/716 392/219/714 385/216/707
f 390/218/717 394/220/718 395/221/719
f 396/221/720 397/220/721 393/218/722
f 390/218/712 395/221/719 391/219/713
f 392/219/714 396/221/720 393/218/715
f 395/221/719 394/220/723 398/222/724
f 399/222/725 397/220/726 396/221/727
f 395/221/728 398/222/724 400/223/729
f 401/223/730 399/222/731 396/221/732
f 402/224/733 403/225/734 404/226/735
f 405/226/736 406/225/737 407/224/738
f 402/224/733 404/226/735 408/227/739
f 409/227/740 405/226/741 407/224/738
f 376/211/695 410/228/742 411/229/743
f 412/229/744 413/228/745 377/211/696
f 376/211/746 411/229/743 379/213/700
f 380/213/701 412/229/744 377/211/702
f 410/228/742 383/215/747 382/214/748
f 387/214/749 386/215/750 413/228/745
f 410/228/742 382/214/704 411/229/743
f 412/229/744 387/214/709 413/228/745
f 73/53/751 414/230/752 415/231/753
f 416/231/754 417/230/755 74/53/756
f 73/53/751 415/231/757 69/51/758
f 72/51/759 416/231/760 74/53/756
f 69/51/758 415/231/753 418/232/761
f 419/232/762 416/231/754 72/51/763
f 69/51/758 418/232/764 70/52/765
f 71/52/766 419/232/767 72/51/759
f 415/231/753 378/212/768 379/213/769
f 380/213/701 381/212/770 416/231/754
f 415/231/753 379/213/769 418/232/771
f 419/232/772 380/213/773 416/231/754
f 420/233/774 421/234/775 422/235/776
f 423/235/777 424/234/778 425/233/779
f 420/233/774 422/235/776 426/236/780
f 427/236/781 423/235/777 425/233/779
f 421/234/782 382/214/748 388/217/783
f 389/217/784 387/214/749 424/234/785
f 421/234/782 388/217/783 422/235/776
f 423/235/777 389/217/784 424/234/785
f 391/219/786 428/237/787 422/235/788
f 423/235/789 429/237/790 392/219/791
f 391/219/786 422/235/776 388/217/792
f 389/217/793 423/235/777 392/219/791
f 428/237/794 430/238/795 426/236/780
f 427/236/781 431/238/796 429/237/797
f 428/237/787 426/236/798 422/235/776
f 423/235/777 427/236/799 429/237/790
f 395/221/719 432/239/800 428/237/787
f 429/237/790 433/239/801 396/221/720
f 395/221/719 428/237/802 391/219/786
f 392/219/791 429/237/803 396/221/720
f 432/239/804 434/240/805 430/238/795
f 431/238/796 435/240/806 433/239/801
f 432/239/804 430/238/795 428/237/794
f 429/237/797 431/238/796 433/239/801
f 411/229/807 436/241/808 418/232/771
f 419/232/772 437/241/809 412/229/810
f 411/229/807 418/232/811 379/213/700
f 380/213/701 419/232/812 412/229/810
f 436/241/808 438/242/813 70/52/86
f 71/52/89 439/242/814 437/241/809
f 436/241/815 70/52/765 418/232/761
f 419/232/816 71/52/766 437/241/817
f 382/214/748 421/234/818 436/241/808
f 437/241/809 424/234/819 387/214/749
f 382/214/748 436/241/808 411/229/807
f 412/229/810 437/241/809 387/214/749
f 421/234/775 420/233/820 438/242/813
f 439/242/814 425/233/821 424/234/822
f 421/234/818 438/242/823 436/241/808
f 437/241/809 439/242/824 424/234/819
f 378/212/768 415/231/753 414/230/752
f 417/230/755 416/231/754 381/212/770
f 350/198/825 440/243/826 441/244/827
f 442/244/828 443/243/829 351/198/830
f 350/198/825 441/244/831 444/245/572
f 445/245/573 442/244/832 351/198/830
f 440/243/833 414/230/834 73/53/751
f 74/53/835 417/230/836 443/243/837
f 440/243/826 73/53/838 441/244/827
f 442/244/828 74/53/839 443/243/829
f 446/246/840 414/230/752 440/243/833
f 443/243/837 417/230/755 447/246/841
f 400/223/842 448/247/843 449/248/844
f 450/248/845 451/247/846 401/223/730
f 400/223/842 449/248/844 395/221/719
f 396/221/732 450/248/845 401/223/847
f 448/247/848 452/249/849 453/250/850
f 454/250/851 455/249/738 451/247/852
f 448/247/848 453/250/853 449/248/854
f 450/248/855 454/250/851 451/247/852
f 432/239/804 456/251/856 457/252/857
f 458/252/858 459/251/859 433/239/801
f 432/239/804 457/252/860 434/240/861
f 435/240/862 458/252/858 433/239/801
f 456/251/863 460/253/864 461/254/865
f 462/254/866 463/253/867 459/251/868
f 456/251/863 461/254/865 457/252/869
f 458/252/870 462/254/866 459/251/868
f 395/221/719 449/248/844 456/251/856
f 459/251/859 450/248/845 396/221/720
f 395/221/719 456/251/856 432/239/800
f 433/239/871 459/251/859 396/221/720
f 449/248/854 453/250/850 460/253/872
f 463/253/873 454/250/874 450/248/855
f 449/248/854 460/253/872 456/251/863
f 459/251/868 463/253/875 450/248/855
f 363/205/670 362/204/876 464/255/877
f 465/255/878 365/204/672 364/205/879
f 363/205/880 464/255/881 466/256/882
f 467/256/883 465/255/884 364/205/671
f 362/204/885 368/207/886 468/257/887
f 469/257/888 369/207/889 365/204/890
f 362/204/684 468/257/887 464/255/881
f 465/255/884 469/257/888 365/204/890
f 470/258/689 471/259/891 472/260/892
f 473/260/893 474/259/894 475/258/692
f 470/258/689 472/260/895 476/261/694
f 477/261/896 473/260/897 475/258/692
f 471/259/891 478/262/898 479/263/899
f 480/263/900 481/262/901 474/259/902
f 471/259/891 479/263/899 472/260/903
f 473/260/904 480/263/905 474/259/906
f 479/263/907 478/262/908 482/264/909
f 483/264/910 481/262/901 480/263/905
f 479/263/899 482/264/909 484/265/911
f 485/265/912 483/264/910 480/263/905
f 466/256/913 464/255/881 486/266/914
f 487/266/915 465/255/884 467/256/883
f 466/256/916 486/266/917 488/267/918
f 489/267/919 487/266/915 467/256/920
f 464/255/877 468/257/887 490/268/921
f 491/268/922 469/257/923 465/255/878
f 464/255/881 490/268/924 486/266/925
f 487/266/926 491/268/927 465/255/884
f 466/256/916 488/267/928 492/269/909
f 493/269/929 489/267/930 467/256/931
f 466/256/916 492/269/932 494/270/898
f 495/270/901 493/269/910 467/256/920
f 496/271/933 497/272/934 498/273/935
f 499/273/936 500/272/937 501/271/938
f 496/271/933 498/273/939 502/274/940
f 503/274/941 499/273/942 501/271/938
f 479/263/943 484/265/911 502/274/944
f 503/274/945 485/265/912 480/263/946
f 479/263/899 502/274/940 498/273/939
f 499/273/942 503/274/941 480/263/900
f 504/275/887 497/272/947 496/271/948
f 501/271/938 500/272/949 505/275/888
f 504/275/950 496/271/933 506/276/921
f 507/276/922 501/271/938 505/275/888
f 497/272/951 508/277/952 509/278/953
f 510/278/954 511/277/955 500/272/956
f 497/272/951 509/278/953 498/273/935
f 499/273/936 510/278/957 500/272/958
f 512/279/959 508/277/952 497/272/960
f 500/272/958 511/277/955 513/279/889
f 512/279/683 497/272/961 504/275/887
f 505/275/923 500/272/949 513/279/962
f 476/261/963 472/260/964 498/273/939
f 499/273/942 473/260/965 477/261/966
f 476/261/967 498/273/939 509/278/968
f 510/278/969 499/273/942 477/261/970
f 479/263/899 498/273/939 472/260/964
f 473/260/965 499/273/942 480/263/900
f 514/280/963 509/278/971 515/281/972
f 515/281/972 510/278/957 516/280/966
f 514/280/694 515/281/973 517/282/974
f 517/282/975 515/281/973 516/280/896
f 518/283/976 515/281/973 509/278/968
f 510/278/969 515/281/972 518/283/977
f 518/283/976 509/278/953 508/277/978
f 511/277/979 510/278/954 518/283/980
f 512/279/959 519/284/981 518/283/976
f 518/283/977 519/284/982 513/279/962
f 512/279/959 518/283/983 508/277/952
f 511/277/955 518/283/984 513/279/889
f 341/193/985 346/196/641 354/200/655
f 355/200/656 347/196/642 342/193/644
f 344/195/986 366/206/987 354/200/655
f 355/200/656 367/206/988 345/195/989
f 344/195/638 354/200/659 346/196/641
f 347/196/642 355/200/656 345/195/639
f 344/195/636 343/194/634 520/285/981
f 520/285/990 343/194/634 345/195/637
f 344/195/991 520/285/992 366/206/993
f 367/206/994 520/285/992 345/195/995
f 368/207/683 366/206/993 520/285/996
f 520/285/996 367/206/682 369/207/962
f 383/215/997 521/286/998 522/287/999
f 523/287/1000 524/286/1001 386/215/1002
f 383/215/997 522/287/1003 384/216/1004
f 385/216/1005 523/287/1006 386/215/1007
f 525/288/998 526/289/1008 527/290/1009
f 527/290/1009 526/289/1008 528/288/1001
f 525/288/998 527/290/1009 529/291/1010
f 530/291/1011 527/290/1009 528/288/1012
f 384/216/1004 522/287/1010 531/292/1013
f 532/292/1014 523/287/1011 385/216/1015
f 384/216/1004 531/292/1016 390/218/717
f 393/218/722 532/292/1017 385/216/1005
f 529/291/1010 527/290/1009 533/293/1018
f 533/293/1019 527/290/1009 530/291/1011
f 529/291/999 533/293/1020 534/294/1013
f 535/294/1014 533/293/1021 530/291/1006
f 410/228/742 536/295/1022 521/286/1023
f 524/286/1024 537/295/1025 413/228/745
f 410/228/1026 521/286/1027 383/215/747
f 386/215/1007 524/286/1028 413/228/1029
f 538/296/1030 539/297/1031 526/289/1032
f 526/289/1033 539/297/1031 540/296/1034
f 538/296/1035 526/289/1008 525/288/1036
f 528/288/1012 526/289/1008 540/296/1034
f 376/211/695 372/210/1037 536/295/1030
f 537/295/1038 373/210/970 377/211/696
f 376/211/746 536/295/1035 410/228/1026
f 413/228/1029 537/295/1039 377/211/1040
f 514/280/694 517/282/974 539/297/1031
f 539/297/1031 517/282/975 516/280/896
f 514/280/694 539/297/1031 538/296/1030
f 540/296/1038 539/297/1031 516/280/691
f 357/202/676 541/298/1041 542/299/1042
f 543/299/1043 544/298/1044 358/202/677
f 357/202/676 542/299/1045 360/203/666
f 361/203/667 543/299/1046 358/202/677
f 541/298/1041 370/208/1047 545/300/1048
f 546/300/1049 375/208/693 544/298/1044
f 541/298/1041 545/300/1048 542/299/1045
f 543/299/1046 546/300/1049 544/298/1044
f 363/205/670 547/301/1050 541/298/1051
f 544/298/1052 548/301/1053 364/205/879
f 363/205/670 541/298/1041 357/202/676
f 358/202/677 544/298/1044 364/205/879
f 547/301/1054 549/302/1055 370/208/688
f 375/208/698 550/302/1056 548/301/1057
f 547/301/1054 370/208/688 541/298/1058
f 544/298/1059 375/208/698 548/301/1057
f 466/256/916 551/303/1060 547/301/1050
f 548/301/1053 552/303/1061 467/256/920
f 466/256/913 547/301/1050 363/205/1062
f 364/205/1063 548/301/1053 467/256/1064
f 551/303/1060 553/304/891 549/302/1055
f 550/302/1056 554/304/894 552/303/1061
f 551/303/1060 549/302/1055 547/301/1065
f 548/301/1066 550/302/1056 552/303/1061
f 466/256/916 494/270/908 553/304/1067
f 554/304/906 495/270/901 467/256/920
f 466/256/882 553/304/1068 551/303/1060
f 552/303/1061 554/304/906 467/256/883
f 484/265/911 482/264/1069 555/305/1070
f 556/305/1071 483/264/910 485/265/912
f 484/265/1072 555/305/1073 557/306/1074
f 558/306/1075 556/305/1076 485/265/912
f 488/267/918 486/266/914 559/307/1077
f 560/307/1078 487/266/915 489/267/919
f 488/267/928 559/307/1077 561/308/1079
f 562/308/1080 560/307/1078 489/267/919
f 486/266/925 490/268/921 563/309/1081
f 564/309/1082 491/268/927 487/266/915
f 486/266/1083 563/309/1081 559/307/1077
f 560/307/1078 564/309/1084 487/266/926
f 492/269/909 488/267/928 561/308/1079
f 562/308/1080 489/267/930 493/269/910
f 492/269/909 561/308/1085 565/310/1070
f 566/310/1071 562/308/1086 493/269/929
f 502/274/940 484/265/1072 557/306/1087
f 558/306/1088 485/265/912 503/274/945
f 502/274/940 557/306/1089 567/311/1090
f 568/311/1091 558/306/1088 503/274/1092
f 496/271/933 502/274/944 567/311/1093
f 568/311/1094 503/274/1095 501/271/938
f 496/271/933 567/311/1096 569/312/1097
f 570/312/1098 568/311/1094 501/271/938
f 506/276/1099 496/271/933 569/312/1100
f 570/312/1101 501/271/938 507/276/922
f 506/276/921 569/312/1100 571/313/1081
f 572/313/1082 570/312/1102 507/276/922
f 557/306/1074 555/305/1073 573/314/1103
f 574/314/1104 556/305/1076 558/306/1075
f 557/306/1089 573/314/1105 575/315/1106
f 576/315/1107 574/314/1108 558/306/1088
f 561/308/1079 559/307/1109 577/316/1110
f 578/316/1111 560/307/1112 562/308/1080
f 561/308/1079 577/316/1110 579/317/1113
f 580/317/1114 578/316/1111 562/308/1080
f 559/307/1077 563/309/1115 581/318/1116
f 582/318/1117 564/309/1084 560/307/1078
f 559/307/1077 581/318/1118 577/316/1119
f 578/316/1120 582/318/1121 560/307/1078
f 565/310/1070 561/308/1085 579/317/1113
f 580/317/1122 562/308/1086 566/310/1071
f 565/310/1073 579/317/1113 583/319/1103
f 584/319/1104 580/317/1122 566/310/1076
f 567/311/1096 557/306/1089 575/315/1123
f 576/315/1124 558/306/1088 568/311/1091
f 567/311/1093 575/315/1125 585/320/1126
f 586/320/1127 576/315/1128 568/311/1129
f 569/312/1130 567/311/1093 585/320/1131
f 586/320/1132 568/311/1094 570/312/1101
f 569/312/1130 585/320/1131 587/321/1133
f 588/321/1134 586/320/1127 570/312/1102
f 571/313/1081 569/312/1100 587/321/1135
f 588/321/1134 570/312/1102 572/313/1082
f 571/313/1081 587/321/1136 589/322/1137
f 590/322/1138 588/321/1139 572/313/1140
f 591/323/1141 592/324/1142 593/325/1143
f 594/325/1144 595/324/1145 596/323/1146
f 591/323/1141 593/325/1143 597/326/1147
f 598/326/1148 594/325/1149 596/323/1146
f 599/327/1150 600/328/1151 601/329/1152
f 602/329/1153 603/328/1154 604/327/1155
f 599/327/1150 601/329/1156 605/330/1157
f 606/330/1158 602/329/1159 604/327/1155
f 607/331/1160 591/323/1141 597/326/1147
f 598/326/1148 596/323/1146 608/331/1161
f 607/331/1160 597/326/1147 609/332/1162
f 610/332/1163 598/326/1148 608/331/1164
f 611/333/1165 607/331/1160 609/332/1162
f 610/332/1163 608/331/1161 612/333/1166
f 611/333/1167 609/332/1168 613/334/1152
f 614/334/1159 610/332/1169 612/333/1170
f 615/335/1171 616/336/1172 617/337/1173
f 618/337/1174 619/336/1175 620/335/1145
f 615/335/1171 617/337/1176 621/338/1143
f 622/338/1144 618/337/1174 620/335/1177
f 616/336/1178 623/339/1179 624/340/1180
f 625/340/1181 626/339/1182 619/336/1183
f 616/336/1178 624/340/1184 617/337/1176
f 618/337/1185 625/340/1186 619/336/1183
f 623/339/1187 599/327/1150 605/330/1188
f 606/330/1189 604/327/1155 626/339/1182
f 623/339/1179 605/330/1188 624/340/1190
f 625/340/1191 606/330/1158 626/339/1192
f 394/220/723 390/218/717 531/292/1016
f 532/292/1017 393/218/722 397/220/721
f 627/341/1193 628/342/1194 629/343/1195
f 630/343/1196 628/342/1197 627/341/1198
f 627/341/1193 629/343/1199 631/344/1200
f 632/344/1201 630/343/1202 627/341/1193
f 633/345/1203 631/344/1204 629/343/1195
f 630/343/1196 632/344/1201 634/345/1205
f 633/345/1206 629/343/1199 635/346/1207
f 636/346/1208 630/343/1202 634/345/1205
f 404/226/1209 629/343/1199 628/342/1210
f 628/342/1211 630/343/1202 405/226/741
f 404/226/1209 628/342/1212 637/347/1213
f 637/347/1213 628/342/1214 405/226/1215
f 403/225/734 635/346/1216 629/343/1195
f 630/343/1196 636/346/1208 406/225/737
f 403/225/1217 629/343/1199 404/226/1209
f 405/226/736 630/343/1202 406/225/1218
f 533/293/1019 638/348/1219 639/349/1220
f 640/349/1221 638/348/1219 533/293/1019
f 533/293/1019 639/349/1220 534/294/1013
f 535/294/1014 640/349/1221 533/293/1021
f 638/348/1219 627/341/1222 631/344/1223
f 632/344/1224 627/341/1225 638/348/1219
f 638/348/1219 631/344/1204 639/349/1226
f 640/349/1227 632/344/1201 638/348/1219
f 641/350/1228 534/294/1016 639/349/1220
f 640/349/1221 535/294/1017 642/350/1229
f 641/350/1228 639/349/1230 643/351/724
f 644/351/1231 640/349/1221 642/350/1232
f 643/351/1233 639/349/1234 631/344/1200
f 632/344/1235 640/349/1236 644/351/1237
f 643/351/1233 631/344/1204 633/345/1203
f 634/345/1238 632/344/1235 644/351/1231
f 398/222/724 645/352/1239 646/353/1240
f 647/353/1241 648/352/1242 399/222/731
f 398/222/1243 646/353/1240 400/223/729
f 401/223/1244 647/353/1241 399/222/731
f 645/352/1239 592/324/1142 591/323/1141
f 596/323/1146 595/324/1177 648/352/1242
f 645/352/1239 591/323/1141 646/353/1240
f 647/353/1241 596/323/1146 648/352/1242
f 402/224/733 649/354/1245 650/355/1246
f 651/355/1247 652/354/1248 407/224/738
f 402/224/733 650/355/1246 403/225/1217
f 406/225/1218 651/355/1247 407/224/1249
f 649/354/1245 600/328/1167 599/327/1250
f 604/327/1251 603/328/1170 652/354/1248
f 649/354/1245 599/327/1150 650/355/1252
f 651/355/1253 604/327/1251 652/354/1254
f 400/223/842 646/353/1255 653/356/1256
f 654/356/1257 647/353/1241 401/223/847
f 400/223/842 653/356/1256 448/247/848
f 451/247/852 654/356/1258 401/223/847
f 646/353/1240 591/323/1141 607/331/1259
f 608/331/1164 596/323/1260 647/353/1241
f 646/353/1240 607/331/1259 653/356/1261
f 654/356/1257 608/331/1164 647/353/1241
f 448/247/848 653/356/1256 655/357/1245
f 656/357/1248 654/356/1258 451/247/852
f 448/247/848 655/357/1245 452/249/1262
f 455/249/1263 656/357/1248 451/247/852
f 653/356/1256 607/331/1160 611/333/1167
f 612/333/1170 608/331/1161 654/356/1258
f 653/356/1256 611/333/1264 655/357/1245
f 656/357/1248 612/333/1265 654/356/1258
f 633/345/1266 657/358/1267 658/359/1268
f 659/359/1269 660/358/1270 634/345/1271
f 633/345/1272 658/359/1239 643/351/724
f 644/351/1231 659/359/1242 634/345/1273
f 657/358/1267 616/336/1172 615/335/1142
f 620/335/1145 619/336/1175 660/358/1270
f 657/358/1267 615/335/1171 658/359/1239
f 659/359/1242 620/335/1145 660/358/1270
f 635/346/1274 661/360/1275 657/358/1276
f 660/358/1277 662/360/1278 636/346/1279
f 635/346/1216 657/358/1276 633/345/1206
f 634/345/1280 660/358/1277 636/346/1208
f 661/360/1281 623/339/1187 616/336/1178
f 619/336/1183 626/339/1282 662/360/1283
f 661/360/1284 616/336/1178 657/358/1276
f 660/358/1277 619/336/1183 662/360/1278
f 403/225/1217 650/355/1246 661/360/1275
f 662/360/1278 651/355/1247 406/225/1218
f 403/225/1285 661/360/1286 635/346/1216
f 636/346/1287 662/360/1278 406/225/737
f 650/355/1288 599/327/1250 623/339/1289
f 626/339/1192 604/327/1251 651/355/1247
f 650/355/1288 623/339/1289 661/360/1286
f 662/360/1278 626/339/1282 651/355/1290
f 663/361/1291 664/362/1292 665/363/1293
f 666/363/1294 667/362/1295 663/361/1291
f 663/361/1296 665/363/1297 19/14/1298
f 19/14/1299 666/363/1294 663/361/1291
f 664/362/1300 668/364/1301 669/365/1302
f 670/365/1303 671/364/1304 667/362/1305
f 452/249/1306 655/357/1245 672/366/1307
f 673/366/1308 656/357/1248 455/249/1309
f 452/249/1262 672/366/1307 674/367/1310
f 675/367/1311 673/366/1308 455/249/1309
f 655/357/1245 611/333/1167 676/368/1312
f 677/368/1313 612/333/1170 656/357/1248
f 655/357/1245 676/368/1312 672/366/1314
f 673/366/1315 677/368/1313 656/357/1248
f 611/333/1167 613/334/1152 676/368/1312
f 677/368/1313 614/334/1153 612/333/1170
f 521/286/1023 678/369/1316 679/370/1317
f 680/370/1318 681/369/1319 524/286/1024
f 521/286/998 679/370/1320 522/287/1321
f 523/287/1011 680/370/1322 524/286/1001
f 522/287/1010 679/370/1323 682/371/1324
f 683/371/1325 680/370/1326 523/287/1011
f 522/287/999 682/371/1324 531/292/1013
f 532/292/1014 683/371/1327 523/287/1000
f 536/295/1022 684/372/1328 678/369/1316
f 681/369/1319 685/372/1329 537/295/1025
f 536/295/1030 678/369/1316 521/286/1023
f 524/286/1024 681/369/1319 537/295/1038
f 372/210/694 686/373/1330 684/372/1331
f 685/372/1332 687/373/1333 373/210/697
f 372/210/694 684/372/1331 536/295/1334
f 537/295/1039 685/372/1332 373/210/896
f 394/220/1335 531/292/1013 682/371/1336
f 683/371/1337 532/292/1014 397/220/721
f 394/220/1228 682/371/1324 688/374/1338
f 689/374/1339 683/371/1327 397/220/721
f 690/375/719 394/220/723 688/374/1340
f 689/374/1339 397/220/1232 691/375/720
f 553/304/891 494/270/898 692/376/1341
f 693/376/1342 495/270/901 554/304/1343
f 553/304/1067 692/376/1344 694/377/1345
f 695/377/1346 693/376/1347 554/304/894
f 549/302/1055 553/304/1067 694/377/1345
f 695/377/1348 554/304/894 550/302/1056
f 549/302/1349 694/377/1345 696/378/1350
f 697/378/1351 695/377/1346 550/302/1056
f 494/270/898 492/269/909 698/379/1352
f 699/379/1353 493/269/929 495/270/901
f 494/270/898 698/379/1354 692/376/1355
f 693/376/1356 699/379/1357 495/270/901
f 492/269/1358 565/310/1073 700/380/1359
f 701/380/1360 566/310/1076 493/269/929
f 492/269/932 700/380/1359 698/379/1352
f 699/379/1353 701/380/1360 493/269/910
f 549/302/1349 696/378/1350 370/208/688
f 375/208/698 697/378/1351 550/302/1361
f 565/310/1073 583/319/1103 700/380/1359
f 701/380/1360 584/319/1104 566/310/1076
f 702/381/971 686/373/1330 372/210/1362
f 373/210/1363 687/373/1364 703/381/1365
f 153/94/263 704/382/1366 705/383/1367
f 706/383/1368 707/382/1369 154/94/264
f 705/383/1367 147/91/257 153/94/263
f 154/94/504 152/91/262 706/383/1370
f 164/100/281 708/384/1371 704/382/1372
f 707/382/1373 709/384/1374 167/100/284
f 164/100/327 704/382/1372 153/94/331
f 154/94/332 707/382/1373 167/100/328
f 163/99/608 710/385/1375 708/384/1376
f 709/384/1377 711/385/1378 168/99/1379
f 163/99/280 708/384/1371 164/100/327
f 167/100/328 709/384/1374 168/99/1380
f 159/97/272 147/91/278 705/383/1367
f 706/383/1368 152/91/426 162/97/345
f 159/97/419 705/383/1367 712/386/1381
f 713/386/1382 706/383/1368 162/97/422
f 159/97/279 712/386/1383 188/113/338
f 191/113/1384 713/386/1385 162/97/277
f 243/141/1386 249/144/380 714/387/1387
f 715/387/1388 250/144/383 246/141/1389
f 243/141/1386 714/387/1390 716/388/1391
f 717/388/1392 715/387/1393 246/141/432
f 249/144/380 253/146/387 718/389/1394
f 719/389/1395 254/146/442 250/144/383
f 249/144/380 718/389/1396 714/387/1387
f 715/387/1388 719/389/1397 250/144/383
f 253/146/387 257/148/1398 720/390/1399
f 721/390/1400 258/148/1401 254/146/442
f 253/146/387 720/390/1399 718/389/1396
f 719/389/1397 721/390/1400 254/146/442
f 257/148/397 261/150/457 722/391/1402
f 723/391/1403 262/150/405 258/148/393
f 257/148/1404 722/391/1405 720/390/1406
f 721/390/1407 723/391/1408 258/148/1409
f 261/150/402 240/140/1410 724/392/1411
f 725/392/1412 241/140/1413 262/150/405
f 261/150/402 724/392/1414 722/391/1415
f 723/391/1416 725/392/1417 262/150/405
f 239/139/257 724/392/1414 240/140/1418
f 241/140/413 725/392/1417 242/139/262
f 722/391/1419 724/392/1414 726/393/1420
f 727/393/1421 725/392/1422 723/391/1423
f 722/391/1405 726/393/1424 728/394/1425
f 729/394/1426 727/393/1427 723/391/1408
f 233/137/1428 243/141/370 716/388/1391
f 717/388/1392 246/141/371 234/137/1429
f 408/227/850 404/226/735 730/395/1430
f 731/395/1431 405/226/741 409/227/851
f 408/227/739 730/395/1430 732/396/1432
f 733/396/875 731/395/1431 409/227/874
f 734/397/864 735/398/1430 669/365/1433
f 670/365/1303 736/398/1431 737/397/875
f 734/397/864 669/365/1433 668/364/865
f 671/364/866 670/365/1303 737/397/867
f 738/399/1434 730/395/1430 404/226/735
f 405/226/741 731/395/1431 739/399/1435
f 404/226/1209 637/347/1213 740/400/1436
f 740/400/1437 637/347/1213 405/226/736
f 404/226/735 740/400/1436 738/399/1438
f 739/399/1439 740/400/1436 405/226/741
f 453/250/739 741/401/1440 742/402/1441
f 743/402/1442 744/401/1443 454/250/851
f 453/250/739 742/402/1441 460/253/1432
f 463/253/875 743/402/1442 454/250/851
f 745/403/1444 746/404/1445 747/405/1446
f 747/405/1291 746/404/1447 748/403/1448
f 745/403/1300 461/254/1301 749/406/1449
f 750/406/1450 462/254/1304 748/403/1305
f 745/403/1444 749/406/1451 751/407/1452
f 752/407/1453 750/406/1454 748/403/1448
f 460/253/1432 742/402/1455 749/406/1456
f 750/406/1457 743/402/1458 463/253/875
f 460/253/864 749/406/1449 461/254/1459
f 462/254/866 750/406/1450 463/253/867
f 452/249/849 674/367/1310 741/401/1460
f 744/401/1461 675/367/1311 455/249/1249
f 452/249/1306 741/401/1462 453/250/853
f 454/250/740 744/401/1463 455/249/1263
f 753/408/1147 754/409/1464 755/410/1465
f 756/410/1466 757/409/1467 758/408/1148
f 753/408/1468 755/410/1469 759/411/1470
f 760/411/1471 756/410/1472 758/408/1473
f 761/412/1474 762/413/1475 763/414/1476
f 764/414/1477 765/413/1478 766/412/1479
f 761/412/1480 763/414/1476 767/415/1481
f 768/415/1482 764/414/1477 766/412/1483
f 769/416/1484 770/417/1485 761/412/1486
f 766/412/1483 771/417/1487 772/416/1488
f 769/416/1484 761/412/1480 767/415/1489
f 768/415/1490 766/412/1491 772/416/1488
f 759/411/1492 769/416/1484 767/415/1489
f 768/415/1493 772/416/1488 760/411/1494
f 759/411/1492 767/415/1489 773/418/1495
f 774/418/1496 768/415/1493 760/411/1471
f 753/408/1147 759/411/1497 773/418/1495
f 774/418/1498 760/411/1499 758/408/1148
f 753/408/1147 773/418/1495 775/419/1162
f 776/419/1163 774/418/1496 758/408/1148
f 767/415/1481 763/414/1476 777/420/1500
f 778/420/1501 764/414/1502 768/415/1482
f 767/415/1481 777/420/1503 773/418/1495
f 774/418/1496 778/420/1504 768/415/1482
f 754/409/1143 779/421/1505 780/422/1506
f 781/422/1507 782/421/1508 757/409/1509
f 754/409/1143 780/422/1510 755/410/1511
f 756/410/1512 781/422/1513 757/409/1509
f 783/423/1514 784/424/1515 785/425/1516
f 786/425/1517 787/424/1518 788/423/1519
f 783/423/1520 785/425/1516 789/426/1521
f 790/426/1522 786/425/1523 788/423/1524
f 761/412/1480 770/417/1485 791/427/1525
f 792/427/1526 771/417/1527 766/412/1483
f 761/412/1474 791/427/1528 793/428/1529
f 794/428/1530 792/427/1526 766/412/1479
f 789/426/1531 785/425/1532 795/429/1533
f 796/429/1534 786/425/1535 790/426/1536
f 789/426/1537 795/429/1538 797/430/1539
f 798/430/1540 796/429/1541 790/426/1542
f 793/428/1543 791/427/1525 799/431/1544
f 800/431/1545 792/427/1526 794/428/1546
f 793/428/1529 799/431/1547 801/432/1548
f 802/432/1549 800/431/1545 794/428/1530
f 761/412/1550 793/428/1551 801/432/1552
f 802/432/1553 794/428/1546 766/412/1483
f 761/412/1474 801/432/1552 762/413/1554
f 765/413/1478 802/432/1553 766/412/1479
f 803/433/1156 775/419/1162 773/418/1495
f 774/418/1496 776/419/1163 804/433/1153
f 803/433/1152 773/418/1495 777/420/1500
f 778/420/1501 774/418/1496 804/433/1153
f 779/421/1505 805/434/1184 806/435/1555
f 807/435/1556 808/434/1181 782/421/1508
f 779/421/1505 806/435/1557 780/422/1510
f 781/422/1558 807/435/1559 782/421/1508
f 809/436/1560 810/437/1561 811/438/1157
f 812/438/1158 813/437/1562 814/436/1563
f 810/437/1561 815/439/1564 811/438/1157
f 812/438/1565 816/439/1566 813/437/1562
f 806/435/1557 815/439/1564 817/440/1567
f 818/440/1568 816/439/1569 807/435/1559
f 806/435/1557 817/440/1570 819/441/1571
f 820/441/1572 818/440/1573 807/435/1559
f 815/439/1574 810/437/1561 821/442/1575
f 822/442/1576 813/437/1562 816/439/1569
f 815/439/1574 821/442/1577 817/440/1570
f 818/440/1578 822/442/1576 816/439/1566
f 763/414/1579 823/443/1580 824/444/1560
f 825/444/1581 826/443/1582 764/414/1477
f 763/414/1579 824/444/1583 777/420/1503
f 778/420/1501 825/444/1581 764/414/1502
f 827/445/1584 821/442/1577 810/437/1585
f 813/437/1586 822/442/1587 828/445/1588
f 827/445/1580 810/437/1561 809/436/1560
f 814/436/1581 813/437/1562 828/445/1582
f 811/438/1157 815/439/1574 806/435/1589
f 807/435/1590 816/439/1591 812/438/1565
f 811/438/1157 806/435/1592 805/434/1180
f 808/434/1186 807/435/1593 812/438/1565
f 803/433/1156 777/420/1500 824/444/1594
f 825/444/1563 778/420/1501 804/433/1595
f 803/433/1156 824/444/1560 829/446/1157
f 830/446/1596 825/444/1581 804/433/1153
f 769/416/1484 783/423/1520 770/417/1597
f 771/417/1598 788/423/1524 772/416/1599
f 789/426/1521 797/430/1600 799/431/1547
f 800/431/1545 798/430/1601 790/426/1536
f 789/426/1537 799/431/1547 791/427/1528
f 792/427/1602 800/431/1545 790/426/1603
f 783/423/1514 789/426/1604 791/427/1528
f 792/427/1602 790/426/1542 788/423/1605
f 783/423/1514 791/427/1528 770/417/1606
f 771/417/1527 792/427/1602 788/423/1519
f 795/429/1607 785/425/1608 831/447/1609
f 832/447/1610 786/425/1611 796/429/1612
f 795/429/1607 831/447/1613 833/448/1614
f 834/448/1615 832/447/1616 796/429/1541
f 785/425/1532 784/424/1515 835/449/1617
f 836/449/1618 787/424/1619 786/425/1517
f 785/425/1620 835/449/1617 831/447/1609
f 832/447/1621 836/449/1622 786/425/1611
f 837/450/1623 838/451/1624 835/449/1625
f 836/449/1626 839/451/1627 840/450/1628
f 838/451/1624 841/452/1629 831/447/1630
f 832/447/1631 842/452/1632 839/451/1633
f 838/451/1634 831/447/1635 835/449/1625
f 836/449/1626 832/447/1631 839/451/1633
f 841/452/1629 843/453/1636 833/448/1637
f 834/448/1615 844/453/1638 842/452/1632
f 841/452/1629 833/448/1614 831/447/1630
f 832/447/1610 834/448/1639 842/452/1632
f 845/454/1640 769/416/1484 759/411/1497
f 760/411/1494 772/416/1488 846/454/1641
f 769/416/1484 845/454/1640 784/424/1642
f 787/424/1518 846/454/1641 772/416/1488
f 769/416/1643 784/424/1515 783/423/1520
f 788/423/1524 787/424/1518 772/416/1488
f 784/424/1515 845/454/1640 837/450/1623
f 840/450/1628 846/454/1641 787/424/1644
f 784/424/1515 837/450/1623 835/449/1645
f 836/449/1618 840/450/1628 787/424/1518
f 759/411/1497 755/410/1465 837/450/1646
f 840/450/1647 756/410/1648 760/411/1499
f 759/411/1470 837/450/1623 845/454/1640
f 846/454/1641 840/450/1628 760/411/1499
f 838/451/1634 847/455/1649 848/456/1650
f 849/456/1651 850/455/1652 839/451/1633
f 838/451/1624 848/456/1653 841/452/1654
f 842/452/1655 849/456/1651 839/451/1633
f 851/457/1656 852/458/1657 853/459/1658
f 854/459/1659 855/458/1660 856/457/1661
f 851/457/1656 853/459/1662 857/460/1663
f 858/460/1664 854/459/1665 856/457/1666
f 841/452/1667 848/456/1653 859/461/1668
f 860/461/1669 849/456/1651 842/452/1655
f 841/452/1670 859/461/1671 843/453/1672
f 844/453/1673 860/461/1674 842/452/1675
f 857/460/1676 853/459/1658 861/462/1677
f 862/462/1678 854/459/1659 858/460/1679
f 857/460/1663 861/462/1677 863/463/1680
f 864/463/1681 862/462/1678 858/460/1682
f 865/464/1683 866/465/1684 859/461/1685
f 860/461/1686 867/465/1687 868/464/1688
f 865/464/1689 859/461/1671 848/456/1690
f 849/456/1691 860/461/1686 868/464/1692
f 869/466/1693 865/464/1683 848/456/1653
f 849/456/1651 868/464/1694 870/466/1695
f 869/466/1696 848/456/1690 847/455/1649
f 850/455/1652 849/456/1691 870/466/1695
f 871/467/1697 837/450/1623 755/410/1698
f 756/410/1699 840/450/1628 872/467/1700
f 837/450/1623 871/467/1697 847/455/1649
f 850/455/1701 872/467/1702 840/450/1628
f 837/450/1623 847/455/1703 838/451/1704
f 839/451/1705 850/455/1652 840/450/1628
f 857/460/1706 863/463/1707 866/465/1708
f 867/465/1687 864/463/1709 858/460/1710
f 857/460/1711 866/465/1708 865/464/1689
f 868/464/1688 867/465/1712 858/460/1710
f 873/468/1713 874/469/1714 780/422/1715
f 781/422/1558 875/469/1716 876/468/1717
f 755/410/1511 780/422/1510 874/469/1714
f 875/469/1718 781/422/1513 756/410/1699
f 755/410/1469 874/469/1719 871/467/1697
f 872/467/1702 875/469/1720 756/410/1466
f 847/455/1649 871/467/1697 874/469/1721
f 875/469/1716 872/467/1702 850/455/1652
f 847/455/1649 874/469/1721 869/466/1693
f 870/466/1695 875/469/1716 850/455/1652
f 852/458/1722 851/457/1656 874/469/1714
f 875/469/1718 856/457/1661 855/458/1660
f 852/458/1723 874/469/1721 873/468/1713
f 876/468/1717 875/469/1716 855/458/1724
f 851/457/1656 869/466/1693 874/469/1721
f 875/469/1716 870/466/1695 856/457/1661
f 857/460/1706 865/464/1689 869/466/1693
f 870/466/1695 868/464/1692 858/460/1682
f 857/460/1706 869/466/1693 851/457/1656
f 856/457/1661 870/466/1725 858/460/1710
f 852/458/1657 877/470/1726 853/459/1658
f 854/459/1659 878/470/1727 855/458/1660
f 873/468/1713 879/471/1728 877/470/1726
f 878/470/1727 880/471/1729 876/468/1717
f 873/468/1713 877/470/1730 852/458/1723
f 855/458/1660 878/470/1727 876/468/1717
f 879/471/1728 881/472/1731 882/473/1732
f 883/473/1733 884/472/1734 880/471/1729
f 879/471/1728 882/473/1735 877/470/1726
f 878/470/1736 883/473/1737 880/471/1729
f 873/468/1713 780/422/1715 806/435/1589
f 807/435/1590 781/422/1738 876/468/1717
f 873/468/1713 806/435/1557 879/471/1739
f 880/471/1740 807/435/1559 876/468/1717
f 806/435/1557 819/441/1741 881/472/1731
f 884/472/1742 820/441/1743 807/435/1559
f 806/435/1557 881/472/1744 879/471/1728
f 880/471/1745 884/472/1742 807/435/1559
f 853/459/1746 877/470/1726 882/473/1735
f 883/473/1747 878/470/1727 854/459/1659
f 853/459/1658 882/473/1735 861/462/1677
f 862/462/1678 883/473/1748 854/459/1659
f 885/474/1575 886/475/1580 887/476/1749
f 888/476/1743 889/475/1582 890/474/1576
f 885/474/1575 887/476/1749 891/477/1570
f 892/477/1573 888/476/1750 890/474/1576
f 893/478/1475 894/479/1751 895/480/1476
f 896/480/1477 897/479/1752 898/478/1478
f 899/481/1753 900/482/1754 901/483/1755
f 902/483/1756 903/482/1748 904/481/1757
f 905/484/1758 900/482/1754 899/481/1759
f 904/481/1760 903/482/1748 906/484/1761
f 905/484/1762 899/481/1753 907/485/1680
f 908/485/1763 904/481/1757 906/484/1761
f 909/486/1764 910/487/1765 887/476/1749
f 888/476/1743 911/487/1766 912/486/1767
f 909/486/1768 887/476/1749 886/475/1580
f 889/475/1582 888/476/1743 912/486/1769
f 895/480/1770 909/486/1771 886/475/1580
f 889/475/1582 912/486/1772 896/480/1773
f 910/487/1774 901/483/1755 887/476/1749
f 888/476/1743 902/483/1756 911/487/1775
f 910/487/1776 909/486/1771 913/488/1777
f 914/488/1778 912/486/1772 911/487/1779
f 910/487/1776 913/488/1780 915/489/1781
f 916/489/1782 914/488/1783 911/487/1779
f 915/489/1781 899/481/1753 901/483/1755
f 902/483/1756 904/481/1757 916/489/1782
f 915/489/1781 901/483/1755 910/487/1776
f 911/487/1779 902/483/1756 916/489/1782
f 894/479/1784 913/488/1777 909/486/1771
f 912/486/1772 914/488/1778 897/479/1785
f 894/479/1784 909/486/1771 895/480/1579
f 896/480/1502 912/486/1772 897/479/1752
f 915/489/1781 913/488/1786 917/490/1787
f 918/490/1788 914/488/1789 916/489/1782
f 915/489/1781 917/490/1790 919/491/1791
f 920/491/1792 918/490/1793 916/489/1782
f 907/485/1794 899/481/1753 915/489/1781
f 916/489/1782 904/481/1757 908/485/1763
f 907/485/1795 915/489/1781 919/491/1791
f 920/491/1796 916/489/1782 908/485/1681
f 907/485/1707 919/491/1797 921/492/1668
f 922/492/1686 920/491/1796 908/485/1798
f 907/485/1795 921/492/1799 923/493/1684
f 924/493/1687 922/492/1800 908/485/1798
f 925/494/1801 921/492/1671 919/491/1802
f 920/491/1803 922/492/1804 926/494/1805
f 927/495/1806 894/479/1751 893/478/1475
f 898/478/1807 897/479/1752 928/495/1808
f 894/479/1751 927/495/1806 917/490/1787
f 918/490/1809 928/495/1808 897/479/1752
f 894/479/1751 917/490/1810 913/488/1786
f 914/488/1789 918/490/1809 897/479/1752
f 929/496/1539 927/495/1811 930/497/1547
f 931/497/1545 928/495/1812 932/496/1540
f 893/478/1475 933/498/1548 930/497/1813
f 931/497/1545 934/498/1814 898/478/1478
f 893/478/1475 930/497/1547 927/495/1815
f 928/495/1816 931/497/1545 898/478/1478
f 929/496/1600 935/499/1817 917/490/1790
f 918/490/1809 936/499/1818 932/496/1540
f 929/496/1539 917/490/1790 927/495/1811
f 928/495/1812 918/490/1793 932/496/1540
f 925/494/1801 919/491/1797 937/500/1614
f 938/500/1639 920/491/1796 926/494/1638
f 935/499/1819 937/500/1614 919/491/1797
f 920/491/1796 938/500/1615 936/499/1818
f 935/499/1607 919/491/1791 917/490/1820
f 918/490/1821 920/491/1822 936/499/1541
f 939/501/1823 940/502/1824 941/503/1825
f 942/503/1826 943/502/1827 944/501/1828
f 939/501/1829 941/503/1825 945/504/1830
f 946/504/1831 942/503/1826 944/501/1828
f 947/505/1832 941/503/1825 940/502/1833
f 943/502/1827 942/503/1826 948/505/1834
f 949/506/1835 939/501/1823 945/504/1830
f 946/504/1831 944/501/1828 950/506/1836
f 949/506/1835 945/504/1837 951/507/1838
f 952/507/1839 946/504/1840 950/506/1836
f 953/508/1841 954/509/1842 955/510/1843
f 956/510/1844 957/509/1845 958/508/1846
f 953/508/1841 955/510/1847 951/507/1838
f 952/507/1839 956/510/1844 958/508/1846
f 949/506/1835 951/507/1848 955/510/1847
f 956/510/1844 952/507/1849 950/506/1836
f 959/511/1850 951/507/1838 945/504/1830
f 946/504/1831 952/507/1839 960/511/1851
f 959/511/1850 945/504/1830 961/512/1852
f 962/512/1853 946/504/1831 960/511/1851
f 951/507/1838 959/511/1850 953/508/1841
f 958/508/1846 960/511/1851 952/507/1839
f 947/505/1854 963/513/1855 941/503/1856
f 942/503/1857 964/513/1858 948/505/1859
f 965/514/1860 941/503/1825 963/513/1855
f 964/513/1858 942/503/1826 966/514/1861
f 965/514/1862 963/513/1863 967/515/1864
f 968/515/1865 964/513/1866 966/514/1867
f 965/514/1868 969/516/1869 970/517/1870
f 971/517/1871 972/516/1872 966/514/1867
f 965/514/1860 970/517/1870 941/503/1825
f 942/503/1826 971/517/1873 966/514/1861
f 970/517/1874 961/512/1852 945/504/1830
f 946/504/1831 962/512/1853 971/517/1871
f 970/517/1874 945/504/1830 941/503/1825
f 942/503/1826 946/504/1831 971/517/1871
f 959/511/1850 961/512/1852 973/518/1875
f 974/518/1876 962/512/1853 960/511/1877
f 959/511/1878 973/518/1875 975/519/1879
f 976/519/1880 974/518/1876 960/511/1877
f 970/517/1870 969/516/1869 977/520/1881
f 978/520/1882 972/516/1872 971/517/1873
f 970/517/1870 977/520/1883 979/521/1884
f 980/521/1885 978/520/1886 971/517/1873
f 979/521/1887 973/518/1888 961/512/1852
f 962/512/1853 974/518/1889 980/521/1890
f 979/521/1891 961/512/1852 970/517/1870
f 971/517/1873 962/512/1853 980/521/1892
f 981/522/1893 982/523/1894 969/516/1895
f 972/516/1896 983/523/1897 984/522/1898
f 981/522/1899 969/516/1895 965/514/1900
f 966/514/1901 972/516/1896 984/522/1902
f 969/516/1895 982/523/1903 977/520/1904
f 978/520/1905 983/523/1906 972/516/1896
f 953/508/1841 959/511/1878 975/519/1907
f 976/519/1908 960/511/1877 958/508/1846
f 985/524/1909 986/525/1910 987/526/1894
f 988/526/1911 989/525/1912 990/524/1913
f 985/524/1914 987/526/1894 991/527/1915
f 992/527/1916 988/526/1917 990/524/1918
f 993/528/1919 994/529/1920 987/526/1894
f 988/526/1911 995/529/1921 996/528/1922
f 993/528/1919 987/526/1923 986/525/1910
f 989/525/1924 988/526/1897 996/528/1922
f 997/530/1925 993/528/1919 986/525/1910
f 989/525/1924 996/528/1922 998/530/1926
f 997/530/1925 986/525/1927 999/531/1928
f 1000/531/1929 989/525/1930 998/530/1926
f 999/531/1928 986/525/1931 985/524/1932
f 990/524/1933 989/525/1930 1000/531/1929
f 1001/532/1934 1002/533/1935 1003/534/1936
f 1004/534/1937 1005/533/1938 1006/532/1939
f 1001/532/1940 1003/534/1936 1007/535/1941
f 1008/535/1942 1004/534/1937 1006/532/1943
f 1007/535/1941 1003/534/1936 1009/536/1944
f 1010/536/1945 1004/534/1937 1008/535/1946
f 999/531/1947 1007/535/1948 1009/536/1949
f 1010/536/1950 1008/535/1951 1000/531/1952
f 999/531/1953 1009/536/1954 997/530/1955
f 998/530/1956 1010/536/1950 1000/531/1952
f 1011/537/1957 1012/538/1958 1009/536/1959
f 1010/536/1960 1013/538/1961 1014/537/1962
f 1011/537/1963 1009/536/1959 1003/534/1936
f 1004/534/1964 1010/536/1945 1014/537/1962
f 1001/532/1934 1015/539/1862 1016/540/1864
f 1017/540/1965 1018/539/1901 1006/532/1939
f 1001/532/1934 1016/540/1864 1002/533/1966
f 1005/533/1938 1017/540/1865 1006/532/1939
f 1019/541/1967 1012/538/1968 1011/537/1963
f 1014/537/1962 1013/538/1969 1020/541/1970
f 1019/541/1971 1011/537/1957 1021/542/1972
f 1022/542/1973 1014/537/1974 1020/541/1975
f 1003/534/1936 1002/533/1976 1023/543/1977
f 1024/543/1978 1005/533/1979 1004/534/1937
f 1003/534/1980 1023/543/1981 1011/537/1963
f 1014/537/1962 1024/543/1982 1004/534/1983
f 1002/533/1935 1016/540/1984 1025/544/1863
f 1026/544/1866 1017/540/1965 1005/533/1938
f 1002/533/1976 1025/544/1985 1023/543/1986
f 1024/543/1987 1026/544/1988 1005/533/1938
f 1001/532/1934 985/524/1914 991/527/1893
f 992/527/1989 990/524/1918 1006/532/1939
f 1001/532/1940 991/527/1990 1015/539/1862
f 1018/539/1901 992/527/1902 1006/532/1943
f 1027/545/1991 1023/543/1981 1025/544/1855
f 1026/544/1866 1024/543/1992 1028/545/1993
f 1027/545/1994 1025/544/1995 1029/546/1854
f 1030/546/1996 1026/544/1866 1028/545/1997
f 1007/535/1998 999/531/1999 985/524/1932
f 990/524/1933 1000/531/2000 1008/535/2001
f 1007/535/2002 985/524/1932 1001/532/2003
f 1006/532/1939 990/524/1933 1008/535/1946
f 1021/542/2004 1011/537/1957 1023/543/2005
f 1024/543/1992 1014/537/1974 1022/542/2006
f 1021/542/1972 1023/543/2005 1027/545/1994
f 1028/545/1997 1024/543/1992 1022/542/1973
f 1031/547/2007 1032/548/2008 1019/541/2009
f 1020/541/2010 1033/548/2011 1034/547/2012
f 1031/547/2013 1019/541/2014 1035/549/2015
f 1036/549/2016 1020/541/2010 1034/547/2017
f 1037/550/2018 1032/548/2019 1031/547/2013
f 1034/547/2012 1033/548/2020 1038/550/2021
f 1037/550/2022 1031/547/2007 1039/551/2023
f 1040/551/2024 1034/547/2012 1038/550/2021
f 1027/545/1994 1029/546/2025 1041/552/1833
f 1042/552/2026 1030/546/2027 1028/545/2028
f 1027/545/1991 1041/552/1833 1043/553/2029
f 1044/553/2030 1042/552/1827 1028/545/1993
f 1021/542/1972 1027/545/2031 1043/553/2029
f 1044/553/2032 1028/545/2033 1022/542/2034
f 1021/542/2035 1043/553/2036 1035/549/2037
f 1036/549/2016 1044/553/2032 1022/542/2038
f 1019/541/2009 1021/542/1972 1035/549/2037
f 1036/549/2016 1022/542/2034 1020/541/2039
f 1045/554/2040 1031/547/2013 1035/549/2015
f 1036/549/2041 1034/547/2017 1046/554/2042
f 1045/554/2043 1035/549/2037 1043/553/2029
f 1044/553/2044 1036/549/2016 1046/554/2045
f 1047/555/2046 1045/554/2047 1043/553/2029
f 1044/553/2032 1046/554/2045 1048/555/1828
f 1047/555/1823 1043/553/2029 1041/552/1833
f 1042/552/1827 1044/553/2044 1048/555/2048
f 1039/551/2049 1049/556/2050 1050/557/2051
f 1051/557/2052 1052/556/2053 1040/551/2054
f 1039/551/2023 1050/557/2051 1053/558/2055
f 1054/558/2056 1051/557/2052 1040/551/2024
f 1049/556/2057 1055/559/2058 1056/560/1847
f 1057/560/1844 1058/559/2059 1052/556/2060
f 1049/556/2057 1056/560/2061 1050/557/2051
f 1051/557/2052 1057/560/2062 1052/556/2060
f 1037/550/2063 1039/551/2064 1053/558/2065
f 1054/558/2066 1040/551/2067 1038/550/2068
f 1059/561/2069 1060/562/2070 1061/563/1842
f 1062/563/2071 1063/562/2072 1064/561/2073
f 1059/561/2074 1061/563/1842 1065/564/1841
f 1066/564/2075 1062/563/2071 1064/561/2076
f 1060/562/2070 1050/557/2051 1056/560/1847
f 1057/560/1844 1051/557/2077 1063/562/2072
f 1060/562/2070 1056/560/2061 1061/563/1842
f 1062/563/2071 1057/560/2078 1063/562/2079
f 1049/556/2057 1045/554/2080 1047/555/2081
f 1048/555/2048 1046/554/2042 1052/556/2060
f 1049/556/2082 1047/555/2083 1055/559/1835
f 1058/559/1836 1048/555/2084 1052/556/2085
f 1059/561/2074 1053/558/2086 1050/557/2051
f 1051/557/2087 1054/558/2088 1064/561/2089
f 1059/561/2090 1050/557/2051 1060/562/2091
f 1063/562/2092 1051/557/2052 1064/561/2093
f 1039/551/2023 1031/547/2013 1045/554/2094
f 1046/554/2042 1034/547/2017 1040/551/2024
f 1039/551/2023 1045/554/2094 1049/556/2057
f 1052/556/2060 1046/554/2095 1040/551/2054
f 1037/550/2096 1053/558/2097 1059/561/2098
f 1064/561/2089 1054/558/2088 1038/550/2099
f 1037/550/2096 1059/561/2100 1067/565/2101
f 1068/565/2102 1064/561/2089 1038/550/2099
f 1059/561/2074 1065/564/2103 1069/566/2104
f 1070/566/2105 1066/564/1846 1064/561/2076
f 1059/561/2069 1069/566/2104 1067/565/2101
f 1068/565/2106 1070/566/2105 1064/561/2073
f 1019/541/1971 1071/567/2107 1012/538/2108
f 1013/538/2109 1072/567/2110 1020/541/1975
f 1037/550/2022 1073/568/2111 1032/548/2112
f 1033/548/2113 1074/568/2114 1038/550/2021
f 1075/569/1118 1071/567/2115 1073/568/2116
f 1074/568/2117 1072/567/2110 1076/569/1117
f 1075/569/2118 1073/568/2111 1077/570/1110
f 1078/570/1111 1074/568/2119 1076/569/2120
f 1071/567/2121 1019/541/1971 1032/548/2112
f 1033/548/2122 1020/541/2039 1072/567/2110
f 1071/567/2115 1032/548/2112 1073/568/2111
f 1074/568/2117 1033/548/2122 1072/567/2110
f 1079/571/1135 1080/572/2123 1071/567/2115
f 1072/567/2110 1081/572/2124 1082/571/1134
f 1079/571/1133 1071/567/2115 1075/569/2125
f 1076/569/1138 1072/567/2126 1082/571/2127
f 1080/572/2123 1009/536/1954 1012/538/2128
f 1013/538/2129 1010/536/1950 1081/572/2130
f 1080/572/2131 1012/538/2132 1071/567/2115
f 1072/567/2110 1013/538/2133 1081/572/2124
f 1009/536/1954 1080/572/2123 997/530/1955
f 998/530/1956 1081/572/2124 1010/536/1950
f 1083/573/2134 1084/574/2135 1080/572/2123
f 1081/572/2124 1085/574/2136 1086/573/2137
f 1083/573/1126 1080/572/2123 1079/571/1135
f 1082/571/2127 1081/572/2124 1086/573/1127
f 1084/574/2135 993/528/2138 997/530/1955
f 998/530/1956 996/528/2139 1085/574/2136
f 1084/574/2135 997/530/1925 1080/572/2123
f 1081/572/2124 998/530/1926 1085/574/2136
f 1067/565/2101 1087/575/2140 1073/568/2111
f 1074/568/2117 1088/575/2141 1068/565/2106
f 1067/565/2142 1073/568/2111 1037/550/2096
f 1038/550/2099 1074/568/2117 1068/565/2106
f 1069/566/2143 1089/576/2144 1087/575/2140
f 1088/575/2141 1090/576/2145 1070/566/1908
f 1069/566/2143 1087/575/2140 1067/565/2101
f 1068/565/2106 1088/575/2146 1070/566/2105
f 973/518/1875 1091/577/2147 1092/578/2148
f 1093/578/2149 1094/577/2150 974/518/1876
f 973/518/1875 1092/578/2148 975/519/1879
f 976/519/1880 1093/578/2149 974/518/1876
f 979/521/1887 1095/579/2151 1091/577/2152
f 1094/577/2150 1096/579/2153 980/521/1890
f 979/521/1887 1091/577/2154 973/518/1875
f 974/518/1876 1094/577/2150 980/521/1890
f 979/521/2155 977/520/1920 1097/580/2156
f 1098/580/2157 978/520/1882 980/521/2158
f 979/521/2155 1097/580/2159 1095/579/2160
f 1096/579/2153 1098/580/2157 980/521/2158
f 1087/575/2161 1099/581/2162 1073/568/2116
f 1074/568/2119 1100/581/2163 1088/575/2146
f 1101/582/2164 1099/581/2162 1102/583/2165
f 1103/583/2166 1100/581/2167 1104/582/1122
f 1101/582/2164 1102/583/2168 1105/584/2169
f 1106/584/1104 1103/583/2166 1104/582/1122
f 1099/581/2162 1087/575/2140 1089/576/2144
f 1090/576/2145 1088/575/2141 1100/581/2163
f 1099/581/2162 1089/576/2144 1102/583/2165
f 1103/583/2170 1090/576/2145 1100/581/2163
f 1083/573/1131 1107/585/2171 1108/586/2172
f 1109/586/2173 1110/585/2174 1086/573/1127
f 1083/573/1131 1108/586/2175 1084/574/2176
f 1085/574/2177 1109/586/2178 1086/573/1132
f 1107/585/2179 1111/587/2180 1112/588/2181
f 1113/588/2157 1114/587/2182 1110/585/2183
f 1107/585/2179 1112/588/2181 1108/586/2172
f 1109/586/2178 1113/588/2157 1110/585/2183
f 1115/589/1125 1116/590/2184 1107/585/2185
f 1110/585/2174 1117/590/2186 1118/589/1128
f 1115/589/2187 1107/585/2185 1083/573/1131
f 1086/573/1127 1110/585/2188 1118/589/1128
f 1116/590/2189 1119/591/2152 1111/587/2180
f 1114/587/2182 1120/591/2150 1117/590/2190
f 1116/590/2189 1111/587/2160 1107/585/2191
f 1110/585/2188 1114/587/2182 1117/590/2190
f 1121/592/1103 1122/593/2192 1116/590/2193
f 1117/590/2186 1123/593/2194 1124/592/1104
f 1121/592/2169 1116/590/2189 1115/589/1125
f 1118/589/1128 1117/590/2195 1124/592/2196
f 1122/593/2197 1125/594/2144 1119/591/2147
f 1120/591/2198 1126/594/2145 1123/593/2199
f 1122/593/2192 1119/591/2147 1116/590/2200
f 1117/590/2186 1120/591/2198 1123/593/2201
f 1077/570/1110 1073/568/2111 1099/581/2162
f 1100/581/2167 1074/568/2202 1078/570/1111
f 1077/570/2203 1099/581/2162 1101/582/2164
f 1104/582/1122 1100/581/2163 1078/570/2204
f 64/48/2205 66/50/78 1127/595/2206
f 1127/595/2206 67/50/2207 64/48/2205
f 1128/596/2208 1129/597/2209 1130/598/2210
f 1131/598/2211 1132/597/2212 1128/596/2208
f 1128/596/2208 1130/598/2210 1133/599/2213
f 1133/599/2213 1131/598/2211 1128/596/2208
f 1129/597/2214 420/233/774 426/236/798
f 427/236/799 425/233/779 1132/597/2212
f 1129/597/2214 426/236/798 1130/598/2215
f 1131/598/2216 427/236/799 1132/597/2212
f 430/238/2217 1134/600/2218 1130/598/2210
f 1131/598/2211 1135/600/2219 431/238/2220
f 430/238/2217 1130/598/2215 426/236/798
f 427/236/799 1131/598/2216 431/238/2220
f 1134/600/2221 1136/601/2222 1133/599/2223
f 1133/599/2223 1136/601/2222 1135/600/2224
f 1134/600/2221 1133/599/2223 1130/598/2210
f 1131/598/2225 1133/599/2223 1135/600/2224
f 434/240/2226 1137/602/2227 1134/600/2218
f 1135/600/2228 1138/602/2229 435/240/2230
f 434/240/2226 1134/600/2221 430/238/2231
f 431/238/2220 1135/600/2224 435/240/2230
f 1137/602/2232 747/405/2233 1136/601/2222
f 1136/601/2222 747/405/1291 1138/602/2234
f 1137/602/2232 1136/601/2222 1134/600/2221
f 1135/600/2224 1136/601/2222 1138/602/2234
f 438/242/2235 1139/603/2236 66/50/87
f 67/50/2237 1140/603/2238 439/242/2239
f 438/242/2235 66/50/87 70/52/82
f 71/52/83 67/50/88 439/242/2239
f 1139/603/2240 1141/604/2241 1127/595/2206
f 1127/595/2206 1141/604/2241 1140/603/2242
f 1139/603/2240 1127/595/2206 66/50/78
f 67/50/79 1127/595/2206 1140/603/2242
f 420/233/774 1129/597/2214 1139/603/2243
f 1140/603/2238 1132/597/2244 425/233/2245
f 420/233/2246 1139/603/2236 438/242/2235
f 439/242/2239 1140/603/2238 425/233/2245
f 1129/597/2209 1128/596/2208 1141/604/2241
f 1141/604/2241 1128/596/2208 1132/597/2247
f 1129/597/2209 1141/604/2241 1139/603/2240
f 1140/603/2242 1141/604/2241 1132/597/2247
f 747/405/1291 1137/602/2248 1142/605/2249
f 1143/605/2250 1138/602/2251 747/405/1291
f 747/405/1291 1142/605/2252 745/403/1300
f 748/403/1305 1143/605/2253 747/405/1291
f 1137/602/2227 434/240/2254 457/252/2255
f 458/252/2256 435/240/2257 1138/602/2258
f 1137/602/2259 457/252/2255 1142/605/2249
f 1143/605/2260 458/252/870 1138/602/2258
f 461/254/1301 745/403/1300 1142/605/2261
f 1143/605/2262 748/403/1305 462/254/2263
f 461/254/1301 1142/605/2261 457/252/869
f 458/252/870 1143/605/2262 462/254/1304
f 1144/606/2264 1145/607/2265 1146/608/2266
f 1147/608/2267 1148/607/2268 1144/606/2264
f 1144/606/2264 1146/608/2266 1149/609/2269
f 1149/609/2269 1147/608/2267 1144/606/2264
f 1145/607/2265 1150/610/2270 1151/611/551
f 1152/611/550 1153/610/2271 1148/607/2272
f 1145/607/2273 1151/611/572 1146/608/2266
f 1147/608/2274 1152/611/573 1148/607/2272
f 441/244/831 1154/612/2275 1155/613/2276
f 1156/613/2274 1157/612/2277 442/244/832
f 441/244/831 1155/613/2276 444/245/2278
f 445/245/573 1156/613/2274 442/244/832
f 1154/612/2279 1158/614/2280 1159/615/2281
f 1159/615/2281 1158/614/2280 1157/612/2277
f 1154/612/2279 1159/615/2282 1155/613/2283
f 1156/613/2284 1159/615/2282 1157/612/2277
f 73/53/93 75/54/2285 1154/612/2286
f 1157/612/2287 76/54/95 74/53/92
f 73/53/93 1154/612/2275 441/244/831
f 442/244/832 1157/612/2277 74/53/92
f 75/54/94 77/55/99 1158/614/2280
f 1158/614/2280 77/55/99 76/54/95
f 75/54/94 1158/614/2280 1154/612/2275
f 1157/612/2288 1158/614/2280 76/54/2289
f 285/162/2290 283/161/522 1145/607/2291
f 1148/607/2292 284/161/520 285/162/2290
f 285/162/2290 1145/607/2291 1144/606/2264
f 1144/606/2264 1148/607/2292 285/162/2290
f 350/198/2293 337/191/623 446/246/840
f 447/246/841 338/191/645 351/198/2294
f 350/198/648 446/246/840 440/243/833
f 443/243/837 447/246/841 351/198/649
f 545/300/1048 370/208/688 376/211/695
f 377/211/696 375/208/698 546/300/1049
f 545/300/1048 376/211/695 378/212/2295
f 381/212/2296 377/211/696 546/300/1049
f 545/300/2297 378/212/2298 414/230/834
f 417/230/836 381/212/770 546/300/2299
f 993/528/1919 1112/588/2159 994/529/1920
f 995/529/2300 1113/588/2157 996/528/1922
f 993/528/1919 1084/574/2135 1108/586/2175
f 1109/586/2178 1085/574/2136 996/528/1922
f 993/528/2301 1108/586/2175 1112/588/2159
f 1113/588/2157 1109/586/2178 996/528/2139
f 1150/610/532 1145/607/2291 283/161/2302
f 284/161/2303 1148/607/2292 1153/610/533
f 1150/610/532 283/161/2302 286/163/530
f 287/163/535 284/161/2303 1153/610/533
f 1160/616/2304 665/363/2305 664/362/1300
f 667/362/1305 666/363/2306 1161/616/2307
f 360/203/666 1162/617/2308 352/199/651
f 353/199/652 1163/617/2309 361/203/667
f 1162/617/2308 334/190/2310 352/199/651
f 353/199/652 335/190/2311 1163/617/2309
f 446/246/840 545/300/2297 414/230/752
f 417/230/755 546/300/2312 447/246/841
f 542/299/1045 1164/618/2313 1162/617/2308
f 1163/617/2314 1165/618/2315 543/299/1046
f 542/299/1045 1162/617/2316 360/203/666
f 361/203/667 1163/617/2309 543/299/1046
f 1164/618/2317 337/191/623 334/190/2310
f 335/190/2311 338/191/624 1165/618/2315
f 1164/618/2313 334/190/619 1162/617/2316
f 1163/617/2314 335/190/620 1165/618/2315
f 545/300/2318 446/246/840 1164/618/2319
f 1165/618/2320 447/246/841 546/300/2312
f 545/300/2297 1164/618/2319 542/299/1045
f 543/299/1046 1165/618/2320 546/300/2299
f 446/246/840 337/191/647 1164/618/2319
f 1165/618/2320 338/191/624 447/246/841
f 1166/619/2321 1167/620/2322 1168/621/2323
f 1169/621/2324 1170/620/2325 1171/619/2326
f 1168/621/2323 1167/620/2327 1172/622/2328
f 1173/622/2329 1170/620/2330 1169/621/2324
f 1166/619/2331 1174/623/2332 1175/624/2333
f 1176/624/2334 1177/623/2335 1171/619/2336
f 1175/624/2333 1167/620/2327 1166/619/2321
f 1171/619/2337 1170/620/2330 1176/624/2338
f 1178/625/2339 1179/626/2340 1180/627/2341
f 1181/627/2342 1182/626/2343 1178/625/2339
f 1179/626/2344 1168/621/2345 1172/622/2328
f 1173/622/2329 1169/621/2346 1182/626/2347
f 1179/626/2344 1172/622/2328 1180/627/2341
f 1181/627/2342 1173/622/2329 1182/626/2347
f 155/95/266 1183/628/2348 1184/629/2349
f 1185/629/2350 1186/628/2351 158/95/269
f 155/95/266 1184/629/2349 156/96/271
f 157/96/2352 1185/629/2350 158/95/269
f 1187/630/2353 172/104/2354 171/103/2355
f 174/103/2356 173/104/2357 1188/630/2358
f 1189/631/2359 1190/632/2360 117/76/2361
f 120/76/2362 1191/632/2363 1192/631/2364
f 1189/631/2365 117/76/2361 121/78/2366
f 124/78/2367 120/76/2362 1192/631/2368
f 1190/632/2369 1184/629/2370 1183/628/2348
f 1186/628/2351 1185/629/2371 1191/632/2372
f 1190/632/2369 1183/628/2348 117/76/2361
f 120/76/2362 1186/628/2351 1191/632/2372
f 117/76/2373 1183/628/2374 102/69/157
f 103/69/158 1186/628/2375 120/76/2376
f 1183/628/2377 155/95/2378 101/68/2379
f 104/68/2380 158/95/2381 1186/628/2382
f 1183/628/2383 101/68/155 102/69/157
f 103/69/158 104/68/160 1186/628/2384
f 96/66/2385 185/111/2386 1193/633/2387
f 1194/633/2388 186/111/2389 99/66/2390
f 96/66/150 1193/633/2387 1195/634/2391
f 1196/634/2392 1194/633/2388 99/66/153
f 185/111/2393 187/112/322 1197/635/2394
f 1197/635/2395 187/112/322 186/111/324
f 1184/629/2349 1187/630/2353 171/103/333
f 174/103/336 1188/630/2358 1185/629/2350
f 1184/629/2349 171/103/333 156/96/267
f 157/96/268 174/103/336 1185/629/2350
f 102/69/157 97/67/156 85/60/136
f 90/60/141 98/67/159 103/69/158
f 97/67/151 96/66/150 1195/634/2391
f 1196/634/2392 99/66/153 98/67/152
f 97/67/156 1195/634/2391 85/60/136
f 90/60/2396 1196/634/2392 98/67/159
f 85/60/2397 1195/634/2391 86/61/137
f 89/61/140 1196/634/2398 90/60/2399
f 1168/621/2345 1198/636/2400 1199/637/2401
f 1200/637/2402 1201/636/2403 1169/621/2324
f 1168/621/2404 1199/637/2405 1166/619/2321
f 1171/619/2406 1200/637/2402 1169/621/2407
f 1175/624/2408 1174/623/2409 1202/638/2410
f 1203/638/2411 1177/623/2412 1176/624/2413
f 1175/624/2408 1202/638/2410 1204/639/2414
f 1205/639/2415 1203/638/2411 1176/624/2416
f 1174/623/2417 1206/640/2418 1207/641/2419
f 1207/641/2419 1206/640/2418 1177/623/2412
f 1174/623/2417 1207/641/2419 1202/638/2420
f 1203/638/2421 1207/641/2419 1177/623/2412
f 1199/637/2422 1198/636/2423 1208/642/2424
f 1209/642/2425 1201/636/2426 1200/637/2427
f 1199/637/2428 1208/642/2429 1210/643/2430
f 1211/643/2431 1209/642/2432 1200/637/2427
f 1198/636/2400 1212/644/2433 1208/642/2434
f 1209/642/2432 1213/644/2435 1201/636/2403
f 1166/619/2331 1199/637/2422 1210/643/2436
f 1211/643/2437 1200/637/2402 1171/619/2336
f 1166/619/2331 1210/643/2438 1214/645/2439
f 1215/645/2440 1211/643/2441 1171/619/2336
f 1216/646/2442 1217/647/2443 1212/644/2444
f 1213/644/2445 1218/647/2446 1219/646/2447
f 1174/623/2409 1166/619/2331 1214/645/2439
f 1215/645/2440 1171/619/2336 1177/623/2335
f 1174/623/2332 1214/645/2439 1217/647/2448
f 1218/647/2449 1215/645/2440 1177/623/2335
f 1210/643/2430 1208/642/2429 1220/648/2450
f 1221/648/2451 1209/642/2425 1211/643/2452
f 1208/642/2434 1212/644/2453 1220/648/2454
f 1221/648/2455 1213/644/2456 1209/642/2425
f 1214/645/2457 1210/643/2430 1220/648/2458
f 1221/648/2459 1211/643/2452 1215/645/2460
f 1212/644/2433 1217/647/2461 1220/648/2450
f 1221/648/2451 1218/647/2462 1213/644/2435
f 1217/647/2461 1214/645/2457 1220/648/2463
f 1221/648/2464 1215/645/2460 1218/647/2462
f 1222/649/2465 1223/650/2466 1224/651/2467
f 1224/651/2468 1225/650/2469 1226/649/2470
f 1222/649/2471 1224/651/2472 1227/652/2473
f 1227/652/2473 1224/651/2472 1226/649/2470
f 1228/653/2474 1222/649/2471 1229/654/2475
f 1230/654/2476 1226/649/2477 1231/653/2478
f 1232/655/2479 1233/656/2480 1234/657/2481
f 1235/657/2482 1236/656/2483 1232/655/2479
f 1232/655/2484 1234/657/2481 1237/658/2485
f 1237/658/2486 1235/657/2482 1232/655/2479
f 1237/658/2487 1234/657/2481 1238/659/2488
f 1239/659/2489 1235/657/2482 1237/658/2487
f 1237/658/2487 1238/659/2490 1240/660/2491
f 1240/660/2491 1239/659/2492 1237/658/2487
f 1234/657/2493 1241/661/2494 1242/662/2495
f 1243/662/2496 1244/661/2497 1235/657/2498
f 1234/657/2499 1242/662/2500 1238/659/2488
f 1239/659/2492 1243/662/2496 1235/657/2501
f 1222/649/2471 1227/652/2473 307/174/2502
f 307/174/2503 1227/652/2473 1226/649/2477
f 1222/649/2471 307/174/2502 306/173/574
f 309/173/577 307/174/2503 1226/649/2477
f 1229/654/2475 1222/649/2471 306/173/574
f 309/173/577 1226/649/2504 1230/654/2476
f 1229/654/2475 306/173/578 312/177/582
f 313/177/587 309/173/581 1230/654/2505
f 19/14/24 665/363/1297 1245/663/2506
f 1246/663/2507 666/363/1294 19/14/24
f 19/14/24 1245/663/2506 18/13/23
f 18/13/2508 1246/663/2507 19/14/1298
f 1247/664/2509 1248/665/2510 1249/666/2511
f 1250/666/2512 1248/665/1436 1251/664/1439
f 669/365/1433 735/398/2513 1247/664/1434
f 1251/664/1435 736/398/2514 670/365/1303
f 669/365/1433 1247/664/2515 1249/666/2516
f 1250/666/2517 1251/664/1435 670/365/2518
f 745/403/1444 751/407/2519 746/404/1445
f 746/404/1445 752/407/2520 748/403/1448
f 1252/667/2521 1253/668/2522 1254/669/2523
f 1254/669/2523 1255/668/2524 1256/667/2525
f 1252/667/2521 1254/669/2523 1257/670/2526
f 1257/670/2527 1254/669/2523 1256/667/2528
f 1258/671/2529 1259/672/2530 1260/673/2531
f 1260/673/2532 1261/672/2533 1262/671/2534
f 1263/673/2529 1264/671/2535 1265/674/2536
f 1265/674/2536 1264/671/2535 1266/673/2537
f 1267/675/2538 1265/674/2536 1268/676/2539
f 1268/676/2539 1265/674/2536 1269/675/2540
f 1267/675/2538 1268/676/2541 1270/677/2542
f 1270/677/2542 1268/676/2543 1269/675/2544
f 1267/675/2545 1270/677/2546 1271/678/2547
f 1272/678/2548 1270/677/2546 1269/675/2540
f 1245/663/2506 135/85/224 20/15/25
f 20/15/2549 138/85/227 1246/663/2507
f 1245/663/2506 20/15/25 18/13/26
f 18/13/2508 20/15/25 1246/663/2507
f 125/80/2550 10/7/12 24/19/72
f 24/19/72 10/7/12 126/80/214
f 1/1/1 3/3/120 128/82/2551
f 4/3/2552 1/1/74 129/82/2553
f 1248/665/2554 47/36/230 141/88/2555
f 142/88/2556 47/36/234 1248/665/2554
f 1248/665/2554 141/88/241 1249/666/2511
f 1250/666/2557 142/88/2558 1248/665/2554
f 141/88/246 144/90/240 1273/679/2559
f 1274/679/2560 145/90/243 142/88/249
f 141/88/246 1273/679/2561 1249/666/2511
f 1250/666/2512 1274/679/2562 142/88/249
f 144/90/2563 135/85/224 1245/663/2564
f 1246/663/2565 138/85/227 145/90/243
f 144/90/2566 1245/663/2567 1273/679/2568
f 1274/679/2569 1246/663/2507 145/90/2570
f 3/3/120 79/57/119 127/81/2571
f 130/81/2572 80/57/64 4/3/2552
f 79/57/62 5/4/31 125/80/2573
f 126/80/2574 9/4/11 80/57/64
f 1249/666/2575 1275/680/2576 669/365/1433
f 670/365/2577 1276/680/2578 1250/666/2579
f 1275/680/2580 1249/666/2516 1273/679/2561
f 1274/679/2562 1250/666/2579 1276/680/2581
f 669/365/1433 1160/616/2304 664/362/2582
f 667/362/1305 1161/616/2307 670/365/2518
f 665/363/2305 1160/616/2583 1275/680/2584
f 1276/680/2578 1161/616/2585 666/363/2586
f 1160/616/2583 669/365/1302 1275/680/2587
f 1276/680/2578 670/365/2588 1161/616/2585
f 1245/663/2506 665/363/1293 1275/680/2576
f 1276/680/2589 666/363/2586 1246/663/2507
f 1245/663/2506 1275/680/2576 1273/679/2590
f 1274/679/2591 1276/680/2589 1246/663/2507
f 1277/681/2566 1278/682/2568 1279/683/2592
f 1280/683/2593 1281/682/2562 1282/681/2570
f 1277/681/2563 1279/683/2594 1283/684/2595
f 1284/684/2595 1280/683/2593 1282/681/2596
f 51/40/119 132/84/223 52/41/63
f 53/41/63 133/84/223 54/40/64
f 136/86/225 125/80/2550 24/19/72
f 24/19/72 126/80/2597 137/86/226
f 63/47/75 1/1/1 128/82/2551
f 129/82/2598 1/1/74 63/47/75
f 127/81/2599 143/89/2600 139/87/247
f 140/87/248 146/89/250 130/81/218
f 127/81/215 139/87/2601 128/82/2602
f 129/82/217 140/87/248 130/81/218
f 125/80/2603 143/89/239 127/81/215
f 130/81/218 146/89/2604 126/80/256
f 136/86/252 135/85/224 144/90/2566
f 145/90/2570 138/85/227 137/86/255
f 136/86/252 144/90/240 143/89/239
f 146/89/2604 145/90/243 137/86/255
f 131/83/215 1285/685/253 1286/686/2605
f 1287/686/2605 1288/685/254 134/83/218
f 131/83/2599 1286/686/2606 132/84/2607
f 133/84/2607 1287/686/2605 134/83/218
f 1277/681/2563 1283/684/2595 1286/686/2605
f 1287/686/2605 1284/684/2595 1282/681/243
f 1277/681/240 1286/686/2608 1285/685/239
f 1288/685/2604 1287/686/2608 1282/681/243
f 1289/687/2580 1290/688/2609 1278/682/2561
f 1281/682/2562 1291/688/2610 1292/687/2611
f 1290/688/2609 1279/683/2612 1278/682/2561
f 1281/682/2562 1280/683/2613 1291/688/2610
f 189/114/343 95/65/2614 160/98/273
f 161/98/276 100/65/2615 190/114/344
f 95/65/2616 189/114/2617 96/66/150
f 99/66/153 190/114/2618 100/65/2619
f 160/98/273 95/65/2616 101/68/2379
f 104/68/2380 100/65/2619 161/98/276
f 333/189/2620 1293/689/1414 277/158/2621
f 278/158/2622 1294/689/1417 336/189/2623
f 1293/689/1414 333/189/617 348/197/2624
f 349/197/2625 336/189/2623 1294/689/1422
f 277/158/618 1295/690/2626 271/155/500
f 276/155/509 1296/690/2627 278/158/507
f 1295/690/2628 1297/691/2629 271/155/2630
f 276/155/504 1298/691/262 1296/690/2631
f 1297/691/257 1295/690/2626 1293/689/2632
f 1294/689/1422 1296/690/2627 1298/691/426
f 1295/690/2633 277/158/506 1293/689/1414
f 1294/689/1412 278/158/507 1296/690/2631
f 1299/692/424 1293/689/2632 348/197/646
f 349/197/417 1294/689/1417 1300/692/459
f 1172/622/2634 1301/693/2635 1302/694/2636
f 1303/694/2637 1304/693/2638 1173/622/2639
f 1172/622/2634 1302/694/2640 1180/627/2641
f 1181/627/2642 1303/694/2643 1173/622/2639
f 1180/627/2644 1305/695/2645 1178/625/2339
f 1178/625/2646 1305/695/2645 1181/627/2342
f 1197/635/2394 1306/696/2647 185/111/2393
f 186/111/324 1307/696/2648 1197/635/2394
f 1302/694/2649 1308/697/2650 1180/627/2641
f 1181/627/2642 1309/697/2651 1303/694/2643
f 1308/697/2652 1310/698/2653 1305/695/2645
f 1305/695/2645 1310/698/2654 1309/697/2655
f 1308/697/2652 1305/695/2645 1180/627/2341
f 1181/627/2342 1305/695/2645 1309/697/2656
f 1179/626/2344 1311/699/2657 1168/621/2323
f 1169/621/2407 1312/699/2658 1182/626/2347
f 1311/699/2659 1198/636/2400 1168/621/2323
f 1169/621/2324 1201/636/2426 1312/699/2660
f 1178/625/2339 1313/700/2661 1311/699/2657
f 1312/699/2658 1313/700/2661 1178/625/2646
f 1178/625/2339 1311/699/2657 1179/626/2662
f 1182/626/2343 1312/699/2658 1178/625/2339
f 1313/700/2661 1314/701/2663 1198/636/2400
f 1201/636/2403 1314/701/2664 1313/700/2665
f 1313/700/2661 1198/636/2423 1311/699/2657
f 1312/699/2658 1201/636/2403 1313/700/2661
f 1198/636/2400 1315/702/2666 1212/644/2433
f 1213/644/2435 1316/702/2667 1201/636/2403
f 1315/702/2666 1216/646/2442 1212/644/2433
f 1213/644/2435 1219/646/2447 1316/702/2667
f 1216/646/2442 1315/702/2666 1317/703/2668
f 1317/703/2668 1316/702/2667 1219/646/2447
f 1216/646/2442 1317/703/2668 1318/704/2669
f 1318/704/2670 1317/703/2668 1219/646/2447
f 1315/702/2666 1198/636/2423 1314/701/2664
f 1314/701/2664 1201/636/2403 1316/702/2671
f 1315/702/2672 1314/701/2663 1317/703/2668
f 1317/703/2668 1314/701/2663 1316/702/2671
f 1216/646/2442 1319/705/2673 1217/647/2448
f 1218/647/2449 1320/705/2674 1219/646/2447
f 1319/705/2675 1174/623/2417 1217/647/2461
f 1218/647/2462 1177/623/2676 1320/705/2677
f 1318/704/2669 1321/706/2678 1319/705/2675
f 1320/705/2679 1321/706/2680 1318/704/2669
f 1318/704/2669 1319/705/2681 1216/646/2442
f 1219/646/2447 1320/705/2679 1318/704/2669
f 1321/706/2678 1206/640/2682 1174/623/2417
f 1177/623/2412 1206/640/2682 1321/706/2678
f 1321/706/2680 1174/623/2417 1319/705/2675
f 1320/705/2677 1177/623/2412 1321/706/2680
f 1322/707/2683 1195/634/2391 1193/633/2684
f 1194/633/2685 1196/634/2392 1323/707/2686
f 114/75/2687 1324/708/2688 1322/707/2689
f 1323/707/2686 1325/708/2690 115/75/2691
f 114/75/187 1322/707/2689 113/74/185
f 116/74/190 1323/707/2692 115/75/2693
f 1324/708/2688 86/61/137 1195/634/2694
f 1196/634/2398 89/61/140 1325/708/2690
f 1324/708/2688 1195/634/2694 1322/707/2695
f 1323/707/2696 1196/634/2398 1325/708/2690
f 1197/635/2697 1326/709/2698 1327/710/2699
f 1328/710/2700 1326/709/2698 1197/635/2701
f 1197/635/2394 1327/710/2699 1306/696/2702
f 1307/696/2703 1328/710/2704 1197/635/2394
f 1193/633/2387 1329/711/2705 1322/707/2689
f 1323/707/2686 1330/711/2706 1194/633/2388
f 1326/709/2707 1331/712/2708 1332/713/2709
f 1333/713/2710 1331/712/2708 1326/709/2711
f 1326/709/2698 1332/713/2709 1327/710/2712
f 1328/710/2700 1333/713/2710 1326/709/2698
f 1331/712/2713 1334/714/2714 1335/715/2715
f 1336/715/2716 1334/714/2717 1331/712/2708
f 1331/712/2708 1335/715/2715 1332/713/2709
f 1333/713/2718 1336/715/2716 1331/712/2708
f 1329/711/2719 1337/716/2720 1322/707/2721
f 1323/707/2696 1338/716/2722 1330/711/2723
f 1337/716/2720 113/74/185 1322/707/2683
f 1323/707/2692 116/74/190 1338/716/2722
f 109/72/2724 1339/717/2725 122/79/201
f 123/79/202 1340/717/2726 112/72/212
f 1301/693/2727 1339/717/2728 1341/718/2729
f 1342/718/2730 1340/717/2731 1304/693/2732
f 1301/693/2635 1341/718/2729 1302/694/2640
f 1303/694/2733 1342/718/2730 1304/693/2732
f 1339/717/2725 109/72/2724 113/74/2734
f 116/74/2735 112/72/212 1340/717/2726
f 1339/717/2725 113/74/2734 1341/718/2736
f 1342/718/2737 116/74/2735 1340/717/2726
f 1335/715/2738 1308/697/2739 1302/694/2649
f 1303/694/2643 1309/697/2651 1336/715/2740
f 1335/715/2738 1302/694/2640 1341/718/2729
f 1342/718/2741 1303/694/2733 1336/715/2740
f 1334/714/2717 1310/698/2742 1308/697/2652
f 1309/697/2656 1310/698/2742 1334/714/2714
f 1334/714/2717 1308/697/2743 1335/715/2715
f 1336/715/2716 1309/697/2656 1334/714/2717
f 1306/696/2647 1193/633/2387 185/111/2386
f 186/111/2389 1194/633/2388 1307/696/2648
f 1327/710/2699 1329/711/2744 1193/633/2387
f 1194/633/2388 1330/711/2745 1328/710/2700
f 1327/710/2746 1193/633/2387 1306/696/2747
f 1307/696/2648 1194/633/2388 1328/710/2748
f 1332/713/2749 1337/716/2750 1329/711/2719
f 1330/711/2723 1338/716/2751 1333/713/2752
f 1332/713/2749 1329/711/2744 1327/710/2699
f 1328/710/2753 1330/711/2745 1333/713/2752
f 1335/715/2738 1341/718/2729 1337/716/2754
f 1338/716/2755 1342/718/2730 1336/715/2740
f 1335/715/2738 1337/716/2754 1332/713/2756
f 1333/713/2752 1338/716/2755 1336/715/2740
f 1341/718/2729 113/74/2734 1337/716/2754
f 1338/716/2722 116/74/2735 1342/718/2730
f 121/78/205 122/79/201 1339/717/2728
f 1340/717/2731 123/79/202 124/78/204
f 121/78/205 1339/717/2728 1301/693/2727
f 1304/693/2732 1340/717/2731 124/78/204
f 1223/650/2466 1343/719/2757 1344/720/2758
f 1344/720/2758 1345/719/2759 1225/650/2469
f 1223/650/2466 1344/720/2758 1224/651/2472
f 1224/651/2472 1344/720/2758 1225/650/2469
f 1346/721/2760 1233/656/2480 1232/655/2479
f 1232/655/2479 1236/656/2483 1347/721/2761
f 1346/721/2762 1232/655/2763 1348/722/2764
f 1348/722/2764 1232/655/2763 1347/721/2765
f 1241/661/2766 1349/723/2767 1350/724/2768
f 1351/724/2769 1352/723/2770 1244/661/2771
f 1241/661/2772 1350/724/2773 1242/662/2774
f 1243/662/2775 1351/724/2769 1244/661/2771
f 1353/725/2776 1254/669/2523 1253/668/2777
f 1255/668/2524 1254/669/2523 1353/725/2776
f 1353/725/2778 1253/668/2777 1354/726/2779
f 1355/726/2780 1255/668/2781 1353/725/2782
f 1242/662/2500 1350/724/2773 1356/727/2783
f 1357/727/2784 1351/724/2785 1243/662/2496
f 1242/662/2774 1356/727/2786 1358/728/2522
f 1359/728/2524 1357/727/2780 1243/662/2787
f 1190/632/2788 1189/631/2359 1360/729/2789
f 1361/729/2790 1192/631/2364 1191/632/2791
f 1190/632/2369 1360/729/2789 1362/730/2792
f 1363/730/2793 1361/729/2794 1191/632/2372
f 1184/629/2370 1190/632/2369 1362/730/2795
f 1363/730/2796 1191/632/2372 1185/629/2371
f 1184/629/2370 1362/730/2792 1187/630/2353
f 1188/630/2358 1363/730/2793 1185/629/2371
f 1238/659/2797 1364/731/2521 1365/732/2527
f 1365/732/2527 1366/731/2528 1239/659/2798
f 1238/659/2799 1365/732/2526 1240/660/2800
f 1240/660/2800 1365/732/2801 1239/659/2492
f 1242/662/2500 1358/728/2802 1364/731/2803
f 1366/731/2804 1359/728/2781 1243/662/2775
f 1242/662/2500 1364/731/2521 1238/659/2805
f 1239/659/2798 1366/731/2525 1243/662/2806
f 1367/733/2807 1368/734/2808 1369/735/2529
f 1370/735/2537 1371/734/2809 1372/733/2810
f 1367/733/2807 1369/735/2811 1373/736/2812
f 1374/736/2813 1370/735/2534 1372/733/2810
f 1375/737/2814 1376/738/2815 1368/734/2808
f 1371/734/2809 1376/738/2815 1375/737/2814
f 1375/737/2814 1368/734/2808 1367/733/2807
f 1372/733/2810 1371/734/2809 1375/737/2814
f 1267/675/2538 1377/739/2816 1265/674/2536
f 1265/674/2536 1378/739/2817 1269/675/2540
f 1379/740/2818 1360/729/2819 1189/631/2359
f 1192/631/2820 1361/729/2821 1380/740/2822
f 1379/740/2823 1189/631/2359 1381/741/2824
f 1382/741/2825 1192/631/2820 1380/740/2826
f 1383/742/2816 1384/743/2538 1385/744/2827
f 1386/744/2828 1387/743/2540 1388/742/2817
f 1383/742/2829 1385/744/2830 1389/745/2831
f 1390/745/2832 1386/744/2833 1388/742/2834
f 1228/653/2835 1391/746/2836 1222/649/2837
f 1226/649/2504 1392/746/2838 1231/653/2839
f 1391/746/2836 1223/650/2840 1222/649/2841
f 1226/649/2842 1225/650/2843 1392/746/2838
f 1233/656/2844 1241/661/2494 1234/657/2481
f 1235/657/2482 1244/661/2497 1236/656/2845
f 1393/747/2846 1394/748/2847 1391/746/2848
f 1392/746/2849 1395/748/2850 1396/747/2851
f 1393/747/2846 1391/746/2836 1228/653/2835
f 1231/653/2852 1392/746/2838 1396/747/2851
f 1394/748/2853 1343/719/2854 1223/650/2466
f 1225/650/2469 1345/719/2855 1395/748/2856
f 1394/748/2847 1223/650/2840 1391/746/2836
f 1392/746/2838 1225/650/2843 1395/748/2850
f 1241/661/2766 1233/656/2480 1397/749/2857
f 1398/749/2858 1236/656/2483 1244/661/2859
f 1241/661/2766 1397/749/2860 1349/723/2861
f 1352/723/2770 1398/749/2862 1244/661/2863
f 1233/656/2480 1346/721/2760 1397/749/2857
f 1398/749/2858 1347/721/2864 1236/656/2483
f 1343/719/2757 1399/750/2865 1400/751/2866
f 1400/751/2866 1401/750/2867 1345/719/2759
f 1343/719/2757 1400/751/2868 1344/720/2758
f 1344/720/2758 1400/751/2868 1345/719/2759
f 1399/750/2865 1346/721/2762 1348/722/2869
f 1348/722/2870 1347/721/2871 1401/750/2867
f 1399/750/2865 1348/722/2764 1400/751/2868
f 1400/751/2872 1348/722/2764 1401/750/2873
f 1271/678/2547 1402/752/2874 1403/753/2875
f 1404/753/2876 1402/752/2877 1272/678/2548
f 1271/678/2547 1403/753/2878 1267/675/2538
f 1269/675/2540 1404/753/2879 1272/678/2880
f 1402/752/2881 1353/725/2882 1354/726/2783
f 1355/726/2780 1353/725/2776 1402/752/2883
f 1402/752/2874 1354/726/2779 1403/753/2875
f 1404/753/2876 1355/726/2784 1402/752/2877
f 1384/743/2884 1405/754/2885 1406/755/2886
f 1407/755/2887 1408/754/2888 1387/743/2889
f 1384/743/2538 1406/755/2890 1385/744/2891
f 1386/744/2833 1407/755/2887 1387/743/2540
f 1405/754/2875 1356/727/2783 1350/724/2892
f 1351/724/2785 1357/727/2784 1408/754/2876
f 1405/754/2885 1350/724/2892 1406/755/2893
f 1407/755/2887 1351/724/2785 1408/754/2888
f 1397/749/2860 1409/756/2894 1410/757/2895
f 1411/757/2896 1412/756/2897 1398/749/2898
f 1397/749/2860 1410/757/2895 1349/723/2767
f 1352/723/2770 1411/757/2899 1398/749/2898
f 1409/756/2894 1394/748/2853 1393/747/2900
f 1396/747/2901 1395/748/2856 1412/756/2897
f 1409/756/2894 1393/747/2900 1410/757/2895
f 1411/757/2899 1396/747/2901 1412/756/2897
f 1346/721/2902 1399/750/2903 1409/756/2904
f 1412/756/2905 1401/750/2906 1347/721/2871
f 1346/721/2902 1409/756/2894 1397/749/2857
f 1398/749/2858 1412/756/2897 1347/721/2907
f 1399/750/2903 1343/719/2854 1394/748/2853
f 1395/748/2856 1345/719/2855 1401/750/2906
f 1399/750/2903 1394/748/2853 1409/756/2904
f 1412/756/2905 1395/748/2856 1401/750/2906
f 1385/744/2827 1406/755/2908 1410/757/2895
f 1411/757/2899 1407/755/2909 1386/744/2910
f 1385/744/2911 1410/757/2895 1393/747/2912
f 1396/747/2913 1411/757/2899 1386/744/2833
f 1406/755/2914 1350/724/2915 1349/723/2767
f 1352/723/2770 1351/724/2769 1407/755/2909
f 1406/755/2916 1349/723/2767 1410/757/2895
f 1411/757/2899 1352/723/2770 1407/755/2917
f 1172/622/2634 1413/758/2918 1301/693/2635
f 1304/693/2638 1414/758/2919 1173/622/2639
f 1413/758/2920 121/78/2921 1301/693/2727
f 1304/693/2922 124/78/2923 1414/758/2924
f 1189/631/2359 1415/759/2925 1381/741/2824
f 1382/741/2825 1416/759/2926 1192/631/2820
f 1415/759/2927 1167/620/2928 1381/741/2824
f 1382/741/2825 1170/620/2929 1416/759/2926
f 121/78/199 1413/758/2920 1415/759/2930
f 1416/759/2931 1414/758/2932 124/78/2933
f 121/78/205 1415/759/2925 1189/631/2359
f 1192/631/2364 1416/759/2926 124/78/204
f 1413/758/2934 1172/622/2328 1167/620/2928
f 1170/620/2330 1173/622/2329 1414/758/2919
f 1413/758/2918 1167/620/2327 1415/759/2925
f 1416/759/2926 1170/620/2330 1414/758/2919
f 1417/760/143 1418/761/138 1419/762/2935
f 1420/762/2936 1421/761/2937 1422/760/171
f 1423/763/178 1417/760/143 1419/762/2938
f 1420/762/2939 1422/760/171 1424/763/170
f 1425/764/186 1423/763/2940 1419/762/2938
f 1420/762/2939 1424/763/2941 1426/764/189
f 1427/765/2688 1428/766/187 1419/762/2942
f 1420/762/2943 1429/766/2693 1430/765/2690
f 1431/767/2944 1427/765/2688 1419/762/2942
f 1420/762/2943 1430/765/2690 1432/767/2945
f 1418/761/138 1431/767/2946 1419/762/2942
f 1420/762/2943 1432/767/2945 1421/761/2937
f 1428/766/2947 1425/764/186 1419/762/2942
f 1420/762/2943 1426/764/189 1429/766/2948
f 221/130/2949 302/171/569 298/169/566
f 299/169/567 303/171/570 222/130/2950
f 217/128/396 221/130/398 298/169/566
f 299/169/567 222/130/407 218/128/395
f 279/159/511 1433/768/2951 329/187/605
f 330/187/611 1434/768/2952 282/159/289
f 1433/768/2953 327/186/2954 329/187/605
f 330/187/611 328/186/2955 1434/768/2956
f 319/181/596 1435/769/2957 314/178/594
f 315/178/599 1436/769/2952 320/181/597
f 1435/769/2957 163/99/511 169/102/287
f 170/102/288 168/99/1380 1436/769/2956
f 1435/769/2953 1437/770/2958 710/385/2959
f 711/385/2960 1438/770/2961 1436/769/2956
f 163/99/511 1435/769/2951 710/385/1375
f 711/385/1378 1436/769/2962 168/99/289
f 1435/769/2953 319/181/596 1437/770/2963
f 1438/770/2964 320/181/597 1436/769/2952
f 1229/654/2475 1439/771/2965 1440/772/2966
f 1441/772/2967 1442/771/2968 1230/654/2505
f 1229/654/2969 1440/772/2970 1228/653/2835
f 1231/653/2839 1441/772/2971 1230/654/2972
f 1439/771/2973 1443/773/2974 1444/774/2975
f 1445/774/2976 1446/773/2977 1442/771/2978
f 1439/771/2979 1444/774/2980 1440/772/2981
f 1441/772/2982 1445/774/2983 1442/771/2978
f 312/177/582 1447/775/2984 1439/771/2985
f 1442/771/2986 1448/775/2987 313/177/583
f 312/177/582 1439/771/2985 1229/654/2475
f 1230/654/2505 1442/771/2968 313/177/583
f 1447/775/2988 172/104/2989 1443/773/2990
f 1446/773/2991 173/104/2992 1448/775/2987
f 1447/775/2984 1443/773/2990 1439/771/2973
f 1442/771/2978 1446/773/2991 1448/775/2987
f 314/178/2993 1449/776/2994 1447/775/2995
f 1448/775/2996 1450/776/2997 315/178/2998
f 314/178/2999 1447/775/2984 312/177/582
f 313/177/583 1448/775/2987 315/178/3000
f 1449/776/2994 169/102/287 172/104/2989
f 173/104/2992 170/102/288 1450/776/2997
f 1449/776/2994 172/104/2989 1447/775/2988
f 1448/775/3001 173/104/2992 1450/776/2997
f 169/102/287 1449/776/2994 1435/769/2957
f 1436/769/2956 1450/776/3002 170/102/288
f 1449/776/3003 314/178/594 1435/769/2951
f 1436/769/2952 315/178/599 1450/776/3002
f 1385/744/3004 1440/772/3005 1444/774/2980
f 1445/774/2983 1441/772/3006 1386/744/2910
f 1228/653/2835 1440/772/2966 1385/744/2827
f 1386/744/3007 1441/772/2967 1231/653/2839
f 1228/653/2474 1385/744/2827 1393/747/2912
f 1396/747/2913 1386/744/3007 1231/653/2839
f 148/92/258 101/68/2379 155/95/2378
f 158/95/2381 104/68/2380 151/92/261
f 148/92/274 160/98/273 101/68/3008
f 104/68/3009 161/98/276 151/92/275
f 1175/624/3010 1451/777/3011 1167/620/3012
f 1170/620/3013 1452/777/3014 1176/624/2416
f 1451/777/3011 1381/741/2824 1167/620/2928
f 1170/620/2929 1382/741/2825 1452/777/3014
f 1377/739/3015 1453/778/3016 1265/674/2536
f 1265/674/2536 1454/778/3017 1378/739/3018
f 1453/778/3016 1263/673/2529 1265/674/2536
f 1265/674/2536 1266/673/2537 1454/778/3017
f 1204/639/3019 1455/779/3020 1451/777/3021
f 1452/777/3022 1456/779/3023 1205/639/3024
f 1204/639/3025 1451/777/3026 1175/624/3010
f 1176/624/2416 1452/777/3027 1205/639/3024
f 1455/779/3020 1379/740/2823 1381/741/2824
f 1382/741/2825 1380/740/2826 1456/779/3028
f 1455/779/3029 1381/741/2824 1451/777/3026
f 1452/777/3030 1382/741/2825 1456/779/3028
f 1369/735/2529 1457/780/3016 1458/781/3031
f 1459/781/3032 1460/780/3017 1370/735/2537
f 1369/735/2811 1458/781/3031 1373/736/2812
f 1374/736/2813 1459/781/3032 1370/735/2534
f 1457/780/3033 1383/742/3015 1389/745/3034
f 1390/745/3035 1388/742/3018 1460/780/3036
f 1457/780/3016 1389/745/3034 1458/781/3037
f 1459/781/3032 1390/745/3038 1460/780/3017
f 1187/630/3039 1443/773/2990 172/104/2989
f 173/104/2992 1446/773/2991 1188/630/3040
f 1444/774/2980 1362/730/2792 1360/729/3041
f 1361/729/3042 1363/730/2793 1445/774/3043
f 1444/774/2980 1360/729/3044 1385/744/3004
f 1386/744/2910 1361/729/3045 1445/774/3046
f 1443/773/3047 1187/630/3039 1362/730/3048
f 1363/730/3049 1188/630/3040 1446/773/3050
f 1443/773/2974 1362/730/3048 1444/774/2975
f 1445/774/2976 1363/730/3049 1446/773/2977
f 1367/733/2807 1461/782/3051 1462/783/3052
f 1462/783/3052 1463/782/3053 1372/733/2810
f 1367/733/2807 1462/783/3052 1375/737/2814
f 1375/737/2814 1462/783/3054 1372/733/2810
f 1461/782/3055 1202/638/2420 1207/641/2419
f 1207/641/2419 1203/638/2421 1463/782/3053
f 1461/782/3051 1207/641/2419 1462/783/3052
f 1462/783/3052 1207/641/2419 1463/782/3056
f 1202/638/2410 1461/782/3055 1464/784/3057
f 1465/784/3058 1463/782/3053 1203/638/2411
f 1202/638/2410 1464/784/3057 1204/639/3059
f 1205/639/3060 1465/784/3058 1203/638/2411
f 1461/782/3051 1367/733/3061 1373/736/3062
f 1374/736/3063 1372/733/2810 1463/782/3056
f 1461/782/3051 1373/736/3062 1464/784/3064
f 1465/784/3065 1374/736/3063 1463/782/3056
f 1385/744/2827 1466/785/3066 1389/745/3067
f 1390/745/3068 1467/785/3069 1386/744/3007
f 1385/744/3004 1360/729/3070 1379/740/2823
f 1380/740/3071 1361/729/3072 1386/744/3007
f 1385/744/3004 1379/740/3073 1466/785/3066
f 1467/785/3074 1380/740/3075 1386/744/2910
f 1458/781/3037 1468/786/3076 1464/784/3064
f 1465/784/3065 1469/786/3077 1459/781/3078
f 1458/781/3037 1464/784/3064 1373/736/3062
f 1374/736/3063 1465/784/3065 1459/781/3079
f 1468/786/3080 1455/779/3020 1204/639/3059
f 1205/639/3060 1456/779/3023 1469/786/3081
f 1468/786/3080 1204/639/3059 1464/784/3057
f 1465/784/3065 1205/639/3060 1469/786/3081
f 1389/745/3067 1466/785/3066 1468/786/3082
f 1469/786/3083 1467/785/3069 1390/745/3068
f 1389/745/3067 1468/786/3082 1458/781/3037
f 1459/781/3078 1469/786/3084 1390/745/3068
f 1466/785/3066 1379/740/3073 1455/779/3020
f 1456/779/3023 1380/740/3075 1467/785/3069
f 1466/785/3085 1455/779/3020 1468/786/3080
f 1469/786/3081 1456/779/3023 1467/785/3086
f 19/14/1298 17/12/22 663/361/1291
f 48/37/22 47/36/3087 1248/665/1436
f 1470/787/3088 1471/788/3089 1472/789/3090
f 1473/789/3091 1474/788/3092 1475/787/3093
f 1470/787/3094 1472/789/3095 1476/790/3096
f 1477/790/3097 1473/789/3098 1475/787/3093
f 1478/791/3099 1479/792/3100 1476/790/3101
f 1477/790/3102 1480/792/3103 1481/791/3104
f 1478/791/3105 1476/790/3101 1472/789/3106
f 1473/789/3107 1477/790/3108 1481/791/3109
f 1482/793/3110 1483/794/3111 1479/792/3112
f 1480/792/3113 1484/794/3114 1485/793/3115
f 1482/793/3116 1479/792/3112 1478/791/3105
f 1481/791/3109 1480/792/3117 1485/793/3118
f 1486/793/3119 1487/792/3120 1488/791/3121
f 1489/791/3122 1490/792/3123 1491/793/3124
f 1486/793/3125 1492/794/3126 1487/792/3127
f 1490/792/3123 1493/794/3128 1491/793/3129
f 1488/791/3130 1494/790/3131 1495/789/3132
f 1496/789/3133 1497/790/3134 1489/791/3135
f 1488/791/3121 1487/792/3136 1494/790/3137
f 1497/790/3138 1490/792/3139 1489/791/3122
f 1498/787/3140 1495/789/3132 1494/790/3137
f 1497/790/3138 1496/789/3133 1499/787/3141
f 1498/787/3140 1500/788/3142 1495/789/3143
f 1496/789/3144 1501/788/3145 1499/787/3141
f 1502/795/3146 1503/796/3147 1504/797/3148
f 1505/797/3149 1506/796/3150 1507/795/3151
f 1508/798/3152 1509/799/3153 1510/800/3154
f 1510/800/3155 1509/799/3156 1511/798/3157
f 1508/798/3152 1512/801/3158 1509/799/3153
f 1509/799/3156 1513/801/3159 1511/798/3157
f 1512/801/3160 1504/797/3161 1503/796/3162
f 1506/796/3163 1505/797/3164 1513/801/3165
f 1512/801/3166 1508/798/3167 1504/797/3161
f 1505/797/3168 1511/798/3169 1513/801/3165
f 1514/802/3170 1515/803/3171 1516/804/3172
f 1517/804/3173 1518/803/3174 1519/802/3175
f 1516/804/3172 1520/805/3176 1521/806/3177
f 1522/806/3178 1523/805/3179 1517/804/3173
f 1516/804/3180 1515/803/3181 1520/805/3176
f 1523/805/3179 1518/803/3174 1517/804/3182
f 1521/806/3177 1524/807/3183 1525/808/3184
f 1525/808/3185 1524/807/3183 1522/806/3178
f 1521/806/3177 1520/805/3186 1524/807/3183
f 1524/807/3183 1523/805/3179 1522/806/3178
